product_id,product_category_name,product_name_length,product_description_length,product_photos_qty,product_weight_g,product_length_cm,product_height_cm,product_width_cm,product_base_price
prd_00001,computers_accessories,57,251,6,13326,97,29,12,1091.08
prd_00002,fashion_shoes,26,611,5,14172,91,54,40,185.6
prd_00003,telephony,22,297,2,7109,15,66,36,591.36
prd_00004,books_stationery,26,613,7,14705,82,51,24,30.64
prd_00005,electronics,57,308,1,3285,36,26,73,277.8
prd_00006,fashion_shoes,32,325,6,917,65,56,55,62.26
prd_00007,fashion_clothing,33,737,3,2687,47,32,78,64.86
prd_00008,automotive,45,115,2,9444,25,20,22,40.56
prd_00009,health_perfumery,42,369,4,13428,36,6,61,51.38
prd_00010,electronics,60,607,8,3926,99,10,53,389.6
prd_00011,fashion_clothing,49,306,6,642,93,11,13,72.84
prd_00012,toys,23,898,2,497,13,65,48,120.26
prd_00013,home_appliances,49,448,3,6388,58,43,29,320.24
prd_00014,electronics,51,178,8,4079,59,58,20,617.88
prd_00015,health_perfumery,39,990,4,6378,54,26,12,74.92
prd_00016,fashion_shoes,25,561,6,9208,27,12,60,163.98
prd_00017,books_stationery,32,510,8,8768,69,72,63,41.65
prd_00018,garden_tools,39,778,5,5189,25,29,34,121.88
prd_00019,sports_leisure,50,437,6,7792,62,12,70,68.27
prd_00020,beauty_cosmetics,50,475,3,2923,89,27,36,91.5
prd_00021,automotive,53,580,1,10159,66,45,77,386.04
prd_00022,fashion_shoes,23,904,3,9984,19,34,31,162.22
prd_00023,toys,48,501,8,11602,51,52,77,81.0
prd_00024,fashion_clothing,29,173,4,7416,31,14,79,26.95
prd_00025,automotive,51,976,7,2207,21,60,53,185.79
prd_00026,housewares,48,467,8,8457,81,31,38,82.26
prd_00027,toys,20,782,6,1878,77,27,20,99.4
prd_00028,home_appliances,52,845,3,8407,18,45,38,556.79
prd_00029,fashion_clothing,25,748,7,5273,38,37,62,117.05
prd_00030,home_appliances,41,243,1,5644,42,6,32,149.18
prd_00031,office_furniture,60,617,2,9609,45,63,46,229.57
prd_00032,health_perfumery,57,489,8,6588,22,61,29,113.57
prd_00033,electronics,59,872,5,4319,54,39,36,675.13
prd_00034,telephony,35,308,6,7576,71,22,42,816.93
prd_00035,telephony,57,125,3,4834,44,21,39,555.75
prd_00036,beauty_cosmetics,50,350,7,8384,55,24,63,53.81
prd_00037,books_stationery,59,920,8,10098,47,22,75,36.47
prd_00038,electronics,42,726,8,13438,14,33,34,270.61
prd_00039,sports_leisure,31,593,6,10855,87,70,42,168.38
prd_00040,fashion_clothing,22,262,3,4394,88,53,29,26.39
prd_00041,fashion_clothing,38,674,6,4295,65,79,59,72.18
prd_00042,electronics,49,833,3,-9346,38,10,33,793.19
prd_00043,housewares,40,407,7,7658,73,29,16,11.47
prd_00044,sports_leisure,25,704,1,10015,79,20,64,183.96
prd_00045,fashion_clothing,37,331,1,3237,40,67,72,27.76
prd_00046,electronics,29,161,1,3756,23,70,18,84.27
prd_00047,toys,50,845,6,8879,91,74,38,17.26
prd_00048,garden_tools,32,454,4,7661,13,27,61,148.56
prd_00049,automotive,26,903,4,7641,69,45,16,306.92
prd_00050,books_stationery,37,659,7,10890,73,65,26,30.11
prd_00051,fashion_clothing,27,748,5,3724,64,32,63,85.4
prd_00052,electronics,30,997,5,2532,42,8,78,177.46
prd_00053,electronics,42,334,4,5360,22,48,39,473.62
prd_00054,sports_leisure,27,350,5,14312,47,66,49,100.28
prd_00055,electronics,55,382,3,7950,44,17,21,537.73
prd_00056,sports_leisure,31,390,8,13561,70,36,79,242.5
prd_00057,fashion_shoes,48,213,8,2719,13,11,11,84.66
prd_00058,housewares,60,898,6,4928,71,20,78,146.89
prd_00059,books_stationery,28,799,6,3212,49,80,16,33.1
prd_00060,electronics,23,493,6,8170,97,30,69,365.9
prd_00061,telephony,42,469,4,10439,42,44,43,387.24
prd_00062,fashion_shoes,53,724,5,3349,90,21,27,45.31
prd_00063,electronics,60,349,6,8913,72,57,57,168.16
prd_00064,fashion_clothing,55,240,2,8907,49,63,13,44.2
prd_00065,sports_leisure,60,940,2,7005,26,27,71,152.2
prd_00066,fashion_clothing,50,596,2,1319,93,17,33,22.19
prd_00067,electronics,38,489,3,12935,56,63,23,94.24
prd_00068,beauty_cosmetics,48,793,7,11093,19,15,80,19.79
prd_00069,health_perfumery,40,119,2,12265,26,5,78,26.01
prd_00070,electronics,58,223,6,6800,96,42,36,524.48
prd_00071,fashion_shoes,23,566,8,5813,16,70,71,198.19
prd_00072,fashion_shoes,20,871,2,13545,50,43,53,143.72
prd_00073,fashion_shoes,38,781,5,7336,92,47,36,160.21
prd_00074,health_perfumery,45,471,5,8607,29,62,66,55.34
prd_00075,fashion_clothing,49,712,4,1732,75,33,14,115.16
prd_00076,fashion_clothing,53,443,5,3108,98,66,43,25.35
prd_00077,telephony,47,940,4,2513,98,51,55,967.04
prd_00078,fashion_clothing,21,468,3,8875,29,41,37,48.68
prd_00079,beauty_cosmetics,35,949,8,11830,60,65,41,90.46
prd_00080,beauty_cosmetics,26,172,6,8665,59,23,20,27.35
prd_00081,fashion_clothing,36,370,5,1635,53,31,48,115.88
prd_00082,fashion_shoes,20,431,3,4062,35,68,34,147.71
prd_00083,computers_accessories,35,440,1,4008,48,76,18,552.19
prd_00084,sports_leisure,32,989,3,10873,81,28,62,101.73
prd_00085,garden_tools,49,289,1,929,68,6,60,45.21
prd_00086,sports_leisure,25,786,1,9123,22,54,25,15.43
prd_00087,toys,29,690,6,9192,37,65,11,102.86
prd_00088,computers_accessories,25,383,7,10605,22,50,33,279.99
prd_00089,fashion_clothing,58,709,5,3053,63,57,30,53.74
prd_00090,automotive,28,750,4,1166,39,23,80,26.73
prd_00091,health_perfumery,41,864,2,4559,12,80,75,77.59
prd_00092,garden_tools,35,918,5,1573,59,38,18,74.67
prd_00093,telephony,27,833,7,12558,58,30,42,357.79
prd_00094,home_appliances,38,377,6,6774,73,60,41,608.42
prd_00095,computers_accessories,26,851,3,9272,50,61,43,174.96
prd_00096,fashion_clothing,43,686,1,8180,18,31,22,56.95
prd_00097,sports_leisure,44,355,7,8048,59,22,42,209.5
prd_00098,office_furniture,46,797,5,7636,31,22,32,278.22
prd_00099,home_appliances,52,452,1,6409,76,32,10,579.5
prd_00100,fashion_clothing,24,184,2,10718,14,79,16,61.37
prd_00101,computers_accessories,36,624,4,4887,34,79,30,376.04
prd_00102,health_perfumery,53,560,8,12070,93,17,10,15.12
prd_00103,electronics,59,820,7,8869,90,52,57,246.6
prd_00104,sports_leisure,37,542,2,4154,35,73,72,249.69
prd_00105,sports_leisure,53,416,3,603,37,16,57,177.11
prd_00106,fashion_clothing,55,337,2,14397,43,24,38,21.87
prd_00107,health_perfumery,22,873,2,9869,32,40,70,48.04
prd_00108,fashion_clothing,53,448,5,11586,93,62,33,70.28
prd_00109,toys,21,990,8,8657,87,44,19,75.5
prd_00110,fashion_shoes,20,847,7,9841,70,15,39,53.69
prd_00111,sports_leisure,31,885,7,7724,98,77,25,124.1
prd_00112,fashion_shoes,30,736,8,9904,79,74,29,174.61
prd_00113,beauty_cosmetics,49,560,7,7168,94,11,77,17.18
prd_00114,office_furniture,45,522,3,5665,96,44,74,263.32
prd_00115,home_appliances,41,818,3,13038,18,70,22,577.78
prd_00116,fashion_clothing,57,404,2,4870,37,34,50,78.21
prd_00117,electronics,51,562,6,661,77,31,70,585.41
prd_00118,fashion_clothing,52,329,4,9567,89,34,59,114.25
prd_00119,electronics,34,276,7,9798,34,33,55,547.78
prd_00120,electronics,33,312,8,9408,20,65,55,95.91
prd_00121,computers_accessories,20,765,3,9574,97,79,39,806.78
prd_00122,fashion_shoes,50,620,2,13038,18,28,73,173.13
prd_00123,sports_leisure,23,680,6,11658,54,80,32,200.82
prd_00124,home_appliances,32,230,7,3147,73,6,32,919.62
prd_00125,electronics,49,952,1,808,41,14,62,292.38
prd_00126,housewares,55,572,8,8672,86,11,70,27.03
prd_00127,electronics,47,771,7,8944,50,74,78,733.11
prd_00128,electronics,22,420,6,12776,42,51,55,709.97
prd_00129,fashion_clothing,52,805,5,7527,65,45,73,17.84
prd_00130,home_appliances,57,749,4,11121,85,79,67,460.69
prd_00131,office_furniture,53,986,8,8151,31,70,68,241.25
prd_00132,telephony,25,851,5,4148,95,7,73,351.18
prd_00133,electronics,49,952,2,8032,62,38,71,375.06
prd_00134,beauty_cosmetics,33,472,5,1601,50,13,39,47.24
prd_00135,beauty_cosmetics,41,247,8,6740,95,26,55,54.04
prd_00136,health_perfumery,50,383,8,13798,76,68,75,34.63
prd_00137,computers_accessories,39,943,8,4412,35,50,39,1249.13
prd_00138,electronics,27,784,2,7996,97,16,51,606.72
prd_00139,computers_accessories,36,827,8,5850,98,34,22,662.45
prd_00140,electronics,25,589,1,3079,92,42,34,261.85
prd_00141,electronics,21,534,7,8505,20,51,19,214.1
prd_00142,housewares,48,727,2,13403,78,14,25,50.24
prd_00143,fashion_shoes,51,976,6,656,32,80,27,164.15
prd_00144,housewares,34,745,6,2148,46,51,17,67.58
prd_00145,computers_accessories,37,339,4,8495,18,21,63,719.4
prd_00146,office_furniture,40,845,8,5420,22,76,20,282.79
prd_00147,beauty_cosmetics,50,928,3,13849,25,79,40,25.06
prd_00148,home_appliances,21,536,5,6186,81,14,14,522.99
prd_00149,electronics,34,959,4,6138,98,78,11,461.09
prd_00150,computers_accessories,20,214,5,7835,77,59,41,352.73
prd_00151,computers_accessories,37,810,5,1646,71,66,37,204.76
prd_00152,toys,51,205,6,4557,12,70,10,147.59
prd_00153,computers_accessories,37,400,2,6223,16,37,66,194.28
prd_00154,electronics,46,954,7,275,82,21,11,570.59
prd_00155,books_stationery,28,127,1,2559,66,64,59,31.51
prd_00156,housewares,23,289,8,4113,59,59,79,122.22
prd_00157,toys,53,605,7,6452,45,42,19,101.37
prd_00158,electronics,53,359,5,12657,65,17,37,742.97
prd_00159,toys,54,869,7,13229,63,53,79,46.69
prd_00160,books_stationery,38,567,8,1414,32,20,42,40.42
prd_00161,fashion_clothing,23,339,3,4709,69,43,68,83.93
prd_00162,telephony,51,763,7,11847,96,40,76,473.61
prd_00163,health_perfumery,50,518,4,11183,82,53,45,95.85
prd_00164,fashion_clothing,24,282,5,13204,48,15,49,112.98
prd_00165,fashion_shoes,57,311,1,5687,41,49,78,94.13
prd_00166,sports_leisure,33,962,8,12062,45,12,45,118.02
prd_00167,housewares,45,143,5,5201,33,5,66,90.14
prd_00168,home_appliances,50,375,6,3385,61,23,59,578.74
prd_00169,health_perfumery,27,616,3,11346,35,54,41,53.3
prd_00170,sports_leisure,43,437,3,2301,54,72,16,271.79
prd_00171,fashion_shoes,30,923,6,4220,35,33,70,42.59
prd_00172,fashion_clothing,59,997,8,665,61,7,59,84.18
prd_00173,sports_leisure,49,333,5,2319,51,73,28,295.12
prd_00174,health_perfumery,24,983,6,13028,88,52,54,19.88
prd_00175,electronics,20,636,2,14025,23,74,26,125.16
prd_00176,toys,44,446,5,10516,13,47,45,138.85
prd_00177,electronics,40,591,6,5845,69,46,65,372.17
prd_00178,housewares,41,892,4,5274,15,14,78,48.32
prd_00179,toys,33,569,8,7957,36,66,59,128.35
prd_00180,fashion_clothing,58,398,1,3432,55,25,69,100.15
prd_00181,home_appliances,54,320,7,8074,93,8,12,893.46
prd_00182,computers_accessories,43,354,8,6126,47,30,47,1322.02
prd_00183,health_perfumery,54,354,4,10281,82,51,79,61.9
prd_00184,sports_leisure,45,701,8,2855,60,16,44,273.2
prd_00185,books_stationery,48,143,8,12764,47,53,41,12.99
prd_00186,sports_leisure,26,618,3,1223,57,8,61,73.83
prd_00187,electronics,36,906,3,1027,78,80,26,635.23
prd_00188,fashion_shoes,49,293,8,9083,93,15,23,113.9
prd_00189,electronics,54,775,4,12579,99,28,38,796.14
prd_00190,housewares,45,907,2,207,76,12,44,122.84
prd_00191,home_appliances,33,926,7,891,52,12,54,922.38
prd_00192,fashion_clothing,24,951,6,11828,72,40,30,34.06
prd_00193,sports_leisure,30,164,7,9572,85,47,68,258.85
prd_00194,electronics,27,324,6,2856,22,18,78,433.93
prd_00195,telephony,33,148,2,2461,93,31,62,541.86
prd_00196,toys,58,412,3,2460,54,70,38,69.09
prd_00197,fashion_shoes,38,144,7,6354,35,66,53,167.56
prd_00198,housewares,40,522,6,4186,42,52,49,49.35
prd_00199,beauty_cosmetics,55,500,6,7145,75,23,75,17.13
prd_00200,automotive,39,840,2,11459,41,30,44,221.66
prd_00201,computers_accessories,48,831,1,10217,25,17,37,794.59
prd_00202,housewares,41,683,8,4439,93,12,32,66.71
prd_00203,health_perfumery,40,676,6,7187,53,5,78,103.54
prd_00204,sports_leisure,40,230,8,1575,81,15,43,187.55
prd_00205,computers_accessories,53,324,5,3120,100,42,34,201.09
prd_00206,fashion_clothing,36,525,2,1644,20,59,45,42.06
prd_00207,health_perfumery,57,800,2,2965,59,34,38,58.69
prd_00208,sports_leisure,41,304,2,7602,76,48,28,126.74
prd_00209,computers_accessories,27,966,5,1655,21,20,73,527.75
prd_00210,health_perfumery,47,176,4,2478,89,24,66,67.98
prd_00211,fashion_shoes,45,415,3,13314,89,69,75,111.4
prd_00212,computers_accessories,46,556,6,12409,88,77,34,257.78
prd_00213,fashion_clothing,26,497,4,9977,100,61,35,103.43
prd_00214,fashion_shoes,52,386,2,954,24,27,66,48.11
prd_00215,electronics,46,868,4,6662,69,47,56,281.49
prd_00216,electronics,28,338,7,1166,86,13,39,210.02
prd_00217,health_perfumery,38,144,7,909,90,63,29,32.96
prd_00218,telephony,50,332,2,7581,61,38,70,777.67
prd_00219,beauty_cosmetics,25,761,2,14141,21,26,53,50.73
prd_00220,sports_leisure,54,719,2,9276,75,62,65,182.75
prd_00221,housewares,52,764,8,4999,40,16,34,28.94
prd_00222,health_perfumery,27,431,1,12941,58,65,68,119.17
prd_00223,sports_leisure,20,175,4,2653,96,16,18,239.29
prd_00224,sports_leisure,32,794,7,4706,92,37,33,70.49
prd_00225,automotive,39,608,1,1836,42,23,52,354.94
prd_00226,sports_leisure,44,651,1,7697,59,12,77,184.12
prd_00227,office_furniture,49,860,7,1178,12,62,40,448.71
prd_00228,telephony,55,739,3,2670,42,47,61,833.74
prd_00229,toys,45,340,3,8853,69,80,57,71.8
prd_00230,home_appliances,24,236,2,274,53,80,77,621.84
prd_00231,sports_leisure,29,732,2,13611,26,28,45,94.73
prd_00232,garden_tools,25,273,5,1494,82,39,47,205.7
prd_00233,fashion_shoes,42,189,8,2476,12,41,31,30.28
prd_00234,telephony,53,755,3,11524,58,35,64,327.48
prd_00235,telephony,55,685,6,2687,62,68,74,365.61
prd_00236,fashion_clothing,31,266,6,8655,38,34,49,87.61
prd_00237,telephony,54,620,2,13772,44,13,72,136.8
prd_00238,electronics,33,777,5,5033,83,5,44,594.41
prd_00239,fashion_shoes,54,758,5,8906,31,75,58,126.25
prd_00240,fashion_clothing,21,213,5,7809,44,27,79,67.5
prd_00241,health_perfumery,59,308,3,1693,35,65,29,72.52
prd_00242,housewares,33,549,8,10725,71,22,23,15.51
prd_00243,electronics,45,949,8,2089,35,69,25,673.58
prd_00244,computers_accessories,38,884,5,14490,54,15,15,461.58
prd_00245,housewares,30,134,4,2130,77,60,50,126.81
prd_00246,fashion_clothing,31,506,1,10959,88,28,26,93.18
prd_00247,housewares,41,488,1,4403,78,40,10,149.87
prd_00248,fashion_clothing,60,623,3,12788,32,34,49,55.42
prd_00249,beauty_cosmetics,45,777,7,12342,50,71,60,27.59
prd_00250,telephony,56,432,7,4750,19,70,22,261.41
prd_00251,fashion_clothing,27,335,7,6687,96,58,45,66.29
prd_00252,fashion_shoes,56,324,4,6927,99,73,30,158.09
prd_00253,fashion_shoes,40,805,6,12827,44,10,58,199.03
prd_00254,home_appliances,56,187,3,8149,26,62,61,831.89
prd_00255,automotive,55,988,1,10004,55,38,32,68.52
prd_00256,home_appliances,53,858,6,14264,40,64,73,569.02
prd_00257,telephony,32,134,7,428,87,25,30,710.6
prd_00258,telephony,57,750,3,5040,22,42,48,930.44
prd_00259,health_perfumery,50,335,3,662,48,34,55,92.63
prd_00260,home_appliances,30,629,7,7123,92,32,32,316.58
prd_00261,computers_accessories,58,820,5,8861,52,33,44,855.81
prd_00262,health_perfumery,57,545,7,1546,34,45,28,95.91
prd_00263,telephony,26,656,2,6325,69,44,23,156.84
prd_00264,toys,40,777,4,6428,80,56,24,127.72
prd_00265,fashion_clothing,35,716,8,10829,98,20,48,83.55
prd_00266,books_stationery,48,543,5,10168,37,45,58,57.94
prd_00267,electronics,25,816,8,12445,71,15,44,606.64
prd_00268,housewares,29,328,4,3191,43,69,60,12.91
prd_00269,sports_leisure,23,540,2,13102,73,10,48,161.65
prd_00270,electronics,51,548,8,9988,79,27,18,168.61
prd_00271,health_perfumery,50,780,4,5420,65,40,42,60.41
prd_00272,beauty_cosmetics,44,846,7,12460,59,34,57,50.08
prd_00273,electronics,33,538,6,897,43,19,54,538.25
prd_00274,books_stationery,59,777,2,513,47,7,70,58.75
prd_00275,fashion_clothing,27,398,8,12118,18,69,66,31.5
prd_00276,fashion_shoes,24,345,2,9779,27,80,58,152.19
prd_00277,telephony,50,431,7,12722,82,20,17,156.34
prd_00278,books_stationery,30,398,8,2920,69,49,14,16.04
prd_00279,electronics,58,323,5,5262,77,21,66,52.12
prd_00280,fashion_clothing,29,281,2,10925,65,44,20,85.58
prd_00281,fashion_clothing,51,613,6,6836,35,11,52,35.66
prd_00282,telephony,22,314,1,4109,76,71,70,991.18
prd_00283,beauty_cosmetics,28,855,2,10577,35,34,25,71.65
prd_00284,health_perfumery,28,760,5,9795,49,6,40,16.39
prd_00285,housewares,45,866,3,11154,10,11,52,120.69
prd_00286,sports_leisure,33,929,4,1520,30,7,70,225.94
prd_00287,computers_accessories,46,932,6,13240,68,39,13,1069.25
prd_00288,fashion_shoes,28,279,8,1838,61,68,37,88.19
prd_00289,health_perfumery,39,217,2,11506,51,44,74,109.37
prd_00290,books_stationery,29,721,6,292,27,34,41,44.06
prd_00291,beauty_cosmetics,27,735,2,2602,97,68,75,69.39
prd_00292,electronics,57,997,2,10039,28,49,16,284.98
prd_00293,fashion_shoes,48,350,6,7342,82,46,22,91.5
prd_00294,home_appliances,21,151,6,6140,70,32,23,528.48
prd_00295,fashion_clothing,30,613,1,13479,98,41,12,18.93
prd_00296,home_appliances,47,201,8,7331,35,59,29,396.06
prd_00297,electronics,47,740,7,1341,100,47,24,481.14
prd_00298,fashion_clothing,46,582,8,1515,96,30,36,55.83
prd_00299,computers_accessories,25,338,2,4771,37,50,19,779.46
prd_00300,books_stationery,20,965,5,7071,29,40,49,9.26
prd_00301,telephony,35,576,3,8931,22,68,75,498.95
prd_00302,books_stationery,26,128,2,4781,45,68,28,40.83
prd_00303,office_furniture,44,936,7,9252,11,8,12,341.43
prd_00304,electronics,53,922,5,5870,73,6,77,374.39
prd_00305,electronics,42,736,1,13405,58,17,16,194.76
prd_00306,electronics,27,430,2,4461,15,17,53,66.91
prd_00307,home_appliances,23,519,4,7802,83,53,50,950.18
prd_00308,fashion_shoes,50,496,8,5780,30,47,27,122.26
prd_00309,computers_accessories,34,546,3,413,60,52,45,209.32
prd_00310,automotive,36,222,1,3402,45,47,13,127.51
prd_00311,telephony,33,477,6,3317,43,22,38,620.64
prd_00312,sports_leisure,34,781,6,7433,65,75,71,36.85
prd_00313,sports_leisure,43,301,6,5257,75,15,51,22.63
prd_00314,fashion_clothing,23,387,5,8459,67,61,20,51.62
prd_00315,home_appliances,31,458,6,9423,78,47,27,980.56
prd_00316,fashion_clothing,44,716,1,9332,16,74,58,35.58
prd_00317,beauty_cosmetics,20,432,6,5487,81,14,65,21.15
prd_00318,home_appliances,40,986,6,6169,69,39,60,881.23
prd_00319,health_perfumery,52,575,6,8905,59,63,69,111.42
prd_00320,housewares,59,568,3,9708,95,27,15,36.99
prd_00321,telephony,56,312,6,5066,99,29,46,735.38
prd_00322,beauty_cosmetics,36,195,7,14933,78,6,64,25.55
prd_00323,garden_tools,56,303,6,13325,36,61,66,108.8
prd_00324,beauty_cosmetics,59,965,1,4179,12,67,12,58.99
prd_00325,beauty_cosmetics,37,215,3,12879,48,19,32,10.07
prd_00326,home_appliances,49,635,4,14228,81,80,52,161.7
prd_00327,electronics,35,105,8,9485,95,22,31,493.89
prd_00328,fashion_clothing,53,145,7,5681,74,22,27,98.54
prd_00329,sports_leisure,35,950,7,2727,12,44,34,262.97
prd_00330,books_stationery,47,705,4,4631,88,41,14,15.29
prd_00331,fashion_clothing,53,594,3,11316,69,74,58,15.93
prd_00332,health_perfumery,43,744,6,2844,22,40,41,18.8
prd_00333,health_perfumery,60,534,8,9304,27,21,18,23.06
prd_00334,beauty_cosmetics,23,292,3,3284,95,24,51,46.48
prd_00335,fashion_clothing,57,640,5,8093,19,72,14,65.94
prd_00336,health_perfumery,58,307,3,13365,86,80,72,59.04
prd_00337,health_perfumery,46,237,7,13110,15,26,52,90.03
prd_00338,electronics,40,928,6,7359,60,25,58,589.02
prd_00339,housewares,36,218,7,4833,99,24,44,141.51
prd_00340,fashion_clothing,54,353,3,4140,49,39,72,68.06
prd_00341,fashion_clothing,36,296,1,9980,86,13,49,32.86
prd_00342,electronics,45,948,5,9187,73,58,38,664.12
prd_00343,fashion_shoes,51,419,5,4036,83,6,52,82.37
prd_00344,fashion_clothing,34,546,5,11907,32,29,37,103.01
prd_00345,toys,20,353,1,9786,14,31,68,141.85
prd_00346,fashion_clothing,26,280,6,11089,15,55,19,16.02
prd_00347,office_furniture,47,620,7,13730,68,71,22,238.26
prd_00348,telephony,28,239,3,14763,79,14,68,202.36
prd_00349,automotive,39,229,4,12340,58,71,70,55.14
prd_00350,beauty_cosmetics,26,939,5,1973,26,71,34,22.47
prd_00351,telephony,43,899,3,13276,82,41,28,960.35
prd_00352,electronics,48,183,5,10058,69,14,10,334.0
prd_00353,computers_accessories,29,163,5,2042,75,18,56,754.54
prd_00354,electronics,55,535,3,1217,75,37,68,566.18
prd_00355,electronics,46,656,3,3505,55,30,16,733.43
prd_00356,fashion_clothing,54,645,7,3800,36,60,53,50.77
prd_00357,sports_leisure,27,360,3,2594,24,8,21,281.52
prd_00358,fashion_shoes,51,505,1,10164,88,60,39,109.99
prd_00359,sports_leisure,29,631,1,9423,37,21,79,61.42
prd_00360,health_perfumery,38,688,2,4234,45,31,14,50.68
prd_00361,fashion_clothing,31,440,8,12998,17,70,66,91.87
prd_00362,fashion_clothing,22,921,5,579,43,37,20,111.52
prd_00363,health_perfumery,53,402,2,14282,48,23,68,51.06
prd_00364,housewares,41,332,5,6173,93,50,46,81.79
prd_00365,health_perfumery,50,554,6,9510,67,27,27,87.53
prd_00366,health_perfumery,59,459,6,2453,57,77,43,29.42
prd_00367,fashion_shoes,56,909,8,2689,51,50,10,57.49
prd_00368,fashion_clothing,29,883,1,12140,31,42,47,31.02
prd_00369,home_appliances,60,857,4,2770,51,64,73,764.79
prd_00370,fashion_clothing,43,699,7,4242,20,31,21,105.63
prd_00371,fashion_clothing,45,301,8,7241,89,13,63,61.1
prd_00372,beauty_cosmetics,29,461,5,8472,75,69,60,30.18
prd_00373,electronics,39,956,5,2998,34,37,26,53.74
prd_00374,electronics,28,396,5,12726,87,17,68,577.69
prd_00375,electronics,28,280,5,14663,73,24,28,728.82
prd_00376,health_perfumery,26,648,2,345,49,45,80,38.31
prd_00377,fashion_clothing,54,197,4,4930,93,80,70,95.38
prd_00378,telephony,29,987,5,1272,79,47,71,941.38
prd_00379,housewares,49,748,5,3693,89,76,50,71.25
prd_00380,computers_accessories,35,219,6,13698,13,16,62,1403.29
prd_00381,home_appliances,42,325,2,11695,14,9,62,794.11
prd_00382,fashion_clothing,50,583,5,6158,30,74,73,84.48
prd_00383,fashion_clothing,44,890,5,7586,47,62,22,16.64
prd_00384,fashion_shoes,28,834,5,3237,46,13,46,140.23
prd_00385,fashion_shoes,46,224,7,9346,96,32,55,127.5
prd_00386,fashion_shoes,54,308,4,14152,55,37,52,113.0
prd_00387,sports_leisure,34,197,8,13517,22,39,38,15.29
prd_00388,fashion_clothing,48,615,3,250,31,25,62,49.66
prd_00389,telephony,48,356,8,5018,67,7,64,319.4
prd_00390,books_stationery,46,155,2,10104,53,60,80,55.43
prd_00391,fashion_shoes,28,990,2,130,72,68,43,122.96
prd_00392,fashion_clothing,29,874,7,7382,41,75,57,101.25
prd_00393,garden_tools,39,845,7,3445,13,11,70,141.27
prd_00394,toys,26,412,3,6316,43,6,60,96.55
prd_00395,health_perfumery,42,908,2,12416,43,56,62,30.64
prd_00396,beauty_cosmetics,30,883,3,13370,80,23,27,97.09
prd_00397,fashion_shoes,21,392,6,11811,68,59,61,90.44
prd_00398,electronics,57,897,5,4387,23,64,13,164.42
prd_00399,beauty_cosmetics,40,291,4,3360,28,36,71,60.39
prd_00400,electronics,22,529,5,3314,23,27,22,305.38
prd_00401,computers_accessories,27,916,8,5652,74,14,67,1055.22
prd_00402,fashion_shoes,36,964,4,6094,99,32,15,121.95
prd_00403,books_stationery,47,721,6,4463,23,18,51,59.58
prd_00404,automotive,37,680,8,5411,29,58,67,29.55
prd_00405,books_stationery,47,822,8,10948,49,20,58,10.56
prd_00406,electronics,22,821,2,7831,12,66,62,75.89
prd_00407,beauty_cosmetics,52,454,7,4645,20,10,31,49.79
prd_00408,computers_accessories,31,921,6,3896,42,57,78,713.68
prd_00409,housewares,46,817,7,2003,86,44,19,18.01
prd_00410,fashion_shoes,60,889,4,13171,32,10,57,178.07
prd_00411,health_perfumery,40,484,2,629,71,54,21,17.57
prd_00412,electronics,47,313,1,13742,58,49,42,752.5
prd_00413,telephony,51,937,1,14513,92,29,45,540.43
prd_00414,electronics,53,700,1,13872,98,48,43,564.99
prd_00415,home_appliances,41,559,1,10540,80,17,52,589.27
prd_00416,office_furniture,39,543,6,5103,29,72,13,159.49
prd_00417,sports_leisure,40,275,3,4469,12,38,17,232.33
prd_00418,beauty_cosmetics,54,630,7,2523,47,55,33,78.45
prd_00419,sports_leisure,39,874,1,6602,70,49,36,105.15
prd_00420,health_perfumery,35,931,8,8321,60,9,19,90.53
prd_00421,telephony,25,193,8,14283,81,61,16,232.6
prd_00422,electronics,37,147,5,1668,84,60,22,69.93
prd_00423,books_stationery,20,560,4,6483,47,48,51,50.95
prd_00424,toys,48,402,2,-11192,76,20,74,98.73
prd_00425,fashion_shoes,27,925,1,7667,48,34,74,51.11
prd_00426,books_stationery,59,590,4,5213,17,39,14,10.5
prd_00427,electronics,39,868,3,1640,44,75,76,100.49
prd_00428,telephony,23,311,4,9658,15,14,35,791.78
prd_00429,computers_accessories,31,147,8,11019,35,43,21,547.26
prd_00430,telephony,37,264,7,3280,92,21,76,814.97
prd_00431,telephony,59,491,3,150,84,50,26,129.53
prd_00432,electronics,35,365,2,13516,27,65,51,352.12
prd_00433,computers_accessories,36,854,6,284,47,70,51,521.14
prd_00434,fashion_clothing,24,583,7,11138,30,52,69,90.99
prd_00435,toys,24,407,5,1653,45,53,28,115.91
prd_00436,fashion_clothing,60,687,2,6807,85,13,52,88.01
prd_00437,telephony,60,577,6,9794,33,76,61,82.14
prd_00438,automotive,28,461,4,2748,55,40,54,43.08
prd_00439,electronics,36,303,3,3858,19,79,60,99.43
prd_00440,fashion_shoes,26,486,1,12231,20,27,74,123.32
prd_00441,fashion_clothing,53,622,2,6236,87,26,11,46.06
prd_00442,housewares,39,679,6,11451,94,62,47,47.71
prd_00443,home_appliances,46,963,1,183,71,55,80,343.71
prd_00444,housewares,44,783,7,6911,77,12,59,144.89
prd_00445,fashion_shoes,40,704,6,2806,15,55,59,68.6
prd_00446,office_furniture,30,592,6,12642,11,53,56,248.98
prd_00447,computers_accessories,56,731,1,12768,40,45,56,401.9
prd_00448,fashion_clothing,60,714,4,11699,95,78,64,55.92
prd_00449,fashion_clothing,49,170,3,14551,11,8,21,24.57
prd_00450,fashion_clothing,52,916,8,11748,10,67,26,54.68
prd_00451,fashion_clothing,60,900,1,5858,46,75,38,96.24
prd_00452,fashion_clothing,40,176,5,9837,63,41,20,110.16
prd_00453,electronics,58,351,5,2281,23,80,16,699.53
prd_00454,fashion_clothing,36,789,5,6462,97,15,72,96.28
prd_00455,electronics,25,838,8,8151,61,14,41,426.87
prd_00456,sports_leisure,20,113,7,9782,97,5,78,20.11
prd_00457,electronics,59,356,4,894,90,28,65,299.86
prd_00458,telephony,21,846,7,3140,53,48,68,254.4
prd_00459,health_perfumery,59,901,5,14740,82,42,10,101.54
prd_00460,sports_leisure,39,391,4,5191,72,27,60,186.7
prd_00461,housewares,25,765,3,919,34,33,60,137.04
prd_00462,fashion_clothing,36,793,4,1707,72,45,61,114.01
prd_00463,automotive,31,313,3,6763,26,40,76,59.13
prd_00464,telephony,34,728,3,550,79,33,63,899.65
prd_00465,telephony,39,714,3,9457,37,36,38,881.83
prd_00466,beauty_cosmetics,27,363,1,8905,74,63,12,82.37
prd_00467,health_perfumery,57,847,8,11608,67,70,10,39.98
prd_00468,beauty_cosmetics,51,811,2,13417,25,62,44,31.66
prd_00469,fashion_clothing,50,176,5,10090,65,9,12,55.77
prd_00470,fashion_clothing,48,696,7,3365,29,53,80,61.71
prd_00471,fashion_clothing,31,491,1,11365,43,79,24,84.7
prd_00472,sports_leisure,56,788,5,3064,92,49,63,83.5
prd_00473,telephony,49,463,1,13965,28,70,79,513.19
prd_00474,electronics,30,743,3,11488,93,64,64,250.26
prd_00475,telephony,21,939,5,3779,69,54,55,183.66
prd_00476,sports_leisure,54,877,5,1516,89,71,55,26.88
prd_00477,fashion_clothing,57,499,3,618,87,34,54,79.08
prd_00478,computers_accessories,29,948,7,504,65,65,79,577.08
prd_00479,sports_leisure,31,552,4,12378,67,31,51,71.71
prd_00480,home_appliances,43,480,7,14789,45,67,28,296.7
prd_00481,health_perfumery,20,644,1,12093,41,6,26,18.8
prd_00482,fashion_clothing,37,602,2,2326,77,52,36,70.2
prd_00483,fashion_shoes,52,468,1,4760,87,14,31,81.89
prd_00484,telephony,53,161,5,13748,62,16,77,124.65
prd_00485,fashion_shoes,44,330,5,8711,60,20,55,109.26
prd_00486,telephony,23,361,4,11804,44,8,65,768.34
prd_00487,toys,48,934,2,2499,99,25,23,79.21
prd_00488,fashion_shoes,43,689,1,2012,85,29,16,57.44
prd_00489,fashion_clothing,60,843,7,9421,95,23,53,61.62
prd_00490,books_stationery,58,827,1,3482,46,79,11,30.83
prd_00491,automotive,24,504,7,7349,73,80,47,125.46
prd_00492,beauty_cosmetics,50,540,8,6853,68,73,25,95.76
prd_00493,telephony,59,584,7,10029,67,59,66,724.96
prd_00494,beauty_cosmetics,48,347,7,5138,99,29,60,19.41
prd_00495,telephony,21,721,2,4792,19,74,33,290.25
prd_00496,telephony,57,638,8,9045,92,54,57,350.71
prd_00497,electronics,28,553,6,4971,16,5,12,431.26
prd_00498,fashion_clothing,22,647,6,10951,79,68,37,95.69
prd_00499,fashion_clothing,30,629,7,4300,97,59,56,81.35
prd_00500,fashion_clothing,41,166,6,4795,25,77,50,49.49
prd_00501,sports_leisure,40,341,1,2281,10,15,35,144.51
prd_00502,housewares,20,950,5,1658,41,18,41,110.43
prd_00503,fashion_shoes,21,220,3,10012,93,59,30,58.15
prd_00504,electronics,41,796,1,2604,55,8,24,449.62
prd_00505,fashion_clothing,33,965,8,12073,58,79,67,78.39
prd_00506,beauty_cosmetics,42,185,3,178,60,63,39,77.75
prd_00507,sports_leisure,46,337,6,11512,21,27,74,142.9
prd_00508,electronics,42,519,5,10407,47,11,55,541.59
prd_00509,sports_leisure,53,953,4,2890,82,53,33,218.35
prd_00510,health_perfumery,35,482,6,5833,56,52,52,107.09
prd_00511,computers_accessories,30,952,4,14115,85,63,73,664.7
prd_00512,computers_accessories,52,895,4,4956,20,73,19,1074.62
prd_00513,beauty_cosmetics,28,432,4,10744,66,9,13,34.16
prd_00514,home_appliances,23,839,6,7156,80,52,63,843.9
prd_00515,books_stationery,39,278,5,12933,66,26,27,35.67
prd_00516,electronics,36,626,8,8338,13,20,58,95.78
prd_00517,sports_leisure,43,615,8,12421,15,61,29,38.3
prd_00518,fashion_shoes,33,703,7,10829,95,5,46,160.52
prd_00519,toys,25,639,2,7665,17,32,21,52.25
prd_00520,computers_accessories,42,172,5,10972,23,75,45,113.61
prd_00521,sports_leisure,53,978,7,10977,84,13,31,71.86
prd_00522,home_appliances,43,334,6,7956,59,20,42,793.54
prd_00523,home_appliances,37,250,5,14180,92,47,17,952.21
prd_00524,health_perfumery,30,514,7,1411,72,76,76,103.53
prd_00525,electronics,47,849,7,13657,69,55,38,341.63
prd_00526,fashion_shoes,53,381,4,3378,71,38,68,173.69
prd_00527,electronics,59,833,1,8269,11,19,56,156.36
prd_00528,computers_accessories,38,875,4,3304,92,57,52,1111.76
prd_00529,sports_leisure,35,145,6,1202,97,48,62,114.29
prd_00530,fashion_shoes,41,435,3,1176,37,51,14,124.0
prd_00531,electronics,55,894,4,424,12,49,45,73.84
prd_00532,sports_leisure,29,767,4,12918,99,11,52,219.23
prd_00533,computers_accessories,32,922,7,6624,47,43,40,381.5
prd_00534,fashion_shoes,38,176,5,1801,87,49,20,40.44
prd_00535,housewares,28,561,6,2641,45,35,20,22.64
prd_00536,toys,48,806,8,6121,61,61,40,103.4
prd_00537,books_stationery,26,276,8,14244,61,55,65,51.2
prd_00538,housewares,33,651,6,11918,82,38,35,87.88
prd_00539,telephony,49,710,7,11459,90,46,51,408.71
prd_00540,fashion_clothing,47,877,1,1253,47,77,47,102.33
prd_00541,health_perfumery,49,609,2,7156,67,44,57,16.13
prd_00542,home_appliances,32,166,4,9649,38,31,74,229.55
prd_00543,telephony,34,918,2,4868,80,53,59,560.53
prd_00544,fashion_clothing,40,596,4,12612,79,47,80,36.42
prd_00545,toys,26,154,6,4467,57,42,37,137.76
prd_00546,health_perfumery,29,572,5,6830,30,43,28,116.51
prd_00547,electronics,54,168,3,6646,98,28,13,523.35
prd_00548,office_furniture,29,274,3,8245,75,51,49,362.24
prd_00549,telephony,59,646,8,457,20,33,49,241.42
prd_00550,fashion_clothing,54,488,6,11549,37,25,27,119.24
prd_00551,electronics,51,949,8,14744,24,36,79,651.47
prd_00552,housewares,27,124,6,4192,93,6,51,56.58
prd_00553,electronics,29,976,6,11347,82,66,66,282.36
prd_00554,fashion_clothing,59,346,3,11936,85,73,31,20.76
prd_00555,beauty_cosmetics,41,723,2,713,46,19,46,32.03
prd_00556,electronics,28,934,5,4414,78,66,57,637.02
prd_00557,books_stationery,28,645,1,1655,58,53,65,29.82
prd_00558,fashion_clothing,21,775,8,14043,39,15,41,60.28
prd_00559,housewares,30,922,2,13704,27,62,26,136.01
prd_00560,computers_accessories,50,760,4,13253,70,27,37,1343.76
prd_00561,health_perfumery,30,162,7,4844,90,26,23,43.81
prd_00562,books_stationery,52,868,1,10579,50,49,32,16.2
prd_00563,electronics,23,698,1,3115,26,63,20,651.22
prd_00564,beauty_cosmetics,37,212,4,11606,44,41,25,76.75
prd_00565,sports_leisure,49,738,2,3799,68,44,27,173.15
prd_00566,fashion_clothing,33,320,5,13055,50,36,17,91.64
prd_00567,home_appliances,43,509,7,7236,12,74,72,493.77
prd_00568,sports_leisure,20,238,2,5854,65,13,75,106.93
prd_00569,fashion_clothing,40,877,3,13915,39,12,44,98.61
prd_00570,toys,27,876,7,4161,96,74,36,83.09
prd_00571,health_perfumery,51,381,2,10836,46,38,77,32.93
prd_00572,beauty_cosmetics,42,272,5,11708,72,79,60,15.84
prd_00573,garden_tools,33,396,7,3129,58,46,44,62.54
prd_00574,fashion_shoes,55,914,8,1436,37,40,32,34.95
prd_00575,health_perfumery,46,167,2,3023,23,28,31,118.78
prd_00576,electronics,25,327,8,11174,68,58,13,429.68
prd_00577,telephony,31,818,4,2938,43,31,51,-614.29
prd_00578,sports_leisure,51,295,5,9000,60,28,69,224.31
prd_00579,fashion_shoes,20,525,4,12399,31,71,56,79.59
prd_00580,fashion_shoes,23,438,4,13311,77,35,31,169.82
prd_00581,computers_accessories,45,998,1,14735,97,62,72,710.21
prd_00582,fashion_shoes,48,302,4,11935,65,38,78,198.59
prd_00583,fashion_clothing,24,676,5,1676,38,70,48,32.39
prd_00584,computers_accessories,45,912,6,585,30,59,74,837.6
prd_00585,fashion_clothing,24,755,7,14428,22,66,47,19.18
prd_00586,electronics,53,564,3,4265,56,10,41,529.73
prd_00587,telephony,44,215,3,8751,76,27,13,403.21
prd_00588,beauty_cosmetics,48,419,4,3738,29,42,16,43.44
prd_00589,fashion_clothing,39,535,4,8393,47,51,64,111.32
prd_00590,beauty_cosmetics,48,883,8,1431,72,23,59,86.28
prd_00591,health_perfumery,20,334,4,13317,68,12,72,57.9
prd_00592,electronics,60,606,7,2656,100,63,43,584.55
prd_00593,housewares,30,892,1,4906,20,19,12,120.87
prd_00594,housewares,35,685,6,13264,77,35,36,21.89
prd_00595,fashion_shoes,23,294,4,2965,57,9,36,119.12
prd_00596,fashion_shoes,21,688,1,6129,72,76,47,57.48
prd_00597,electronics,27,789,2,9067,91,6,10,775.75
prd_00598,telephony,24,687,1,759,72,78,76,130.87
prd_00599,toys,35,194,7,1964,47,24,45,138.18
prd_00600,computers_accessories,40,734,2,9395,24,66,43,168.55
prd_00601,housewares,28,928,2,4678,91,44,77,75.53
prd_00602,telephony,28,306,1,11923,74,38,20,956.94
prd_00603,telephony,20,789,2,7441,31,11,50,247.35
prd_00604,home_appliances,44,902,4,2319,38,59,23,898.85
prd_00605,fashion_shoes,46,778,3,5421,24,52,41,163.24
prd_00606,computers_accessories,31,571,5,5310,30,10,74,240.52
prd_00607,beauty_cosmetics,20,721,5,1088,45,42,38,56.34
prd_00608,fashion_shoes,36,386,3,6164,19,80,74,79.81
prd_00609,fashion_clothing,52,216,5,12200,28,65,50,69.12
prd_00610,home_appliances,53,630,7,12342,19,45,39,215.06
prd_00611,telephony,47,997,7,12980,62,55,40,853.52
prd_00612,computers_accessories,29,181,8,5784,40,43,15,389.67
prd_00613,health_perfumery,28,355,8,7056,37,47,11,40.26
prd_00614,electronics,48,392,6,12904,80,26,21,637.78
prd_00615,computers_accessories,25,466,1,4595,55,36,33,1225.39
prd_00616,housewares,29,689,7,14135,36,27,16,51.14
prd_00617,home_appliances,45,261,1,3004,62,7,14,562.09
prd_00618,electronics,48,434,1,3314,98,50,66,651.13
prd_00619,sports_leisure,57,345,3,4824,83,36,62,36.47
prd_00620,beauty_cosmetics,39,355,1,12739,52,26,35,45.6
prd_00621,electronics,52,146,8,14702,41,14,26,632.26
prd_00622,electronics,42,150,3,1524,65,74,41,409.84
prd_00623,home_appliances,38,823,5,1175,64,68,21,632.64
prd_00624,automotive,43,509,2,5444,93,51,12,267.46
prd_00625,books_stationery,20,946,7,11278,90,58,42,8.79
prd_00626,health_perfumery,22,156,7,8363,100,53,68,83.34
prd_00627,health_perfumery,23,198,4,11457,35,51,59,59.06
prd_00628,electronics,55,795,8,7209,48,56,67,590.65
prd_00629,telephony,34,360,7,2863,44,27,54,209.53
prd_00630,fashion_shoes,26,668,8,10543,67,75,20,153.62
prd_00631,fashion_clothing,58,772,6,10426,61,65,68,72.39
prd_00632,electronics,59,866,6,2997,43,46,37,192.96
prd_00633,computers_accessories,60,710,2,2777,21,26,24,403.36
prd_00634,beauty_cosmetics,24,925,7,2324,55,52,19,58.66
prd_00635,sports_leisure,25,558,4,12757,62,37,71,21.88
prd_00636,telephony,41,187,7,6591,74,51,24,920.14
prd_00637,telephony,37,734,2,2422,10,20,16,628.37
prd_00638,sports_leisure,54,303,6,4520,44,68,58,28.47
prd_00639,sports_leisure,57,960,4,14815,51,78,16,25.55
prd_00640,computers_accessories,21,472,1,5088,27,66,19,1158.46
prd_00641,home_appliances,24,307,6,10031,66,20,68,888.0
prd_00642,fashion_clothing,36,775,4,8130,52,42,30,84.89
prd_00643,electronics,36,852,1,6713,41,23,51,614.88
prd_00644,telephony,30,355,8,6397,57,17,22,658.64
prd_00645,electronics,38,132,7,548,32,37,38,316.94
prd_00646,fashion_shoes,36,349,2,10242,97,13,50,161.7
prd_00647,home_appliances,31,141,2,5853,13,65,47,974.06
prd_00648,telephony,32,533,7,9682,63,52,26,759.93
prd_00649,telephony,59,650,6,7466,60,33,41,682.83
prd_00650,housewares,44,217,4,442,70,47,58,108.36
prd_00651,automotive,39,342,3,13620,34,65,76,278.37
prd_00652,health_perfumery,54,500,2,3583,45,22,33,20.47
prd_00653,telephony,30,738,7,1274,92,61,55,233.04
prd_00654,home_appliances,31,643,8,10578,74,51,17,192.99
prd_00655,electronics,32,520,6,14036,73,32,63,707.34
prd_00656,electronics,59,544,1,5892,87,41,64,593.99
prd_00657,telephony,60,393,1,13314,43,11,44,802.06
prd_00658,telephony,56,277,4,11022,76,40,23,671.54
prd_00659,telephony,49,438,3,7018,94,35,14,577.62
prd_00660,fashion_clothing,41,653,6,8029,73,68,62,87.17
prd_00661,electronics,33,900,5,6254,64,56,50,221.37
prd_00662,telephony,41,383,4,7048,91,22,20,674.05
prd_00663,books_stationery,52,989,8,989,49,20,74,25.41
prd_00664,electronics,60,295,3,7397,16,27,35,616.49
prd_00665,electronics,20,598,5,7821,99,9,41,310.29
prd_00666,health_perfumery,21,719,7,2931,97,27,75,63.95
prd_00667,beauty_cosmetics,56,293,4,13617,15,68,55,57.74
prd_00668,home_appliances,55,990,7,3103,52,6,41,470.74
prd_00669,books_stationery,59,613,1,7414,58,7,41,41.7
prd_00670,computers_accessories,43,572,4,8296,50,21,15,914.66
prd_00671,books_stationery,21,241,8,7981,70,15,55,22.05
prd_00672,computers_accessories,59,995,5,2748,43,34,16,1256.24
prd_00673,fashion_clothing,42,625,3,12552,79,50,76,27.57
prd_00674,health_perfumery,52,671,2,3945,82,39,70,107.98
prd_00675,books_stationery,44,671,4,9180,49,80,41,21.36
prd_00676,beauty_cosmetics,51,517,5,2779,64,52,17,50.79
prd_00677,home_appliances,57,162,3,8168,99,24,37,635.29
prd_00678,health_perfumery,43,952,5,12833,84,37,76,65.25
prd_00679,sports_leisure,26,511,8,4396,23,38,23,113.72
prd_00680,fashion_shoes,36,754,6,3537,15,37,10,119.56
prd_00681,toys,56,243,8,9163,36,20,26,61.66
prd_00682,beauty_cosmetics,51,659,5,2473,86,40,53,29.11
prd_00683,home_appliances,44,456,4,10310,45,25,18,156.24
prd_00684,electronics,21,960,2,12544,41,7,14,724.55
prd_00685,books_stationery,42,146,8,12217,70,62,59,43.38
prd_00686,electronics,57,374,3,7758,44,60,30,517.12
prd_00687,beauty_cosmetics,33,818,1,12656,70,45,15,21.61
prd_00688,electronics,52,820,5,13350,44,13,28,732.84
prd_00689,toys,28,522,4,13742,37,64,41,113.92
prd_00690,fashion_shoes,32,444,5,3710,45,35,15,193.15
prd_00691,telephony,41,834,6,4299,35,68,73,785.63
prd_00692,telephony,60,969,5,380,60,78,56,262.61
prd_00693,fashion_clothing,27,370,5,5724,86,60,18,77.13
prd_00694,home_appliances,20,503,1,10827,86,51,11,904.15
prd_00695,electronics,41,493,7,2844,26,52,80,77.68
prd_00696,telephony,49,602,1,14400,34,23,80,458.27
prd_00697,fashion_clothing,59,814,7,4796,95,52,27,58.62
prd_00698,sports_leisure,37,775,4,13618,29,41,79,216.97
prd_00699,telephony,53,155,8,1500,60,45,26,855.77
prd_00700,fashion_shoes,21,231,6,14941,51,17,41,162.22
prd_00701,fashion_clothing,42,737,4,13504,15,72,39,57.01
prd_00702,sports_leisure,29,593,5,14488,43,9,70,183.86
prd_00703,fashion_shoes,32,163,1,11407,47,48,41,163.19
prd_00704,fashion_clothing,45,341,6,13685,29,55,24,60.77
prd_00705,home_appliances,49,430,8,3118,73,67,73,233.41
prd_00706,fashion_clothing,50,944,3,10392,10,13,76,38.24
prd_00707,sports_leisure,35,811,6,2581,85,57,23,162.36
prd_00708,fashion_shoes,20,976,1,11699,89,54,45,145.62
prd_00709,fashion_clothing,43,109,4,6071,57,62,80,100.89
prd_00710,beauty_cosmetics,31,540,2,4723,83,78,25,61.96
prd_00711,books_stationery,43,576,6,6178,45,73,77,10.56
prd_00712,computers_accessories,53,497,2,1499,78,49,24,295.54
prd_00713,home_appliances,27,412,8,10495,72,19,43,449.76
prd_00714,home_appliances,28,301,1,4147,48,34,22,346.95
prd_00715,office_furniture,49,457,2,2460,23,52,24,137.56
prd_00716,telephony,26,254,1,10824,48,56,79,616.08
prd_00717,housewares,48,612,5,490,52,80,21,146.57
prd_00718,computers_accessories,51,692,7,13793,93,37,74,1348.11
prd_00719,books_stationery,51,220,4,5383,57,76,47,24.45
prd_00720,telephony,43,478,8,10328,97,16,18,181.65
prd_00721,books_stationery,20,314,3,242,59,48,69,27.77
prd_00722,sports_leisure,48,338,7,9372,74,10,60,134.5
prd_00723,books_stationery,53,130,8,3730,33,57,26,38.25
prd_00724,garden_tools,38,824,5,10235,81,19,30,55.23
prd_00725,fashion_clothing,23,357,6,14823,53,36,64,54.28
prd_00726,beauty_cosmetics,55,563,5,8051,41,51,38,86.16
prd_00727,toys,24,298,4,6325,42,38,18,134.63
prd_00728,home_appliances,49,742,6,7237,84,14,23,511.58
prd_00729,fashion_clothing,34,748,1,4389,26,13,68,86.61
prd_00730,beauty_cosmetics,35,433,7,8702,62,41,14,10.17
prd_00731,sports_leisure,56,253,5,10387,71,68,34,70.02
prd_00732,toys,32,979,7,6743,57,25,50,130.42
prd_00733,books_stationery,25,477,4,3296,12,57,37,55.02
prd_00734,home_appliances,26,726,8,12526,26,20,13,836.15
prd_00735,telephony,43,785,8,12122,69,78,24,802.36
prd_00736,beauty_cosmetics,59,343,7,10639,76,23,51,82.58
prd_00737,books_stationery,29,454,8,13795,81,6,57,18.6
prd_00738,electronics,29,650,5,8404,50,19,41,178.84
prd_00739,beauty_cosmetics,28,615,8,4054,38,61,58,74.18
prd_00740,fashion_shoes,32,256,4,10843,71,68,28,48.94
prd_00741,computers_accessories,49,512,1,12317,71,74,72,1432.81
prd_00742,computers_accessories,38,197,5,269,72,39,50,192.25
prd_00743,telephony,47,320,8,14046,25,61,47,598.93
prd_00744,electronics,23,767,2,9823,94,79,31,68.43
prd_00745,fashion_clothing,20,432,7,14753,32,53,19,67.94
prd_00746,fashion_clothing,33,334,5,9133,41,8,67,97.36
prd_00747,fashion_shoes,25,971,3,4396,90,10,63,93.06
prd_00748,fashion_clothing,31,623,3,2665,96,21,51,73.05
prd_00749,automotive,22,938,5,1952,81,29,23,66.0
prd_00750,books_stationery,26,376,5,4031,81,50,38,49.14
prd_00751,electronics,36,389,7,13217,91,9,35,299.89
prd_00752,garden_tools,54,981,8,1217,95,27,48,228.64
prd_00753,housewares,54,452,8,12934,23,42,34,24.12
prd_00754,electronics,39,862,5,10917,58,78,78,793.29
prd_00755,sports_leisure,25,723,1,2425,12,44,35,280.05
prd_00756,beauty_cosmetics,41,468,3,7846,57,74,76,62.61
prd_00757,telephony,27,752,1,12726,69,30,60,898.86
prd_00758,electronics,51,287,4,12116,27,5,37,260.64
prd_00759,health_perfumery,32,701,6,799,37,16,25,33.87
prd_00760,fashion_clothing,42,431,1,13913,62,51,31,83.86
prd_00761,housewares,44,619,8,8165,41,42,18,105.07
prd_00762,office_furniture,57,251,3,2203,20,26,27,96.56
prd_00763,sports_leisure,60,258,2,8188,55,45,57,113.61
prd_00764,toys,55,456,6,9572,67,71,40,134.89
prd_00765,fashion_clothing,59,497,5,3669,66,56,66,73.27
prd_00766,electronics,53,196,4,9874,38,78,34,694.09
prd_00767,housewares,56,997,4,2728,11,63,44,36.04
prd_00768,electronics,25,408,5,388,55,35,51,618.37
prd_00769,computers_accessories,56,224,3,8875,84,15,24,316.94
prd_00770,sports_leisure,50,619,4,589,71,78,17,239.0
prd_00771,telephony,42,786,8,6835,44,57,27,520.46
prd_00772,fashion_clothing,54,112,8,11306,33,21,29,111.93
prd_00773,telephony,42,823,3,10764,33,40,62,849.72
prd_00774,fashion_clothing,56,602,5,13451,33,38,58,27.48
prd_00775,housewares,36,699,4,13270,99,40,54,145.66
prd_00776,housewares,42,696,3,13126,16,6,27,88.86
prd_00777,fashion_shoes,34,442,5,7527,40,14,34,84.52
prd_00778,toys,35,862,4,7299,20,49,26,111.17
prd_00779,fashion_shoes,38,897,6,3609,63,74,19,47.42
prd_00780,beauty_cosmetics,32,382,4,14464,83,18,26,67.68
prd_00781,telephony,60,982,3,12446,82,56,19,684.27
prd_00782,computers_accessories,40,313,5,6075,18,33,45,1136.3
prd_00783,beauty_cosmetics,44,178,6,14795,74,24,26,-12.37
prd_00784,fashion_clothing,26,997,3,13146,100,68,60,15.94
prd_00785,toys,34,242,2,14203,45,36,72,139.92
prd_00786,toys,47,679,4,1140,62,21,25,79.4
prd_00787,telephony,34,207,8,7053,15,70,43,927.51
prd_00788,sports_leisure,20,288,7,6388,58,45,27,77.47
prd_00789,toys,49,202,3,2903,98,65,35,78.62
prd_00790,sports_leisure,22,389,4,14777,87,20,35,237.22
prd_00791,electronics,52,420,5,13581,26,25,25,105.45
prd_00792,fashion_shoes,40,855,4,4167,66,50,25,121.6
prd_00793,fashion_shoes,45,857,5,14801,78,30,20,108.43
prd_00794,electronics,46,857,3,13486,45,43,78,415.73
prd_00795,sports_leisure,55,742,1,187,20,23,64,288.8
prd_00796,fashion_clothing,22,594,6,6550,90,51,55,40.02
prd_00797,health_perfumery,44,250,6,12364,16,42,39,84.3
prd_00798,computers_accessories,49,973,1,8393,36,23,57,1488.7
prd_00799,electronics,55,430,2,7072,85,26,34,661.84
prd_00800,fashion_clothing,41,892,8,13398,86,70,76,30.8
prd_00801,toys,28,225,2,2154,86,23,71,128.39
prd_00802,electronics,30,511,4,5082,77,10,44,97.47
prd_00803,telephony,26,965,4,1360,48,21,22,593.12
prd_00804,telephony,59,173,3,9945,45,54,22,287.23
prd_00805,housewares,56,921,7,13449,88,75,19,147.48
prd_00806,fashion_clothing,23,100,4,8608,19,28,10,84.99
prd_00807,computers_accessories,22,976,8,11260,28,10,61,896.62
prd_00808,beauty_cosmetics,22,624,3,3696,39,19,49,83.91
prd_00809,housewares,45,774,7,9534,74,19,46,17.58
prd_00810,sports_leisure,56,726,4,1518,85,67,57,95.03
prd_00811,housewares,52,489,2,11916,22,59,32,114.74
prd_00812,beauty_cosmetics,30,458,2,12658,23,16,28,93.9
prd_00813,electronics,51,659,4,9074,100,47,75,296.28
prd_00814,computers_accessories,44,475,8,2727,77,5,44,1252.58
prd_00815,fashion_clothing,54,374,2,10124,97,65,36,27.04
prd_00816,telephony,50,660,8,6235,30,11,65,613.65
prd_00817,toys,54,700,6,8666,21,67,77,18.3
prd_00818,health_perfumery,45,311,7,375,77,14,48,19.14
prd_00819,fashion_clothing,39,497,7,6206,14,64,28,73.44
prd_00820,computers_accessories,34,822,4,9596,35,60,41,832.26
prd_00821,fashion_clothing,32,675,4,3562,81,49,49,43.06
prd_00822,beauty_cosmetics,33,470,7,4432,49,76,29,96.1
prd_00823,health_perfumery,22,146,1,5668,49,32,45,58.86
prd_00824,fashion_clothing,58,192,3,5092,92,9,51,28.3
prd_00825,fashion_clothing,50,855,1,10504,74,14,16,101.62
prd_00826,fashion_clothing,36,853,1,11970,51,28,45,62.36
prd_00827,beauty_cosmetics,30,179,6,9407,72,77,23,53.82
prd_00828,computers_accessories,31,767,5,1552,52,14,64,321.81
prd_00829,telephony,60,791,5,14057,28,68,71,209.61
prd_00830,housewares,47,204,2,5827,10,19,32,44.47
prd_00831,sports_leisure,46,569,4,14585,65,71,13,14.39
prd_00832,toys,55,818,4,1166,96,30,59,86.27
prd_00833,beauty_cosmetics,47,394,4,6327,97,5,38,12.96
prd_00834,beauty_cosmetics,45,257,3,11576,62,74,55,67.36
prd_00835,sports_leisure,42,565,5,11224,30,9,54,261.03
prd_00836,toys,20,360,6,9462,96,77,64,83.14
prd_00837,fashion_clothing,58,608,6,11935,33,23,48,34.57
prd_00838,automotive,60,174,6,8512,10,11,25,89.24
prd_00839,electronics,45,499,2,12627,11,27,36,644.79
prd_00840,fashion_clothing,32,791,2,8120,61,11,23,19.37
prd_00841,electronics,33,658,4,14499,85,63,57,422.54
prd_00842,fashion_shoes,20,871,3,14988,84,67,63,121.53
prd_00843,computers_accessories,30,220,6,540,57,72,39,946.68
prd_00844,computers_accessories,42,515,7,13324,94,46,48,805.15
prd_00845,sports_leisure,25,526,4,1632,98,21,11,244.36
prd_00846,toys,45,293,5,10072,40,51,76,43.6
prd_00847,automotive,46,774,2,8460,98,14,27,364.56
prd_00848,fashion_shoes,21,137,6,288,70,41,57,82.05
prd_00849,electronics,52,921,3,1404,86,9,48,568.38
prd_00850,housewares,24,568,1,525,44,40,31,107.06
prd_00851,health_perfumery,43,137,7,5631,24,70,42,119.78
prd_00852,electronics,32,883,1,3936,11,11,17,330.34
prd_00853,electronics,38,182,5,3131,95,22,47,519.72
prd_00854,computers_accessories,52,999,7,6013,20,50,39,1103.89
prd_00855,fashion_clothing,48,498,7,3665,63,49,64,103.68
prd_00856,health_perfumery,44,634,4,13362,14,51,49,58.22
prd_00857,electronics,37,534,5,8710,16,39,64,276.21
prd_00858,beauty_cosmetics,44,245,1,1396,73,66,30,65.45
prd_00859,fashion_shoes,20,398,3,14225,19,28,41,195.23
prd_00860,telephony,27,995,2,7405,82,13,46,501.69
prd_00861,automotive,31,194,1,7677,16,67,78,285.22
prd_00862,computers_accessories,53,805,6,9312,79,16,49,246.55
prd_00863,sports_leisure,48,227,4,11319,78,26,21,178.27
prd_00864,fashion_shoes,23,105,6,11566,47,37,36,113.56
prd_00865,electronics,41,855,2,2238,28,60,55,162.05
prd_00866,electronics,51,355,3,9453,29,15,77,333.61
prd_00867,books_stationery,27,469,4,8983,26,59,70,12.3
prd_00868,sports_leisure,58,536,3,2378,92,19,34,219.0
prd_00869,garden_tools,36,188,6,10994,79,14,46,89.97
prd_00870,computers_accessories,59,246,4,9016,77,27,63,1229.99
prd_00871,electronics,25,377,6,2120,33,32,48,219.16
prd_00872,fashion_clothing,58,277,4,1050,51,16,32,86.88
prd_00873,housewares,22,827,4,9164,21,61,55,95.0
prd_00874,electronics,39,838,8,4637,74,72,64,75.35
prd_00875,beauty_cosmetics,29,581,3,12685,69,22,52,65.33
prd_00876,housewares,47,288,7,8669,78,53,20,10.04
prd_00877,housewares,50,278,6,10767,30,51,12,132.89
prd_00878,electronics,50,197,8,13569,89,72,50,580.77
prd_00879,beauty_cosmetics,50,401,2,12544,66,63,10,76.96
prd_00880,fashion_shoes,57,222,3,2267,11,63,14,191.32
prd_00881,beauty_cosmetics,29,647,6,1071,18,26,10,15.39
prd_00882,beauty_cosmetics,43,120,1,7567,17,36,36,53.48
prd_00883,computers_accessories,60,653,5,8239,75,55,26,1346.65
prd_00884,home_appliances,52,215,4,3184,44,55,38,891.08
prd_00885,home_appliances,33,197,6,12937,61,30,62,304.12
prd_00886,toys,44,507,6,3875,13,53,61,48.83
prd_00887,toys,60,106,3,5938,22,10,29,52.22
prd_00888,beauty_cosmetics,53,586,7,14215,33,47,51,12.16
prd_00889,sports_leisure,56,756,7,11107,32,41,47,17.22
prd_00890,beauty_cosmetics,23,491,8,8301,69,61,29,24.4
prd_00891,fashion_clothing,43,713,3,5837,43,51,79,67.24
prd_00892,health_perfumery,29,656,1,14585,62,71,48,65.39
prd_00893,computers_accessories,30,845,2,8970,83,52,71,1449.44
prd_00894,telephony,58,193,5,2354,82,39,54,219.85
prd_00895,electronics,49,653,6,11303,38,33,72,223.32
prd_00896,computers_accessories,48,101,5,13699,35,39,34,1258.04
prd_00897,electronics,33,510,6,680,18,7,44,673.16
prd_00898,electronics,55,695,1,8600,78,66,16,142.77
prd_00899,home_appliances,47,296,7,10383,71,54,41,516.89
prd_00900,sports_leisure,21,808,1,11279,20,54,62,52.57
prd_00901,fashion_shoes,30,234,1,9605,31,62,37,59.52
prd_00902,fashion_clothing,48,492,6,9053,42,27,12,85.39
prd_00903,beauty_cosmetics,26,681,4,441,12,78,17,95.56
prd_00904,telephony,50,485,8,13600,42,62,58,99999.0
prd_00905,computers_accessories,36,977,8,8392,69,30,43,1047.86
prd_00906,electronics,21,955,8,4296,80,32,80,722.83
prd_00907,telephony,26,390,6,13073,27,73,15,843.28
prd_00908,fashion_clothing,60,528,3,3442,30,78,78,41.56
prd_00909,books_stationery,33,573,1,439,76,36,10,16.44
prd_00910,books_stationery,36,299,4,10357,92,45,60,10.33
prd_00911,electronics,24,531,3,11957,27,25,30,240.25
prd_00912,home_appliances,29,322,2,353,49,13,10,897.57
prd_00913,computers_accessories,49,839,4,11648,79,12,78,593.75
prd_00914,home_appliances,55,849,3,14111,14,48,36,672.59
prd_00915,health_perfumery,59,700,5,1016,41,27,67,77.51
prd_00916,toys,33,296,4,2866,90,57,66,107.76
prd_00917,fashion_shoes,53,271,2,3961,82,74,24,126.99
prd_00918,sports_leisure,21,816,3,7620,48,17,16,12.04
prd_00919,electronics,49,244,1,6079,79,39,75,249.5
prd_00920,fashion_clothing,28,599,7,4895,71,7,80,108.5
prd_00921,sports_leisure,35,852,1,2177,21,44,17,165.46
prd_00922,beauty_cosmetics,43,447,5,7891,65,29,52,16.6
prd_00923,fashion_shoes,40,611,2,7839,46,19,47,101.51
prd_00924,electronics,51,563,1,11938,65,11,76,159.56
prd_00925,computers_accessories,52,462,1,10716,90,78,22,842.31
prd_00926,telephony,24,974,8,7391,83,5,73,447.3
prd_00927,electronics,40,574,4,11902,29,72,17,78.98
prd_00928,electronics,54,754,3,10452,53,11,18,156.12
prd_00929,housewares,58,595,5,7979,20,22,23,149.09
prd_00930,computers_accessories,21,243,4,2553,13,52,69,477.42
prd_00931,fashion_shoes,35,956,6,2240,17,15,13,85.0
prd_00932,electronics,41,800,6,8246,74,13,64,217.99
prd_00933,home_appliances,48,378,5,12973,43,33,44,498.52
prd_00934,sports_leisure,35,657,5,12079,55,58,70,243.92
prd_00935,telephony,42,334,3,7858,40,36,32,807.29
prd_00936,electronics,39,226,5,11174,44,75,76,390.41
prd_00937,fashion_shoes,36,804,3,6531,88,22,58,190.8
prd_00938,fashion_clothing,34,615,3,13630,26,75,42,114.36
prd_00939,electronics,36,297,5,14720,29,73,27,772.05
prd_00940,telephony,53,717,5,7080,51,28,26,549.03
prd_00941,housewares,50,896,3,3004,41,77,60,31.18
prd_00942,telephony,22,414,6,6634,11,9,46,319.14
prd_00943,books_stationery,49,110,2,9865,84,58,49,40.34
prd_00944,health_perfumery,59,109,2,634,40,61,45,64.99
prd_00945,sports_leisure,25,992,7,662,95,59,27,246.15
prd_00946,toys,34,893,1,6054,19,53,38,24.84
prd_00947,fashion_shoes,47,361,3,2445,26,49,40,79.28
prd_00948,toys,40,533,7,3326,65,35,75,121.46
prd_00949,home_appliances,35,107,1,4516,74,31,62,715.23
prd_00950,electronics,21,422,7,14203,75,55,75,492.81
prd_00951,office_furniture,48,897,3,6943,28,15,21,244.32
prd_00952,sports_leisure,39,339,6,1684,50,65,64,103.64
prd_00953,fashion_clothing,60,170,7,6543,42,8,19,106.87
prd_00954,computers_accessories,43,834,2,2622,94,30,42,164.44
prd_00955,sports_leisure,42,100,1,13675,40,19,20,262.33
prd_00956,electronics,23,895,8,9052,11,52,24,713.76
prd_00957,electronics,39,296,8,7872,77,45,43,235.74
prd_00958,sports_leisure,20,337,1,7064,22,18,19,247.62
prd_00959,electronics,40,898,3,1699,87,67,72,165.15
prd_00960,sports_leisure,53,934,3,926,41,10,24,81.93
prd_00961,fashion_clothing,37,214,6,6277,43,41,63,113.63
prd_00962,fashion_shoes,38,832,4,9298,38,28,13,113.64
prd_00963,electronics,29,248,6,11493,72,12,48,669.13
prd_00964,fashion_shoes,27,266,2,1229,57,10,31,180.61
prd_00965,sports_leisure,57,493,8,2241,10,15,63,130.33
prd_00966,beauty_cosmetics,48,469,7,3722,98,38,42,95.37
prd_00967,electronics,34,491,2,11680,20,68,33,298.65
prd_00968,telephony,21,801,4,-3841,77,78,28,394.5
prd_00969,home_appliances,27,374,1,11229,34,56,77,269.78
prd_00970,telephony,52,625,4,1279,88,59,36,924.3
prd_00971,electronics,43,695,8,14062,79,46,68,191.16
prd_00972,fashion_clothing,48,782,1,3735,46,76,62,61.42
prd_00973,computers_accessories,39,591,6,6389,72,37,46,280.51
prd_00974,toys,32,596,2,14018,18,31,11,81.5
prd_00975,home_appliances,41,624,1,5041,38,18,24,830.95
prd_00976,housewares,32,408,6,1946,18,59,19,51.14
prd_00977,fashion_clothing,34,549,7,3644,19,63,22,84.66
prd_00978,electronics,42,495,5,1745,32,40,12,771.34
prd_00979,sports_leisure,60,617,5,10952,35,31,41,249.18
prd_00980,books_stationery,54,927,4,10962,53,30,69,40.38
prd_00981,electronics,60,463,2,10750,26,13,48,598.16
prd_00982,toys,28,158,5,6522,91,32,56,67.0
prd_00983,sports_leisure,47,416,3,2365,38,29,14,131.58
prd_00984,electronics,32,580,6,6192,48,69,48,422.26
prd_00985,home_appliances,53,538,3,2422,97,70,77,515.15
prd_00986,sports_leisure,59,410,2,12658,56,64,57,96.34
prd_00987,housewares,57,144,1,5969,64,20,34,102.76
prd_00988,electronics,30,669,2,7630,46,69,10,755.52
prd_00989,home_appliances,42,215,1,13014,81,33,56,826.94
prd_00990,housewares,31,891,3,2438,72,49,26,38.69
prd_00991,health_perfumery,33,960,2,632,91,39,63,91.94
prd_00992,telephony,24,772,2,13771,38,56,73,370.16
prd_00993,electronics,23,510,1,1052,33,18,69,684.03
prd_00994,automotive,38,264,6,8705,81,70,70,251.67
prd_00995,sports_leisure,50,619,2,8312,55,38,80,96.96
prd_00996,fashion_clothing,28,467,3,14684,17,54,23,66.26
prd_00997,telephony,38,339,5,9210,46,45,16,151.73
prd_00998,toys,50,929,4,3045,82,20,64,24.93
prd_00999,electronics,20,723,6,4936,30,72,53,280.48
prd_01000,home_appliances,47,567,2,7029,88,8,46,477.95
prd_01001,computers_accessories,47,135,6,11488,60,16,11,461.43
prd_01002,electronics,26,286,5,1087,61,72,57,145.56
prd_01003,fashion_shoes,42,943,2,14133,36,62,13,78.68
prd_01004,fashion_shoes,52,281,2,2944,41,58,10,48.49
prd_01005,books_stationery,20,670,8,10169,13,14,26,13.88
prd_01006,fashion_clothing,54,218,3,8638,78,54,35,57.11
prd_01007,electronics,56,345,7,2413,15,13,62,713.97
prd_01008,fashion_shoes,34,813,8,636,38,47,58,31.56
prd_01009,housewares,55,822,8,5888,28,80,59,147.73
prd_01010,beauty_cosmetics,27,831,5,826,25,62,34,77.73
prd_01011,garden_tools,27,591,5,11904,29,12,68,117.74
prd_01012,toys,32,729,7,11808,66,72,76,69.12
prd_01013,telephony,58,326,4,11702,47,68,13,292.36
prd_01014,home_appliances,38,784,4,1340,83,5,14,692.38
prd_01015,fashion_shoes,20,743,7,5544,53,39,12,161.54
prd_01016,fashion_shoes,57,502,7,12859,100,78,63,34.16
prd_01017,toys,47,600,4,12361,54,28,55,51.22
prd_01018,telephony,41,775,8,10020,68,58,47,141.04
prd_01019,sports_leisure,22,981,2,11164,57,22,29,63.29
prd_01020,health_perfumery,20,548,3,12752,32,66,30,39.4
prd_01021,electronics,40,444,1,6069,68,43,29,494.59
prd_01022,books_stationery,33,333,4,8723,36,5,32,48.33
prd_01023,fashion_clothing,60,343,5,8757,27,71,50,55.57
prd_01024,beauty_cosmetics,43,217,3,4676,93,41,51,74.78
prd_01025,health_perfumery,59,211,7,8632,91,55,22,85.59
prd_01026,health_perfumery,36,181,1,1271,39,60,61,100.71
prd_01027,computers_accessories,43,363,5,132,15,36,25,1026.2
prd_01028,electronics,39,870,8,9236,18,74,79,287.66
prd_01029,health_perfumery,59,875,5,5799,23,61,60,113.51
prd_01030,housewares,41,593,3,9047,70,9,73,79.35
prd_01031,fashion_shoes,57,116,8,217,79,39,48,39.33
prd_01032,fashion_clothing,56,284,7,9038,91,48,16,113.49
prd_01033,toys,38,522,4,6629,97,32,35,114.68
prd_01034,toys,32,462,7,6121,49,51,28,44.97
prd_01035,fashion_clothing,53,384,5,12728,94,79,68,67.41
prd_01036,telephony,46,649,8,7848,34,71,28,425.15
prd_01037,fashion_shoes,56,231,6,2488,51,38,29,121.57
prd_01038,fashion_shoes,58,378,7,3710,46,16,11,182.65
prd_01039,fashion_clothing,39,212,8,5061,67,33,16,107.02
prd_01040,telephony,44,669,2,8194,38,49,62,517.38
prd_01041,fashion_shoes,53,593,6,9673,87,77,72,30.61
prd_01042,fashion_clothing,26,508,5,11885,81,5,48,103.7
prd_01043,toys,39,878,5,10494,23,41,78,17.91
prd_01044,telephony,57,800,7,9625,41,18,78,925.82
prd_01045,health_perfumery,37,531,6,12020,28,17,24,41.05
prd_01046,fashion_shoes,49,219,8,6303,99,62,49,157.94
prd_01047,home_appliances,24,672,1,7611,13,48,15,796.24
prd_01048,computers_accessories,46,543,8,5642,84,62,36,1462.93
prd_01049,sports_leisure,27,136,3,12277,55,54,70,110.0
prd_01050,fashion_shoes,30,980,5,4361,74,12,47,199.6
prd_01051,electronics,37,477,8,10654,93,41,38,338.8
prd_01052,beauty_cosmetics,52,778,2,7310,45,56,38,77.59
prd_01053,housewares,40,934,6,3612,92,8,29,112.04
prd_01054,telephony,33,781,3,10352,58,47,14,492.19
prd_01055,sports_leisure,33,679,8,1905,78,27,12,292.38
prd_01056,telephony,36,292,6,4430,12,9,50,367.79
prd_01057,books_stationery,43,139,4,11431,88,23,61,16.39
prd_01058,computers_accessories,35,974,1,8135,55,20,65,500.18
prd_01059,home_appliances,50,618,5,12677,79,31,79,979.5
prd_01060,computers_accessories,29,210,1,5550,87,39,27,289.44
prd_01061,automotive,53,549,1,12384,78,23,38,325.31
prd_01062,computers_accessories,32,927,1,9379,65,24,21,235.09
prd_01063,health_perfumery,22,472,5,3646,20,43,33,55.18
prd_01064,electronics,37,644,8,13304,88,23,76,327.44
prd_01065,home_appliances,28,739,1,13781,62,74,28,889.88
prd_01066,telephony,58,654,1,9492,52,30,64,921.49
prd_01067,office_furniture,29,865,2,12419,43,51,60,86.18
prd_01068,garden_tools,25,834,6,5141,63,19,31,201.5
prd_01069,telephony,39,114,5,10282,77,42,47,93.15
prd_01070,toys,59,207,4,1718,56,53,15,25.08
prd_01071,beauty_cosmetics,22,296,5,5341,52,16,20,57.48
prd_01072,home_appliances,29,176,3,6153,24,79,22,572.42
prd_01073,electronics,52,103,4,8413,72,79,60,331.61
prd_01074,books_stationery,53,716,3,5846,31,54,76,16.31
prd_01075,toys,34,553,8,6105,87,43,33,124.93
prd_01076,computers_accessories,43,486,6,7240,44,16,39,1294.43
prd_01077,computers_accessories,34,211,6,5229,94,22,68,491.91
prd_01078,toys,38,430,3,6845,99,16,17,89.24
prd_01079,telephony,49,629,2,13764,57,55,71,453.53
prd_01080,home_appliances,34,524,7,4829,44,66,34,349.05
prd_01081,computers_accessories,37,893,5,12919,26,6,48,976.42
prd_01082,electronics,44,756,2,10203,92,22,27,532.04
prd_01083,garden_tools,48,503,3,12993,21,13,38,168.23
prd_01084,telephony,40,385,2,497,34,38,14,943.44
prd_01085,electronics,44,342,3,3100,76,29,27,542.81
prd_01086,housewares,40,459,2,13661,56,74,50,114.81
prd_01087,home_appliances,41,188,8,8137,71,29,53,821.64
prd_01088,fashion_shoes,48,865,8,13540,27,79,43,71.72
prd_01089,computers_accessories,55,407,6,5774,95,29,29,917.34
prd_01090,automotive,55,787,1,12430,86,34,58,78.06
prd_01091,housewares,59,721,4,9561,14,74,59,61.18
prd_01092,health_perfumery,40,492,2,3223,64,75,51,117.89
prd_01093,telephony,38,157,7,13263,51,34,40,235.88
prd_01094,health_perfumery,58,838,4,4136,96,75,37,37.89
prd_01095,fashion_clothing,60,119,4,11069,53,50,11,85.62
prd_01096,beauty_cosmetics,34,828,5,603,91,23,72,27.29
prd_01097,home_appliances,28,805,7,5398,100,61,19,599.03
prd_01098,toys,35,756,4,13335,25,52,13,44.78
prd_01099,telephony,27,730,6,3650,87,50,65,179.24
prd_01100,home_appliances,29,534,3,8241,35,38,50,819.5
prd_01101,computers_accessories,32,191,8,10998,23,10,62,990.82
prd_01102,health_perfumery,50,544,3,14762,57,43,75,44.08
prd_01103,fashion_clothing,53,797,8,5167,97,63,65,43.26
prd_01104,beauty_cosmetics,46,707,7,5884,58,68,27,49.86
prd_01105,housewares,51,943,5,1090,44,31,41,92.13
prd_01106,automotive,26,416,1,7460,36,65,80,304.61
prd_01107,computers_accessories,24,824,8,12332,81,12,35,1456.92
prd_01108,fashion_shoes,57,181,4,4757,64,37,61,73.11
prd_01109,fashion_shoes,27,911,5,12037,60,43,64,114.98
prd_01110,garden_tools,20,994,5,757,45,55,63,163.74
prd_01111,fashion_clothing,58,904,7,8384,25,51,46,26.63
prd_01112,electronics,50,811,7,12974,97,57,66,212.34
prd_01113,housewares,32,276,3,8912,83,50,54,65.17
prd_01114,housewares,35,896,7,8218,18,35,48,21.42
prd_01115,computers_accessories,26,492,4,13881,60,39,34,99999.0
prd_01116,health_perfumery,54,307,6,13388,71,44,50,67.03
prd_01117,sports_leisure,31,407,1,1596,22,46,54,278.58
prd_01118,fashion_shoes,51,525,7,13457,35,16,18,130.77
prd_01119,fashion_clothing,29,667,2,5265,13,45,33,43.87
prd_01120,beauty_cosmetics,32,998,1,4677,45,34,19,49.44
prd_01121,automotive,33,643,5,3694,49,39,76,145.91
prd_01122,electronics,29,902,8,4288,70,21,48,668.21
prd_01123,electronics,58,387,7,7696,20,31,54,114.39
prd_01124,books_stationery,59,495,5,7128,21,37,10,46.35
prd_01125,housewares,32,819,5,10428,15,51,42,60.61
prd_01126,home_appliances,43,650,7,1076,93,30,52,805.95
prd_01127,electronics,46,290,7,6243,32,80,30,792.49
prd_01128,toys,41,728,7,6250,43,66,75,26.13
prd_01129,toys,46,537,3,9328,16,53,68,42.22
prd_01130,fashion_shoes,50,258,4,2958,60,9,58,56.73
prd_01131,computers_accessories,35,412,5,5380,52,17,29,208.31
prd_01132,garden_tools,22,669,3,13414,65,36,15,45.83
prd_01133,housewares,32,110,8,14238,52,76,22,33.78
prd_01134,fashion_clothing,25,201,7,169,98,63,35,81.82
prd_01135,computers_accessories,54,986,3,14825,69,18,56,1127.56
prd_01136,sports_leisure,23,130,3,630,97,78,13,135.14
prd_01137,telephony,20,275,1,9040,53,64,78,266.26
prd_01138,beauty_cosmetics,39,493,4,13772,80,18,33,26.09
prd_01139,home_appliances,51,789,4,8463,78,46,78,885.35
prd_01140,fashion_shoes,23,786,2,2692,39,68,76,118.75
prd_01141,toys,25,214,6,2146,62,22,20,29.82
prd_01142,home_appliances,41,623,2,4967,36,10,52,546.42
prd_01143,health_perfumery,45,434,2,13790,45,58,37,110.42
prd_01144,beauty_cosmetics,26,924,5,1217,60,54,70,90.36
prd_01145,books_stationery,39,158,7,13622,10,36,64,50.6
prd_01146,health_perfumery,46,970,2,14791,11,26,61,44.73
prd_01147,electronics,56,858,7,12165,43,78,42,100.83
prd_01148,housewares,37,986,3,6839,69,12,15,58.43
prd_01149,computers_accessories,26,934,5,3514,58,72,39,1092.13
prd_01150,computers_accessories,41,999,6,-8122,80,30,11,321.83
prd_01151,housewares,32,634,4,9252,26,16,41,144.55
prd_01152,electronics,33,298,3,9836,63,47,72,200.55
prd_01153,computers_accessories,36,607,5,5929,63,30,43,205.91
prd_01154,housewares,36,133,3,7351,88,54,21,107.31
prd_01155,sports_leisure,29,737,4,5363,66,72,76,165.76
prd_01156,toys,51,457,2,4844,77,75,41,54.61
prd_01157,beauty_cosmetics,49,744,8,5254,66,59,70,85.38
prd_01158,telephony,59,961,6,8251,29,73,78,184.97
prd_01159,housewares,51,403,8,10960,95,10,43,121.01
prd_01160,electronics,37,971,5,5174,97,74,34,552.51
prd_01161,health_perfumery,40,595,1,1619,85,49,36,32.0
prd_01162,telephony,20,559,6,6816,77,23,30,652.36
prd_01163,automotive,43,811,4,4778,43,21,18,214.27
prd_01164,sports_leisure,30,414,7,5547,38,37,54,247.65
prd_01165,computers_accessories,32,583,8,5425,59,14,13,1484.01
prd_01166,fashion_clothing,26,740,6,10652,46,57,61,78.07
prd_01167,beauty_cosmetics,42,546,3,14817,29,37,47,14.13
prd_01168,housewares,56,424,2,8637,10,53,42,76.84
prd_01169,toys,23,499,4,5940,49,39,71,35.3
prd_01170,toys,60,215,3,10526,34,78,76,56.29
prd_01171,beauty_cosmetics,43,630,3,10072,10,80,13,70.33
prd_01172,home_appliances,33,510,6,13452,36,14,45,984.63
prd_01173,toys,58,281,6,6033,11,41,59,22.23
prd_01174,electronics,53,852,1,7173,63,48,54,584.66
prd_01175,books_stationery,21,795,4,5728,42,63,64,19.14
prd_01176,housewares,47,750,6,607,42,47,60,130.52
prd_01177,computers_accessories,57,267,6,11874,84,15,29,223.35
prd_01178,beauty_cosmetics,25,353,2,786,81,18,26,68.55
prd_01179,health_perfumery,55,646,1,10033,58,46,23,114.17
prd_01180,beauty_cosmetics,37,190,7,2347,21,6,25,43.36
prd_01181,fashion_shoes,42,859,1,8294,99,45,57,-130.97
prd_01182,fashion_shoes,51,739,2,521,57,67,37,133.64
prd_01183,computers_accessories,58,791,7,14057,91,6,39,206.61
prd_01184,telephony,37,176,7,2012,13,40,39,458.15
prd_01185,garden_tools,47,332,4,5526,95,50,37,117.76
prd_01186,toys,40,540,7,3745,72,17,80,131.56
prd_01187,computers_accessories,58,240,4,8170,14,51,18,1114.62
prd_01188,telephony,54,454,1,10755,36,27,36,516.06
prd_01189,home_appliances,29,630,1,11267,86,57,46,909.6
prd_01190,housewares,31,422,4,3402,24,54,66,61.98
prd_01191,telephony,53,342,6,1435,60,70,16,296.86
prd_01192,books_stationery,25,145,8,7992,86,11,37,45.02
prd_01193,computers_accessories,52,323,5,5872,27,6,37,1370.43
prd_01194,electronics,20,982,3,5508,73,76,27,207.1
prd_01195,fashion_shoes,34,335,8,10347,82,60,79,155.27
prd_01196,toys,35,466,2,11995,69,67,28,75.16
prd_01197,sports_leisure,47,365,7,13909,68,42,61,107.32
prd_01198,electronics,23,856,4,7935,12,54,35,671.16
prd_01199,fashion_clothing,28,188,8,7131,21,20,13,45.6
prd_01200,office_furniture,59,403,1,8628,47,68,56,387.22
prd_01201,fashion_clothing,40,853,3,3594,10,33,41,34.08
prd_01202,office_furniture,40,106,4,12816,94,43,50,107.0
prd_01203,computers_accessories,38,634,6,10852,76,25,48,807.64
prd_01204,fashion_clothing,41,846,8,1238,47,20,79,16.52
prd_01205,electronics,33,226,4,10509,85,15,25,380.1
prd_01206,electronics,28,248,4,12322,26,64,67,589.16
prd_01207,toys,32,900,3,2024,41,46,66,47.63
prd_01208,garden_tools,51,469,4,6970,85,55,50,81.52
prd_01209,electronics,38,513,8,10971,16,40,25,426.31
prd_01210,office_furniture,22,986,4,9440,16,20,58,123.4
prd_01211,office_furniture,54,580,6,9042,53,27,72,230.19
prd_01212,automotive,60,367,7,9915,24,44,75,125.99
prd_01213,fashion_shoes,22,980,3,10341,91,58,17,56.97
prd_01214,electronics,56,552,3,6461,54,30,39,516.05
prd_01215,fashion_clothing,53,404,3,12950,93,58,33,52.95
prd_01216,fashion_shoes,42,496,7,5167,70,62,54,107.86
prd_01217,sports_leisure,48,107,5,1784,48,57,20,164.47
prd_01218,housewares,25,825,6,3607,95,51,22,55.14
prd_01219,housewares,40,263,1,12291,63,21,71,94.35
prd_01220,telephony,29,198,5,5958,79,40,56,986.62
prd_01221,home_appliances,29,931,7,10661,27,58,35,472.15
prd_01222,health_perfumery,40,936,5,7940,11,16,39,80.37
prd_01223,health_perfumery,32,214,2,11762,65,22,69,98.86
prd_01224,telephony,24,664,6,473,38,38,14,588.56
prd_01225,health_perfumery,39,447,6,9495,71,79,56,94.57
prd_01226,sports_leisure,54,641,4,13434,90,64,54,24.91
prd_01227,health_perfumery,26,140,8,3569,11,76,50,98.14
prd_01228,books_stationery,41,978,5,4265,34,20,45,34.84
prd_01229,home_appliances,49,175,3,14421,57,9,21,442.56
prd_01230,fashion_clothing,58,578,2,10132,41,73,52,94.75
prd_01231,sports_leisure,45,571,1,12052,67,59,34,22.82
prd_01232,telephony,48,294,8,14263,64,31,43,490.26
prd_01233,sports_leisure,47,868,1,9703,55,6,62,91.21
prd_01234,garden_tools,26,951,1,6269,88,71,80,238.57
prd_01235,housewares,48,802,5,1883,55,49,37,52.88
prd_01236,electronics,38,218,4,7403,60,51,37,696.72
prd_01237,sports_leisure,29,146,8,3639,43,79,24,207.16
prd_01238,fashion_clothing,40,775,5,13753,20,71,32,84.91
prd_01239,electronics,38,285,5,6604,76,13,23,117.8
prd_01240,computers_accessories,43,644,7,11232,46,44,76,851.4
prd_01241,housewares,30,175,3,1081,38,62,32,38.47
prd_01242,electronics,39,250,8,12537,35,67,18,167.51
prd_01243,beauty_cosmetics,44,314,1,12770,76,71,18,92.34
prd_01244,home_appliances,43,866,6,7665,95,33,52,248.2
prd_01245,telephony,47,772,2,10914,19,10,22,155.5
prd_01246,fashion_clothing,50,979,4,8290,59,37,41,69.01
prd_01247,housewares,47,673,5,4815,89,41,50,81.78
prd_01248,fashion_shoes,35,713,3,10626,89,47,44,134.7
prd_01249,electronics,29,417,6,7067,13,37,34,759.23
prd_01250,sports_leisure,36,916,1,2882,96,55,74,164.66
prd_01251,fashion_clothing,23,223,2,5917,100,16,52,84.48
prd_01252,beauty_cosmetics,31,466,2,14702,70,23,78,28.06
prd_01253,computers_accessories,42,608,5,2974,77,30,40,220.64
prd_01254,computers_accessories,26,996,7,8853,69,18,54,1390.69
prd_01255,toys,34,679,8,8182,19,43,80,123.78
prd_01256,electronics,32,997,7,8941,11,45,61,182.62
prd_01257,computers_accessories,34,702,2,13680,50,77,26,554.7
prd_01258,telephony,38,420,8,14323,16,42,77,388.62
prd_01259,housewares,44,191,1,5427,29,23,54,93.73
prd_01260,home_appliances,52,680,5,7389,27,44,65,536.59
prd_01261,toys,45,695,1,8136,46,61,33,56.18
prd_01262,automotive,22,208,4,14350,95,21,33,222.76
prd_01263,fashion_shoes,60,431,7,9887,71,62,79,57.52
prd_01264,electronics,22,392,3,7096,52,62,29,658.37
prd_01265,electronics,32,812,2,8268,89,79,12,526.05
prd_01266,health_perfumery,25,348,6,9609,23,78,47,63.42
prd_01267,fashion_clothing,47,288,2,6713,68,49,36,86.87
prd_01268,electronics,25,598,1,7661,13,50,63,587.42
prd_01269,sports_leisure,51,900,7,14608,72,29,49,179.83
prd_01270,beauty_cosmetics,58,741,4,9801,50,79,48,32.25
prd_01271,health_perfumery,26,759,7,10102,45,12,52,91.17
prd_01272,books_stationery,46,265,8,3571,48,68,60,24.11
prd_01273,electronics,44,189,7,10921,60,24,63,138.74
prd_01274,housewares,21,961,6,6785,46,30,14,111.98
prd_01275,telephony,42,355,8,3667,35,53,66,203.34
prd_01276,home_appliances,60,701,1,14526,39,57,32,215.89
prd_01277,books_stationery,30,175,7,3418,10,49,33,33.28
prd_01278,beauty_cosmetics,48,572,6,13393,84,37,27,59.38
prd_01279,fashion_clothing,20,360,5,4592,63,56,43,99.43
prd_01280,computers_accessories,43,565,5,8112,89,26,42,397.31
prd_01281,home_appliances,38,367,2,213,27,56,23,641.13
prd_01282,fashion_clothing,42,363,3,10124,14,34,65,88.53
prd_01283,books_stationery,37,928,7,8188,100,9,15,33.38
prd_01284,sports_leisure,57,606,8,14925,44,35,33,296.78
prd_01285,automotive,31,575,3,11944,83,29,25,270.35
prd_01286,sports_leisure,40,534,8,4157,38,55,23,178.97
prd_01287,health_perfumery,55,547,2,9962,68,76,73,84.31
prd_01288,beauty_cosmetics,28,421,7,14571,12,18,78,79.3
prd_01289,electronics,24,256,2,10071,55,46,55,446.61
prd_01290,sports_leisure,49,346,8,14179,85,12,62,125.03
prd_01291,electronics,59,605,8,6130,46,52,60,382.45
prd_01292,sports_leisure,28,145,8,4042,80,25,17,18.02
prd_01293,electronics,42,671,5,2435,54,35,45,464.93
prd_01294,health_perfumery,47,107,3,10224,71,73,35,65.98
prd_01295,beauty_cosmetics,30,100,2,6251,11,7,61,85.87
prd_01296,electronics,58,960,2,6541,59,31,68,701.92
prd_01297,toys,39,201,7,11543,57,6,53,65.68
prd_01298,books_stationery,34,299,8,8328,48,16,12,28.69
prd_01299,garden_tools,23,390,8,702,21,39,17,214.96
prd_01300,automotive,21,264,8,4476,81,27,31,270.82
prd_01301,fashion_clothing,27,680,8,8189,77,9,25,36.71
prd_01302,garden_tools,50,845,3,14782,51,69,76,152.47
prd_01303,electronics,48,934,1,10553,93,66,34,72.3
prd_01304,garden_tools,54,139,4,5309,84,58,25,156.9
prd_01305,fashion_shoes,49,336,7,7005,53,33,75,149.45
prd_01306,telephony,23,517,8,8938,89,15,67,355.03
prd_01307,books_stationery,49,732,4,14631,77,32,48,25.34
prd_01308,housewares,20,159,3,5256,96,57,48,98.52
prd_01309,home_appliances,25,844,3,7378,68,79,16,778.0
prd_01310,home_appliances,40,408,7,7770,58,16,59,823.28
prd_01311,telephony,41,578,7,3413,76,37,33,409.81
prd_01312,fashion_clothing,34,270,8,357,69,73,24,92.24
prd_01313,health_perfumery,26,939,5,6089,67,58,33,67.21
prd_01314,fashion_shoes,59,863,7,741,45,47,15,103.76
prd_01315,sports_leisure,45,453,2,7027,37,59,76,220.23
prd_01316,housewares,50,332,1,3629,74,19,74,134.05
prd_01317,electronics,37,308,8,705,40,67,43,436.57
prd_01318,fashion_clothing,31,271,7,10043,76,60,67,31.11
prd_01319,fashion_clothing,55,834,7,8624,78,45,62,86.35
prd_01320,fashion_clothing,39,150,5,1550,32,13,34,46.33
prd_01321,fashion_clothing,39,828,1,4384,55,68,20,46.2
prd_01322,toys,54,389,4,14586,94,35,65,85.68
prd_01323,automotive,24,512,5,2755,81,76,25,190.95
prd_01324,home_appliances,25,364,8,13883,13,27,43,404.78
prd_01325,fashion_shoes,29,528,3,1418,84,10,79,151.68
prd_01326,beauty_cosmetics,47,255,6,5831,43,21,10,58.2
prd_01327,sports_leisure,23,742,5,4498,78,19,16,46.31
prd_01328,telephony,33,207,7,2741,80,68,53,959.91
prd_01329,housewares,39,669,2,13454,69,14,55,149.22
prd_01330,housewares,55,101,2,3605,50,57,30,149.73
prd_01331,sports_leisure,33,875,3,2587,52,19,56,230.66
prd_01332,telephony,28,475,7,12882,90,42,66,232.19
prd_01333,home_appliances,20,191,1,2298,64,75,72,850.3
prd_01334,housewares,60,813,1,8433,30,10,41,13.1
prd_01335,telephony,43,503,6,10963,28,15,35,279.94
prd_01336,computers_accessories,33,731,8,7727,53,73,26,1343.37
prd_01337,office_furniture,45,995,7,8543,76,36,53,435.94
prd_01338,electronics,30,449,2,13033,20,63,78,261.56
prd_01339,computers_accessories,42,818,1,11244,51,16,39,1340.56
prd_01340,telephony,53,318,1,11752,71,41,14,833.8
prd_01341,housewares,30,997,5,1495,97,15,35,22.33
prd_01342,toys,58,283,2,10616,23,42,44,134.76
prd_01343,fashion_shoes,21,761,6,9503,96,43,26,86.49
prd_01344,toys,24,518,3,1790,64,74,47,100.33
prd_01345,electronics,52,541,2,14452,55,53,22,372.94
prd_01346,electronics,58,390,3,13892,82,15,67,447.85
prd_01347,beauty_cosmetics,39,961,5,9640,23,51,65,10.27
prd_01348,electronics,50,816,7,3070,21,40,58,646.4
prd_01349,home_appliances,37,907,1,2147,100,48,17,465.57
prd_01350,housewares,36,817,3,3398,66,51,45,46.71
prd_01351,books_stationery,30,391,4,10588,22,37,34,17.71
prd_01352,beauty_cosmetics,37,166,5,3414,51,21,80,97.42
prd_01353,toys,32,157,1,3338,12,66,79,128.35
prd_01354,computers_accessories,20,917,4,6234,70,80,21,1261.07
prd_01355,housewares,45,544,2,9291,32,39,38,19.85
prd_01356,health_perfumery,47,164,2,13807,34,7,54,82.54
prd_01357,fashion_shoes,44,996,1,2365,40,16,45,198.05
prd_01358,beauty_cosmetics,56,803,5,13065,57,68,43,87.23
prd_01359,electronics,46,474,5,7028,83,13,21,745.73
prd_01360,electronics,58,315,4,1217,53,44,42,380.53
prd_01361,health_perfumery,48,478,2,2872,35,22,21,35.17
prd_01362,beauty_cosmetics,23,169,3,3028,46,9,68,52.99
prd_01363,fashion_shoes,58,111,1,9577,92,50,43,31.61
prd_01364,fashion_shoes,43,120,5,9772,24,25,29,147.29
prd_01365,toys,41,387,5,12511,44,56,12,118.41
prd_01366,electronics,54,978,6,2725,56,72,17,375.74
prd_01367,fashion_shoes,28,199,3,6938,74,77,72,115.83
prd_01368,housewares,34,727,6,10626,12,23,24,85.55
prd_01369,housewares,39,935,8,14129,86,11,17,130.89
prd_01370,sports_leisure,43,422,2,220,35,42,67,108.72
prd_01371,sports_leisure,35,126,2,10634,32,34,15,291.86
prd_01372,sports_leisure,26,998,8,613,34,63,65,216.17
prd_01373,housewares,37,496,7,10269,47,55,62,96.86
prd_01374,fashion_shoes,21,945,2,11225,25,30,78,133.74
prd_01375,electronics,27,727,3,13106,93,19,42,790.22
prd_01376,fashion_clothing,51,479,7,3822,71,71,27,16.24
prd_01377,sports_leisure,59,343,3,3732,84,16,73,232.49
prd_01378,fashion_shoes,37,709,8,2212,76,27,55,175.27
prd_01379,home_appliances,36,451,2,7339,24,10,63,816.13
prd_01380,toys,50,111,7,12953,11,43,71,122.81
prd_01381,fashion_shoes,57,776,4,5633,76,35,40,195.36
prd_01382,electronics,42,237,6,11436,56,32,56,694.47
prd_01383,fashion_clothing,59,846,3,13649,12,36,61,51.11
prd_01384,fashion_clothing,55,206,3,14787,44,6,80,80.42
prd_01385,fashion_clothing,52,350,2,5047,100,34,39,114.5
prd_01386,electronics,22,311,1,2036,51,67,25,82.23
prd_01387,electronics,50,490,5,1037,25,69,16,674.71
prd_01388,home_appliances,26,234,1,12349,77,8,51,409.5
prd_01389,health_perfumery,48,504,1,1900,84,8,70,107.83
prd_01390,computers_accessories,22,696,2,6176,57,50,74,601.24
prd_01391,sports_leisure,57,828,5,2345,32,33,27,155.24
prd_01392,fashion_shoes,39,698,7,6732,95,72,69,113.96
prd_01393,garden_tools,21,892,6,11303,18,50,42,175.47
prd_01394,fashion_shoes,33,888,2,7918,48,75,54,179.4
prd_01395,office_furniture,36,626,4,8545,12,30,35,85.91
prd_01396,telephony,25,604,8,14832,34,71,34,759.07
prd_01397,sports_leisure,27,151,7,7344,88,41,76,30.72
prd_01398,telephony,37,630,7,2791,97,31,74,971.8
prd_01399,electronics,46,148,1,12846,26,61,19,488.31
prd_01400,health_perfumery,32,856,2,12041,75,65,45,16.41
prd_01401,housewares,43,442,5,397,61,64,26,75.84
prd_01402,sports_leisure,22,203,3,5065,81,13,10,172.57
prd_01403,home_appliances,31,701,1,1783,55,70,14,919.12
prd_01404,automotive,30,823,2,11789,48,51,58,67.7
prd_01405,housewares,39,965,1,6476,28,41,39,35.42
prd_01406,telephony,26,169,3,4003,48,44,63,592.39
prd_01407,sports_leisure,50,455,4,8374,82,47,60,150.18
prd_01408,housewares,28,629,1,5444,82,19,23,125.26
prd_01409,housewares,33,413,8,13095,65,6,13,118.07
prd_01410,books_stationery,35,440,1,6801,46,28,10,53.62
prd_01411,fashion_clothing,21,297,3,4041,74,38,79,75.8
prd_01412,electronics,40,691,1,6082,99,78,72,152.73
prd_01413,computers_accessories,56,831,2,2479,42,28,37,380.82
prd_01414,electronics,53,589,2,10015,30,65,44,538.6
prd_01415,electronics,23,844,7,4377,74,51,62,642.45
prd_01416,health_perfumery,50,310,2,10993,48,54,61,107.07
prd_01417,health_perfumery,31,928,3,10078,20,24,64,71.53
prd_01418,electronics,29,407,5,2563,42,49,36,246.83
prd_01419,telephony,46,457,8,798,74,55,51,944.26
prd_01420,telephony,26,501,2,9317,14,59,12,306.15
prd_01421,fashion_clothing,52,379,8,487,60,17,18,103.13
prd_01422,books_stationery,34,842,1,893,56,44,32,9.21
prd_01423,computers_accessories,31,582,6,7359,97,39,38,1488.81
prd_01424,books_stationery,24,456,4,1645,69,18,69,19.56
prd_01425,automotive,29,586,1,13482,76,68,46,58.88
prd_01426,home_appliances,40,397,8,1740,16,75,60,416.47
prd_01427,toys,29,521,5,3963,93,79,52,61.98
prd_01428,housewares,24,597,5,3757,21,55,59,42.78
prd_01429,electronics,46,398,8,10157,94,23,48,789.28
prd_01430,electronics,47,280,1,3533,90,36,64,125.26
prd_01431,automotive,58,204,4,9432,25,72,16,368.18
prd_01432,home_appliances,46,256,8,1293,60,69,73,414.7
prd_01433,books_stationery,23,402,4,1418,77,70,39,35.16
prd_01434,books_stationery,29,113,7,2071,69,71,65,47.6
prd_01435,beauty_cosmetics,55,899,2,12731,99,26,59,19.77
prd_01436,beauty_cosmetics,35,220,8,3296,72,59,69,94.68
prd_01437,home_appliances,32,748,8,3320,49,48,14,290.75
prd_01438,fashion_clothing,26,387,5,7249,81,47,12,41.51
prd_01439,fashion_clothing,31,317,3,7230,65,18,26,33.77
prd_01440,automotive,28,255,1,13949,73,76,61,224.7
prd_01441,fashion_shoes,31,268,1,3456,21,59,48,82.92
prd_01442,beauty_cosmetics,26,218,1,13907,89,14,72,83.96
prd_01443,fashion_shoes,34,621,6,12649,10,67,62,37.88
prd_01444,housewares,38,204,8,9269,41,29,36,85.08
prd_01445,fashion_clothing,39,103,2,3621,54,65,24,106.7
prd_01446,fashion_shoes,22,379,2,14789,13,61,37,49.35
prd_01447,sports_leisure,38,826,1,13130,26,21,42,136.4
prd_01448,electronics,37,835,7,4230,24,27,27,524.8
prd_01449,telephony,25,584,5,9767,43,22,52,640.32
prd_01450,computers_accessories,42,431,8,7781,63,29,45,175.14
prd_01451,computers_accessories,43,160,1,4767,26,19,71,862.85
prd_01452,health_perfumery,45,754,8,14796,79,80,63,84.39
prd_01453,electronics,45,870,4,14002,49,76,10,528.75
prd_01454,home_appliances,45,765,5,6309,100,40,56,553.64
prd_01455,beauty_cosmetics,57,706,8,1454,30,36,75,82.53
prd_01456,electronics,32,401,5,11864,75,63,11,509.24
prd_01457,housewares,59,438,5,7865,18,20,59,136.38
prd_01458,electronics,58,318,4,14259,66,35,16,599.07
prd_01459,fashion_clothing,41,709,6,10805,48,65,47,100.12
prd_01460,fashion_clothing,27,638,2,4321,14,70,45,85.76
prd_01461,electronics,32,214,3,14982,96,7,23,423.88
prd_01462,automotive,27,812,3,3398,46,38,40,40.91
prd_01463,electronics,52,332,6,14485,58,71,64,296.87
prd_01464,home_appliances,47,113,7,1389,55,76,21,644.37
prd_01465,computers_accessories,38,663,3,7374,68,65,38,111.04
prd_01466,sports_leisure,21,397,6,10386,49,56,72,295.73
prd_01467,telephony,36,645,6,5122,43,10,78,797.47
prd_01468,beauty_cosmetics,32,430,4,10561,81,26,61,53.34
prd_01469,electronics,35,772,6,11192,45,8,66,337.94
prd_01470,fashion_clothing,30,661,6,11490,55,78,73,19.04
prd_01471,beauty_cosmetics,52,311,5,14485,38,75,63,51.06
prd_01472,automotive,31,166,3,4639,77,26,66,284.07
prd_01473,fashion_clothing,59,662,1,7757,13,5,38,113.66
prd_01474,electronics,32,903,6,11091,29,21,53,568.02
prd_01475,computers_accessories,56,751,5,6046,43,51,69,405.28
prd_01476,housewares,40,655,8,13828,47,21,30,105.83
prd_01477,toys,54,547,1,7259,50,38,13,118.78
prd_01478,housewares,59,666,1,5676,24,45,78,90.06
prd_01479,health_perfumery,54,328,2,2538,34,74,47,104.12
prd_01480,books_stationery,30,560,6,1396,63,10,75,17.47
prd_01481,sports_leisure,43,202,1,11776,81,15,36,282.81
prd_01482,fashion_clothing,42,559,1,7732,72,69,11,39.61
prd_01483,electronics,51,925,7,128,74,69,18,551.38
prd_01484,telephony,40,216,5,12422,26,11,79,777.01
prd_01485,toys,60,133,3,13236,12,16,57,137.23
prd_01486,beauty_cosmetics,20,186,8,5792,68,16,11,75.93
prd_01487,housewares,55,719,8,2670,93,63,33,145.15
prd_01488,health_perfumery,50,377,8,14573,54,19,70,95.47
prd_01489,computers_accessories,30,909,8,5097,82,22,11,899.74
prd_01490,telephony,57,883,5,12271,99,24,41,250.99
prd_01491,fashion_clothing,52,764,7,11289,10,73,35,40.47
prd_01492,electronics,26,848,7,9829,11,12,79,608.08
prd_01493,fashion_clothing,42,321,6,6289,12,39,56,99999.0
prd_01494,telephony,57,426,2,3464,31,39,33,228.16
prd_01495,fashion_shoes,35,635,4,7969,48,51,56,197.39
prd_01496,health_perfumery,32,217,5,9255,77,68,70,77.81
prd_01497,electronics,28,406,8,4615,86,11,46,643.12
prd_01498,telephony,54,815,8,378,67,65,16,717.15
prd_01499,electronics,54,323,6,9962,88,43,39,717.97
prd_01500,books_stationery,46,174,2,11009,13,11,80,38.67
prd_01501,health_perfumery,21,621,4,6839,47,46,26,48.95
prd_01502,fashion_clothing,43,785,1,306,77,67,76,117.51
prd_01503,computers_accessories,59,237,3,9981,15,78,40,265.62
prd_01504,books_stationery,23,787,7,3392,43,6,15,24.0
prd_01505,electronics,40,229,1,3474,63,31,27,277.9
prd_01506,home_appliances,32,605,4,11457,86,74,29,704.37
prd_01507,telephony,50,153,8,7993,69,57,31,685.64
prd_01508,fashion_clothing,36,633,8,4977,31,60,75,64.56
prd_01509,electronics,52,657,5,7664,12,33,46,789.91
prd_01510,electronics,24,334,5,1760,49,9,36,256.83
prd_01511,fashion_clothing,37,750,8,9181,74,77,11,92.84
prd_01512,beauty_cosmetics,49,541,8,3911,93,35,68,75.45
prd_01513,telephony,34,454,2,7064,68,27,69,972.65
prd_01514,electronics,22,757,6,13536,21,75,43,721.35
prd_01515,computers_accessories,37,619,7,10273,13,27,43,704.62
prd_01516,automotive,42,862,3,14593,100,44,65,306.58
prd_01517,health_perfumery,54,443,8,1353,74,20,65,27.47
prd_01518,computers_accessories,57,862,2,2507,72,76,65,453.83
prd_01519,sports_leisure,60,269,7,3174,59,45,57,121.1
prd_01520,health_perfumery,49,242,2,3796,41,62,42,100.05
prd_01521,home_appliances,51,163,4,1859,62,50,38,785.59
prd_01522,sports_leisure,60,528,5,14844,64,52,29,165.38
prd_01523,fashion_clothing,30,494,5,775,16,13,53,93.9
prd_01524,books_stationery,40,119,3,4817,89,69,74,25.61
prd_01525,toys,40,135,5,14532,81,45,23,53.6
prd_01526,telephony,51,782,7,7105,17,24,11,593.88
prd_01527,office_furniture,26,324,5,2580,18,78,35,383.73
prd_01528,fashion_clothing,50,392,1,14567,22,53,14,65.41
prd_01529,housewares,52,610,1,7015,91,77,54,93.12
prd_01530,fashion_clothing,46,666,1,6985,60,21,75,41.86
prd_01531,beauty_cosmetics,38,457,4,13477,10,74,62,79.0
prd_01532,housewares,45,243,8,14923,18,15,29,139.01
prd_01533,fashion_clothing,48,932,7,2300,32,80,69,112.21
prd_01534,automotive,46,872,1,13436,42,20,29,286.92
prd_01535,computers_accessories,58,580,2,9561,61,15,36,361.64
prd_01536,computers_accessories,54,749,2,1520,59,44,32,249.18
prd_01537,housewares,38,646,4,4658,72,35,74,25.32
prd_01538,health_perfumery,24,474,2,7206,88,32,38,81.78
prd_01539,telephony,37,622,2,6790,46,78,76,895.56
prd_01540,fashion_shoes,57,917,8,4527,43,7,50,78.77
prd_01541,sports_leisure,29,116,2,7273,74,27,27,138.16
prd_01542,electronics,39,290,8,114,96,26,47,394.99
prd_01543,fashion_shoes,54,178,6,7077,89,61,42,36.84
prd_01544,fashion_clothing,36,763,4,11760,14,31,66,43.73
prd_01545,housewares,29,963,3,10137,51,17,67,60.05
prd_01546,fashion_shoes,43,834,4,2290,61,17,78,76.06
prd_01547,toys,45,493,2,3402,46,39,52,69.51
prd_01548,housewares,51,415,7,7265,11,77,12,32.39
prd_01549,toys,49,750,3,13598,17,22,61,98.23
prd_01550,electronics,25,151,5,687,89,8,66,285.58
prd_01551,beauty_cosmetics,22,561,5,9292,88,5,49,95.14
prd_01552,sports_leisure,53,941,8,6825,72,51,58,17.14
prd_01553,sports_leisure,56,440,2,3429,61,42,14,217.79
prd_01554,telephony,32,243,5,11951,74,33,80,649.59
prd_01555,home_appliances,55,290,3,7803,37,63,62,799.98
prd_01556,sports_leisure,50,783,8,5647,97,54,71,120.56
prd_01557,home_appliances,42,321,3,14368,13,23,78,909.69
prd_01558,fashion_clothing,60,121,2,10634,82,41,48,27.92
prd_01559,electronics,50,141,1,267,50,14,66,64.65
prd_01560,books_stationery,54,742,6,14096,76,22,69,51.74
prd_01561,books_stationery,31,916,3,12484,73,63,78,35.82
prd_01562,health_perfumery,23,277,4,1509,31,6,39,65.44
prd_01563,computers_accessories,43,618,8,210,66,61,73,1129.3
prd_01564,telephony,37,573,8,1135,27,31,10,664.01
prd_01565,books_stationery,31,691,6,7246,68,55,37,27.78
prd_01566,health_perfumery,33,149,5,6788,79,21,75,19.07
prd_01567,office_furniture,40,647,4,1390,71,23,43,228.86
prd_01568,housewares,25,898,5,8062,80,37,29,32.0
prd_01569,beauty_cosmetics,56,937,6,6417,83,41,35,12.66
prd_01570,computers_accessories,23,986,3,14973,54,14,75,207.01
prd_01571,housewares,32,599,5,7108,64,23,77,135.14
prd_01572,electronics,58,943,1,5062,20,63,74,781.65
prd_01573,beauty_cosmetics,31,372,3,12611,15,25,46,46.63
prd_01574,housewares,49,693,8,11569,61,17,65,43.72
prd_01575,books_stationery,54,428,5,6999,88,6,64,9.12
prd_01576,beauty_cosmetics,45,603,3,6780,68,17,33,58.47
prd_01577,fashion_shoes,45,271,4,3839,88,68,22,31.85
prd_01578,beauty_cosmetics,26,344,4,7458,40,13,15,93.3
prd_01579,home_appliances,29,244,7,2833,13,70,63,251.7
prd_01580,health_perfumery,34,487,8,7493,50,80,14,21.72
prd_01581,housewares,25,678,8,6466,13,78,55,116.16
prd_01582,computers_accessories,39,314,7,2435,55,79,75,856.92
prd_01583,computers_accessories,57,400,5,9762,88,78,35,858.63
prd_01584,office_furniture,20,870,6,2078,30,63,30,89.76
prd_01585,fashion_clothing,37,588,8,2946,34,60,23,49.08
prd_01586,computers_accessories,58,702,6,7646,21,45,41,506.0
prd_01587,health_perfumery,46,341,1,11192,23,23,17,67.97
prd_01588,fashion_shoes,56,248,3,9146,10,45,58,165.78
prd_01589,sports_leisure,38,456,6,2012,14,29,57,251.8
prd_01590,electronics,27,991,2,693,12,56,57,191.32
prd_01591,housewares,31,947,3,3408,37,71,78,21.79
prd_01592,computers_accessories,39,347,2,7318,51,30,37,380.0
prd_01593,computers_accessories,45,759,3,6854,26,80,40,336.45
prd_01594,telephony,28,573,2,8418,16,18,12,651.29
prd_01595,beauty_cosmetics,25,494,2,7127,42,63,55,70.4
prd_01596,housewares,33,228,5,12995,80,45,73,72.53
prd_01597,housewares,41,849,4,13712,83,76,45,118.72
prd_01598,sports_leisure,60,627,1,13390,98,8,51,44.0
prd_01599,sports_leisure,23,905,3,536,60,43,17,158.02
prd_01600,sports_leisure,55,689,2,303,37,16,14,173.55
prd_01601,electronics,53,820,1,14222,96,41,53,371.77
prd_01602,telephony,30,296,3,11684,31,48,78,985.24
prd_01603,fashion_clothing,39,125,8,5942,58,25,46,86.0
prd_01604,fashion_clothing,53,282,2,12175,47,43,73,119.1
prd_01605,sports_leisure,31,815,5,3859,87,23,13,154.34
prd_01606,sports_leisure,23,843,1,2116,88,18,63,63.87
prd_01607,fashion_clothing,34,529,5,14272,44,77,58,85.02
prd_01608,electronics,20,906,5,9807,99,16,50,99.69
prd_01609,books_stationery,44,427,4,11740,81,32,73,36.92
prd_01610,fashion_clothing,52,892,1,3399,58,35,20,61.54
prd_01611,fashion_clothing,53,709,8,12757,89,64,38,63.54
prd_01612,housewares,48,844,3,14689,19,56,56,148.13
prd_01613,fashion_shoes,47,406,8,1578,25,43,38,69.07
prd_01614,fashion_shoes,45,199,3,6931,66,35,57,76.9
prd_01615,housewares,35,356,2,1749,25,31,73,84.5
prd_01616,housewares,33,134,1,2635,54,9,43,20.33
prd_01617,beauty_cosmetics,33,878,7,7580,49,72,38,93.9
prd_01618,fashion_clothing,44,764,6,3000,58,52,23,88.28
prd_01619,sports_leisure,44,698,4,2199,17,27,18,268.52
prd_01620,telephony,48,233,4,4378,76,58,70,406.5
prd_01621,housewares,38,462,3,11861,61,23,56,112.96
prd_01622,office_furniture,24,924,3,10158,93,67,15,464.49
prd_01623,housewares,55,862,4,10737,57,46,78,110.54
prd_01624,beauty_cosmetics,45,290,4,12617,94,22,68,45.85
prd_01625,telephony,59,652,3,9490,54,11,77,522.82
prd_01626,computers_accessories,22,189,4,13011,80,6,42,295.39
prd_01627,housewares,31,669,6,9505,47,54,65,97.59
prd_01628,housewares,35,312,7,3747,47,10,26,149.78
prd_01629,sports_leisure,58,591,4,12480,28,54,41,146.31
prd_01630,fashion_clothing,51,748,6,11477,78,27,34,93.8
prd_01631,health_perfumery,38,273,3,914,68,37,29,66.46
prd_01632,housewares,29,365,2,8865,53,18,27,72.79
prd_01633,computers_accessories,27,940,6,11407,45,22,57,934.71
prd_01634,beauty_cosmetics,20,145,6,495,46,34,15,17.54
prd_01635,electronics,20,213,3,9683,39,45,28,414.67
prd_01636,beauty_cosmetics,41,910,5,11423,69,64,74,28.8
prd_01637,housewares,46,920,3,12292,56,23,79,139.26
prd_01638,sports_leisure,21,944,5,827,98,36,54,63.42
prd_01639,electronics,45,769,8,9612,29,26,33,76.13
prd_01640,beauty_cosmetics,30,476,7,7458,27,8,21,18.25
prd_01641,fashion_clothing,57,300,8,8786,31,36,70,27.45
prd_01642,health_perfumery,23,550,4,9614,71,52,23,81.53
prd_01643,health_perfumery,58,380,7,566,63,23,36,119.23
prd_01644,fashion_shoes,34,263,6,5813,26,55,19,50.5
prd_01645,computers_accessories,59,127,5,13865,40,61,76,840.03
prd_01646,automotive,33,841,3,8204,15,59,24,167.82
prd_01647,office_furniture,48,173,5,744,42,6,11,147.38
prd_01648,housewares,32,568,1,1295,53,77,70,127.59
prd_01649,fashion_shoes,27,940,1,9848,31,72,71,62.65
prd_01650,health_perfumery,39,581,3,-953,61,13,15,34.57
prd_01651,fashion_clothing,29,599,8,4404,25,32,35,49.83
prd_01652,electronics,29,565,8,11369,99,56,61,314.29
prd_01653,beauty_cosmetics,41,394,4,2042,43,72,71,84.93
prd_01654,sports_leisure,45,520,4,9535,74,15,45,189.58
prd_01655,garden_tools,22,980,6,7040,93,59,36,170.86
prd_01656,office_furniture,27,431,5,10282,64,34,32,94.2
prd_01657,electronics,53,950,6,12389,100,39,20,730.61
prd_01658,books_stationery,53,601,1,690,90,55,43,34.42
prd_01659,office_furniture,32,168,6,4948,86,6,80,248.67
prd_01660,computers_accessories,45,755,8,919,68,34,73,1209.36
prd_01661,fashion_clothing,47,931,2,6182,53,9,25,71.43
prd_01662,home_appliances,23,535,3,9960,86,75,72,699.4
prd_01663,home_appliances,49,959,5,282,65,36,78,896.85
prd_01664,health_perfumery,50,479,1,7032,47,8,42,65.61
prd_01665,fashion_shoes,35,897,3,2067,75,10,14,71.69
prd_01666,telephony,60,143,2,11014,40,33,67,696.63
prd_01667,fashion_clothing,44,416,1,3357,33,57,29,67.24
prd_01668,fashion_clothing,28,893,2,5056,86,41,50,83.35
prd_01669,fashion_clothing,28,602,1,833,22,77,30,42.43
prd_01670,electronics,60,401,8,3626,71,65,10,251.42
prd_01671,health_perfumery,29,505,6,10869,94,65,63,112.86
prd_01672,books_stationery,59,786,6,14036,19,45,30,43.44
prd_01673,electronics,22,104,5,14680,12,31,16,377.64
prd_01674,home_appliances,37,223,5,5695,97,23,28,358.41
prd_01675,beauty_cosmetics,40,531,2,5439,43,9,53,30.32
prd_01676,fashion_shoes,58,275,2,8402,77,43,56,168.49
prd_01677,sports_leisure,27,657,5,14119,91,36,42,70.0
prd_01678,fashion_shoes,26,874,7,10949,24,14,13,68.78
prd_01679,sports_leisure,29,962,4,585,91,14,48,79.49
prd_01680,fashion_shoes,22,660,8,2288,30,29,41,74.88
prd_01681,toys,23,523,2,2761,24,40,56,52.05
prd_01682,fashion_shoes,32,662,1,9324,58,46,36,74.99
prd_01683,housewares,20,347,7,2962,75,31,18,100.44
prd_01684,books_stationery,53,900,8,4099,92,55,33,13.65
prd_01685,housewares,32,821,8,13107,84,52,74,76.25
prd_01686,housewares,30,270,1,3751,23,31,48,17.73
prd_01687,fashion_clothing,24,775,8,14750,45,59,17,76.31
prd_01688,health_perfumery,48,123,3,12524,73,53,57,28.72
prd_01689,telephony,29,926,2,610,29,23,34,94.07
prd_01690,fashion_clothing,59,415,4,8346,56,50,11,35.29
prd_01691,fashion_clothing,33,358,8,10867,71,63,61,95.59
prd_01692,electronics,23,419,3,9434,64,9,37,349.45
prd_01693,fashion_shoes,55,846,5,12420,34,51,41,30.77
prd_01694,electronics,30,462,1,13201,90,48,44,214.96
prd_01695,books_stationery,21,503,4,7796,43,36,24,54.95
prd_01696,housewares,47,965,1,1708,75,45,11,15.61
prd_01697,electronics,51,297,3,1674,57,18,56,88.31
prd_01698,fashion_clothing,20,703,4,12784,77,17,78,52.38
prd_01699,health_perfumery,48,624,7,6449,87,65,61,111.69
prd_01700,fashion_clothing,26,793,7,5850,20,13,61,119.27
prd_01701,computers_accessories,32,294,7,9914,44,10,50,1222.57
prd_01702,toys,43,514,1,7379,48,73,66,144.5
prd_01703,beauty_cosmetics,27,518,3,5094,14,18,58,29.22
prd_01704,fashion_clothing,46,168,1,1805,69,44,80,15.95
prd_01705,home_appliances,41,884,6,4217,69,18,69,161.52
prd_01706,housewares,35,794,6,1129,25,52,10,133.79
prd_01707,books_stationery,55,892,2,6414,76,38,39,53.18
prd_01708,electronics,42,873,2,114,10,52,37,787.17
prd_01709,beauty_cosmetics,48,453,8,13799,54,54,64,15.15
prd_01710,health_perfumery,53,463,4,14415,84,50,76,85.09
prd_01711,office_furniture,57,949,8,9434,62,23,16,499.53
prd_01712,computers_accessories,29,901,1,7386,16,70,46,1304.32
prd_01713,fashion_clothing,53,104,7,135,45,73,35,31.56
prd_01714,automotive,47,972,4,9273,23,37,37,280.01
prd_01715,electronics,34,899,4,8969,79,55,76,315.5
prd_01716,electronics,59,824,8,7207,40,49,12,663.94
prd_01717,computers_accessories,38,368,3,6094,82,28,43,1363.36
prd_01718,fashion_shoes,60,701,3,12220,75,57,75,126.94
prd_01719,computers_accessories,51,858,2,13459,37,16,26,1260.03
prd_01720,beauty_cosmetics,59,350,2,6919,28,30,44,86.18
prd_01721,sports_leisure,46,294,7,1573,36,71,40,15.06
prd_01722,fashion_clothing,30,228,7,3121,62,16,76,47.56
prd_01723,computers_accessories,52,558,7,4767,39,46,48,724.49
prd_01724,sports_leisure,58,772,2,3358,88,43,64,257.01
prd_01725,sports_leisure,39,596,3,14715,16,43,17,189.64
prd_01726,health_perfumery,24,517,3,596,72,24,22,109.54
prd_01727,computers_accessories,35,569,5,8896,76,32,39,884.65
prd_01728,automotive,44,604,1,10039,41,61,80,39.34
prd_01729,telephony,27,944,3,6772,52,60,20,704.03
prd_01730,fashion_shoes,25,642,6,1277,50,37,67,32.72
prd_01731,housewares,37,887,7,12849,70,52,34,74.18
prd_01732,toys,26,407,4,7696,69,41,18,138.63
prd_01733,fashion_shoes,51,977,6,1412,57,30,39,74.56
prd_01734,fashion_clothing,59,861,6,2336,41,63,62,47.71
prd_01735,home_appliances,58,343,1,13405,46,5,13,566.05
prd_01736,electronics,28,458,3,14428,67,50,11,585.21
prd_01737,electronics,23,220,5,3054,27,40,27,656.63
prd_01738,garden_tools,42,154,4,6175,68,33,62,120.75
prd_01739,sports_leisure,53,899,4,9093,83,75,48,170.16
prd_01740,books_stationery,32,628,5,11269,74,65,17,43.54
prd_01741,fashion_shoes,23,702,7,4566,69,29,51,45.31
prd_01742,electronics,32,560,1,13922,73,44,69,88.68
prd_01743,automotive,34,210,6,4818,10,50,41,91.02
prd_01744,telephony,38,200,3,5726,90,33,62,446.15
prd_01745,computers_accessories,44,444,6,5765,91,21,38,690.88
prd_01746,beauty_cosmetics,31,412,7,5769,77,78,45,62.84
prd_01747,electronics,53,254,6,3852,26,67,52,515.67
prd_01748,electronics,32,327,6,3940,42,17,58,722.78
prd_01749,office_furniture,20,840,6,9071,77,29,64,88.52
prd_01750,health_perfumery,49,334,7,6236,93,35,52,87.61
prd_01751,beauty_cosmetics,50,403,8,6840,74,61,31,78.61
prd_01752,fashion_clothing,46,946,2,9106,48,69,73,117.51
prd_01753,electronics,30,474,6,7927,89,42,36,520.83
prd_01754,housewares,23,859,4,276,49,26,60,52.51
prd_01755,telephony,47,121,3,8414,73,15,71,554.73
prd_01756,fashion_shoes,47,377,2,11475,34,51,23,143.32
prd_01757,health_perfumery,25,621,6,13629,69,14,19,24.63
prd_01758,sports_leisure,34,260,2,11429,24,42,60,213.31
prd_01759,telephony,35,111,6,10701,61,22,21,430.84
prd_01760,fashion_clothing,31,676,8,7975,75,27,61,99.98
prd_01761,automotive,59,335,2,7627,82,58,21,250.36
prd_01762,health_perfumery,41,926,8,1694,43,80,71,58.02
prd_01763,telephony,51,431,2,5898,59,9,41,644.97
prd_01764,telephony,51,320,6,8818,96,52,64,230.02
prd_01765,computers_accessories,47,696,1,4806,36,16,43,682.14
prd_01766,telephony,36,817,4,9238,42,41,76,422.5
prd_01767,fashion_clothing,23,757,8,13887,53,79,75,72.18
prd_01768,office_furniture,43,975,2,6893,13,78,77,134.61
prd_01769,telephony,31,228,1,12629,40,38,34,949.76
prd_01770,fashion_shoes,56,469,5,10042,20,57,49,119.16
prd_01771,fashion_clothing,26,759,4,12944,75,26,31,88.17
prd_01772,fashion_clothing,23,743,5,12469,86,74,14,22.52
prd_01773,books_stationery,50,906,8,5001,89,78,17,14.39
prd_01774,toys,32,585,7,12652,34,78,34,66.19
prd_01775,electronics,53,337,3,10063,24,46,12,363.47
prd_01776,beauty_cosmetics,48,439,4,3460,100,15,10,20.87
prd_01777,toys,55,553,6,5540,70,62,45,91.0
prd_01778,fashion_clothing,31,319,8,8532,31,50,75,69.61
prd_01779,fashion_shoes,33,660,3,9455,12,24,17,47.43
prd_01780,housewares,28,202,7,11183,20,25,49,94.14
prd_01781,beauty_cosmetics,30,889,1,5995,18,19,63,40.07
prd_01782,toys,39,149,5,10685,51,54,71,21.11
prd_01783,computers_accessories,38,564,6,10804,34,17,41,1339.27
prd_01784,sports_leisure,27,129,1,3640,92,16,31,39.62
prd_01785,electronics,22,561,8,264,73,40,48,431.76
prd_01786,toys,27,602,5,2132,66,56,57,137.11
prd_01787,fashion_shoes,57,552,8,4833,70,52,21,139.18
prd_01788,telephony,57,216,4,2609,52,23,78,230.25
prd_01789,fashion_clothing,42,439,2,3185,37,12,12,108.71
prd_01790,toys,32,878,4,2087,27,61,41,137.07
prd_01791,telephony,59,716,3,13994,12,31,59,576.06
prd_01792,housewares,48,744,2,566,60,52,50,33.99
prd_01793,electronics,38,683,4,7193,86,14,54,406.41
prd_01794,automotive,53,749,5,14757,71,41,60,356.82
prd_01795,electronics,40,904,6,7200,43,12,14,292.75
prd_01796,books_stationery,23,700,7,13918,17,31,18,39.34
prd_01797,fashion_clothing,29,669,4,7980,26,46,68,22.61
prd_01798,sports_leisure,41,950,3,4506,85,67,62,209.03
prd_01799,books_stationery,51,322,8,12024,11,34,45,42.93
prd_01800,fashion_clothing,29,103,6,6629,74,35,70,39.21
prd_01801,electronics,60,680,2,8330,28,72,14,139.5
prd_01802,electronics,48,579,5,10686,48,14,78,393.35
prd_01803,fashion_clothing,51,190,4,12243,23,19,71,96.5
prd_01804,fashion_clothing,27,845,4,14002,80,32,55,99.77
prd_01805,telephony,30,665,3,2159,13,5,14,934.57
prd_01806,computers_accessories,44,986,5,1691,63,39,68,132.49
prd_01807,computers_accessories,42,410,1,4113,70,25,31,1422.33
prd_01808,fashion_shoes,42,997,7,10484,73,19,66,85.76
prd_01809,housewares,34,725,5,7443,72,78,18,83.09
prd_01810,electronics,28,822,2,13199,79,22,47,658.27
prd_01811,computers_accessories,58,706,2,7850,51,8,52,956.45
prd_01812,computers_accessories,58,828,5,6056,38,61,31,195.31
prd_01813,telephony,36,600,3,3432,39,61,69,560.3
prd_01814,sports_leisure,34,601,2,4378,78,14,59,129.7
prd_01815,electronics,53,131,8,12457,54,37,44,197.84
prd_01816,books_stationery,48,510,6,14939,14,41,77,9.79
prd_01817,health_perfumery,35,819,3,5394,41,50,60,65.65
prd_01818,automotive,49,182,7,14466,22,14,75,71.33
prd_01819,fashion_clothing,36,139,1,9240,39,61,51,107.89
prd_01820,fashion_shoes,46,967,2,1985,36,9,35,72.31
prd_01821,housewares,54,892,2,13611,25,49,52,122.53
prd_01822,computers_accessories,56,875,6,10077,52,71,67,787.05
prd_01823,housewares,23,968,8,5039,53,26,59,79.71
prd_01824,fashion_clothing,28,638,4,9061,16,19,56,90.62
prd_01825,telephony,57,168,7,10755,64,5,17,168.26
prd_01826,automotive,22,799,1,12416,77,45,17,370.15
prd_01827,electronics,52,325,3,7124,53,43,62,263.83
prd_01828,fashion_shoes,50,465,1,318,10,60,54,88.13
prd_01829,housewares,44,380,3,11794,62,71,54,92.97
prd_01830,telephony,23,715,7,7494,53,54,52,966.01
prd_01831,beauty_cosmetics,33,525,3,7145,31,14,68,10.44
prd_01832,sports_leisure,28,490,7,3494,56,13,10,137.92
prd_01833,electronics,28,613,5,12483,93,56,62,194.04
prd_01834,sports_leisure,30,688,7,7273,14,69,17,130.04
prd_01835,fashion_shoes,41,600,8,12671,27,53,31,101.34
prd_01836,office_furniture,46,461,8,6956,56,19,23,427.48
prd_01837,fashion_clothing,55,970,2,13113,48,43,54,18.42
prd_01838,home_appliances,49,425,7,5855,40,16,78,973.55
prd_01839,electronics,45,494,1,10097,48,60,51,485.69
prd_01840,computers_accessories,51,433,6,3722,39,47,12,1410.1
prd_01841,office_furniture,43,109,7,12533,90,57,20,497.46
prd_01842,electronics,52,721,1,5720,77,71,31,294.63
prd_01843,electronics,51,503,3,9131,74,27,19,295.3
prd_01844,fashion_shoes,50,114,3,1191,87,51,70,73.41
prd_01845,telephony,49,233,4,4608,73,22,63,87.12
prd_01846,fashion_shoes,48,524,1,1759,17,54,32,140.9
prd_01847,telephony,41,359,7,7009,10,11,34,991.28
prd_01848,sports_leisure,23,450,1,1401,36,79,24,151.35
prd_01849,telephony,59,212,8,746,16,77,61,576.52
prd_01850,housewares,53,657,5,14680,92,20,71,34.91
prd_01851,fashion_shoes,27,508,8,11192,86,34,36,33.89
prd_01852,fashion_clothing,21,527,7,12074,69,10,37,26.11
prd_01853,toys,51,882,1,8723,42,46,72,139.72
prd_01854,housewares,56,956,3,7089,32,45,60,90.41
prd_01855,automotive,30,787,4,4694,98,38,68,196.47
prd_01856,computers_accessories,43,431,6,14586,14,72,47,704.21
prd_01857,toys,21,862,6,14699,44,29,28,142.71
prd_01858,garden_tools,33,648,8,14047,59,66,14,204.89
prd_01859,electronics,59,627,6,13619,79,70,30,377.34
prd_01860,home_appliances,32,197,6,6448,44,42,13,898.66
prd_01861,fashion_clothing,58,981,4,9607,60,60,17,84.35
prd_01862,home_appliances,40,140,8,11732,71,44,31,299.95
prd_01863,toys,47,755,8,13132,87,31,58,27.78
prd_01864,computers_accessories,27,944,2,1534,47,52,14,1442.5
prd_01865,toys,56,332,1,3025,44,67,63,96.52
prd_01866,home_appliances,53,712,8,650,70,33,32,664.1
prd_01867,home_appliances,55,583,5,12542,66,6,11,261.26
prd_01868,electronics,47,678,1,1172,89,39,11,175.22
prd_01869,home_appliances,56,567,5,5889,99,23,56,940.75
prd_01870,fashion_clothing,46,500,8,4923,38,65,46,113.97
prd_01871,sports_leisure,21,747,5,7041,40,17,30,170.24
prd_01872,housewares,40,384,8,13361,65,69,73,76.1
prd_01873,telephony,55,386,5,11444,10,30,68,859.14
prd_01874,beauty_cosmetics,23,529,8,6989,25,19,40,83.24
prd_01875,fashion_clothing,55,758,5,1528,78,40,34,27.26
prd_01876,home_appliances,33,479,4,4316,59,9,23,134.55
prd_01877,fashion_clothing,40,679,4,11118,32,39,73,101.23
prd_01878,electronics,22,274,3,11733,61,36,75,236.96
prd_01879,office_furniture,23,233,7,8050,63,13,11,287.38
prd_01880,electronics,37,1000,7,10042,71,53,43,668.08
prd_01881,automotive,26,123,8,13770,53,36,67,164.93
prd_01882,telephony,38,344,6,10971,96,27,48,935.55
prd_01883,garden_tools,24,509,5,11547,74,52,67,181.19
prd_01884,fashion_clothing,55,998,6,8358,28,14,16,105.76
prd_01885,books_stationery,27,963,2,12025,24,58,59,38.11
prd_01886,electronics,52,537,6,8769,27,28,56,72.46
prd_01887,beauty_cosmetics,35,702,2,13833,75,11,19,46.43
prd_01888,fashion_clothing,27,968,8,1810,18,20,16,101.96
prd_01889,fashion_clothing,20,284,5,2174,62,31,68,41.42
prd_01890,fashion_clothing,50,491,3,5636,79,70,57,71.29
prd_01891,fashion_shoes,23,215,3,5629,42,44,17,123.97
prd_01892,fashion_shoes,55,364,2,12145,21,57,49,44.81
prd_01893,beauty_cosmetics,55,467,3,7974,22,67,34,17.66
prd_01894,home_appliances,46,897,2,6327,96,8,53,977.29
prd_01895,electronics,57,970,3,13554,96,23,23,401.42
prd_01896,computers_accessories,25,272,6,4604,51,5,59,1440.79
prd_01897,health_perfumery,57,709,2,1660,15,54,65,71.8
prd_01898,fashion_shoes,54,269,2,1071,12,60,30,167.97
prd_01899,beauty_cosmetics,30,890,5,13226,93,63,68,79.05
prd_01900,automotive,56,929,4,8589,97,31,63,141.23
prd_01901,fashion_clothing,27,322,4,9437,28,68,41,99.53
prd_01902,fashion_clothing,39,236,6,9163,82,68,34,71.68
prd_01903,housewares,49,681,7,9763,23,39,71,10.42
prd_01904,computers_accessories,23,745,5,8930,89,32,80,1374.43
prd_01905,computers_accessories,44,409,3,14637,41,21,74,806.07
prd_01906,electronics,27,557,6,3293,63,33,52,574.66
prd_01907,office_furniture,28,229,5,12716,91,7,28,241.99
prd_01908,telephony,54,541,3,1574,93,68,30,317.32
prd_01909,home_appliances,22,818,4,4741,19,39,20,435.12
prd_01910,fashion_clothing,27,488,8,14443,87,74,21,70.73
prd_01911,electronics,38,173,6,12446,71,55,79,782.39
prd_01912,computers_accessories,21,569,1,13268,47,42,57,891.28
prd_01913,electronics,42,813,2,1857,10,23,50,297.04
prd_01914,telephony,22,854,7,8830,39,69,10,189.25
prd_01915,home_appliances,52,316,6,5923,38,38,11,606.45
prd_01916,health_perfumery,43,506,5,5294,12,61,39,63.97
prd_01917,housewares,29,530,6,11434,47,48,73,135.18
prd_01918,toys,60,476,5,13557,46,32,33,33.44
prd_01919,telephony,52,292,2,2094,70,45,14,695.11
prd_01920,electronics,23,503,3,3654,13,62,59,375.39
prd_01921,beauty_cosmetics,40,964,2,7379,82,13,26,25.77
prd_01922,fashion_clothing,26,982,6,10808,78,27,77,91.38
prd_01923,fashion_clothing,60,286,1,13215,26,5,59,65.08
prd_01924,fashion_shoes,24,421,3,3749,75,54,28,188.84
prd_01925,telephony,56,892,5,8552,56,14,29,706.99
prd_01926,electronics,25,396,5,11273,47,57,66,621.31
prd_01927,sports_leisure,24,756,6,3042,51,57,14,87.39
prd_01928,toys,24,677,4,9643,88,63,78,93.04
prd_01929,beauty_cosmetics,60,193,1,12748,91,66,40,26.15
prd_01930,electronics,54,367,7,10193,42,12,23,427.57
prd_01931,housewares,36,626,8,12748,54,33,62,116.8
prd_01932,fashion_clothing,52,443,3,559,50,22,62,40.25
prd_01933,fashion_shoes,39,690,8,3986,15,51,63,127.1
prd_01934,fashion_clothing,43,270,3,2062,66,50,25,61.37
prd_01935,health_perfumery,53,772,2,137,48,16,50,114.69
prd_01936,books_stationery,59,197,5,10975,53,57,17,58.0
prd_01937,fashion_shoes,21,968,7,1794,31,76,57,104.16
prd_01938,toys,31,934,7,4440,36,73,28,133.25
prd_01939,books_stationery,30,762,7,11853,33,48,36,36.26
prd_01940,fashion_clothing,37,889,5,13858,17,39,75,43.89
prd_01941,telephony,41,407,1,11513,50,32,48,578.2
prd_01942,fashion_shoes,24,169,8,2208,17,77,44,148.16
prd_01943,fashion_clothing,51,649,1,3114,17,12,75,32.83
prd_01944,fashion_shoes,51,772,8,8480,78,13,56,186.78
prd_01945,fashion_shoes,20,390,7,12148,52,22,14,190.33
prd_01946,electronics,54,903,5,7185,58,70,51,552.4
prd_01947,beauty_cosmetics,27,351,2,6149,20,73,34,70.11
prd_01948,housewares,54,811,4,10942,44,18,68,138.47
prd_01949,computers_accessories,46,849,2,13634,66,7,61,1315.45
prd_01950,office_furniture,55,320,2,194,26,34,25,223.29
prd_01951,fashion_clothing,30,653,5,12728,70,6,21,52.84
prd_01952,beauty_cosmetics,25,270,2,7942,68,47,77,49.57
prd_01953,electronics,25,989,6,3528,97,64,67,424.92
prd_01954,office_furniture,59,257,7,12277,18,8,54,122.74
prd_01955,fashion_shoes,47,914,4,2666,86,15,33,110.85
prd_01956,sports_leisure,31,573,7,6930,32,32,52,222.49
prd_01957,fashion_shoes,56,823,8,13733,25,24,37,148.65
prd_01958,housewares,46,125,1,11405,86,70,69,144.92
prd_01959,beauty_cosmetics,45,596,3,7386,51,50,45,26.07
prd_01960,health_perfumery,22,838,6,13498,62,61,69,112.31
prd_01961,fashion_shoes,50,583,3,4271,67,75,10,163.58
prd_01962,home_appliances,59,117,7,3053,45,16,75,365.68
prd_01963,fashion_clothing,38,319,5,1699,79,18,66,88.23
prd_01964,health_perfumery,33,251,5,9533,49,42,56,40.69
prd_01965,books_stationery,42,270,3,7920,19,53,12,55.98
prd_01966,fashion_clothing,22,932,7,13797,84,20,22,22.28
prd_01967,health_perfumery,60,328,7,12003,97,64,16,92.92
prd_01968,fashion_clothing,49,773,5,11089,47,5,28,36.67
prd_01969,health_perfumery,41,288,3,10078,56,49,29,22.21
prd_01970,electronics,30,119,1,13674,74,22,75,652.28
prd_01971,computers_accessories,54,602,6,11531,95,24,75,635.9
prd_01972,electronics,23,316,8,5177,39,56,56,231.63
prd_01973,fashion_clothing,50,279,4,11725,97,60,75,25.61
prd_01974,housewares,21,227,5,1321,41,25,54,68.86
prd_01975,electronics,24,715,8,8753,22,53,30,445.99
prd_01976,electronics,29,676,3,10438,75,36,77,509.27
prd_01977,fashion_shoes,49,112,1,10398,34,29,10,69.16
prd_01978,beauty_cosmetics,48,579,3,13450,15,37,70,40.84
prd_01979,electronics,29,622,6,13035,41,15,11,623.9
prd_01980,fashion_shoes,38,332,2,14319,97,72,60,63.53
prd_01981,garden_tools,46,348,2,9316,10,75,36,181.46
prd_01982,fashion_shoes,55,615,7,3772,23,31,33,180.16
prd_01983,home_appliances,40,261,6,2364,66,74,19,316.97
prd_01984,fashion_shoes,50,881,5,2801,56,65,79,127.7
prd_01985,beauty_cosmetics,43,859,3,9710,92,36,11,16.79
prd_01986,electronics,40,417,7,264,62,40,36,85.62
prd_01987,home_appliances,59,558,1,7054,38,56,19,869.06
prd_01988,housewares,20,628,5,7290,40,13,63,127.25
prd_01989,beauty_cosmetics,46,457,7,5890,88,72,77,32.29
prd_01990,toys,53,297,5,12532,82,78,53,55.42
prd_01991,office_furniture,29,975,1,9864,68,64,12,89.15
prd_01992,home_appliances,28,960,8,3393,49,57,44,248.0
prd_01993,computers_accessories,20,937,2,10890,87,46,66,141.81
prd_01994,office_furniture,36,920,1,12265,24,57,51,110.96
prd_01995,home_appliances,47,300,8,6462,40,69,20,366.7
prd_01996,sports_leisure,24,706,5,2709,54,54,61,195.45
prd_01997,books_stationery,51,546,7,8963,19,24,11,57.2
prd_01998,fashion_clothing,48,398,2,5878,60,25,25,80.48
prd_01999,home_appliances,45,540,8,8058,13,49,59,650.71
prd_02000,health_perfumery,46,368,7,13946,18,26,72,90.14
prd_02001,housewares,50,581,8,11813,25,19,66,120.71
prd_02002,automotive,25,409,2,6892,11,61,78,393.94
prd_02003,computers_accessories,29,441,8,8055,32,30,72,1338.35
prd_02004,home_appliances,36,600,7,1014,90,67,28,681.79
prd_02005,housewares,27,143,8,3389,76,32,75,73.3
prd_02006,fashion_shoes,56,490,1,12786,24,13,45,66.06
prd_02007,garden_tools,37,684,5,7080,92,10,37,214.82
prd_02008,electronics,48,317,4,2108,47,62,28,85.33
prd_02009,fashion_clothing,34,924,2,8183,63,33,34,83.52
prd_02010,automotive,46,581,2,4704,23,7,41,327.94
prd_02011,fashion_clothing,59,481,6,12873,26,79,37,105.88
prd_02012,computers_accessories,32,175,4,3124,52,20,66,1158.63
prd_02013,fashion_shoes,41,140,7,4471,52,11,13,156.2
prd_02014,housewares,26,713,2,9360,58,41,64,132.32
prd_02015,fashion_clothing,21,626,8,14786,22,8,11,89.72
prd_02016,electronics,34,222,7,1069,27,68,39,95.24
prd_02017,fashion_clothing,60,801,6,14285,44,53,13,75.5
prd_02018,telephony,55,718,5,8439,43,79,56,745.01
prd_02019,automotive,47,702,1,12073,100,50,30,376.75
prd_02020,computers_accessories,41,198,3,13250,50,52,43,575.76
prd_02021,fashion_clothing,41,774,4,870,68,8,63,40.26
prd_02022,electronics,36,945,3,8327,46,29,47,691.44
prd_02023,home_appliances,43,336,4,10357,98,24,21,805.29
prd_02024,computers_accessories,53,539,6,4140,29,61,57,545.18
prd_02025,fashion_clothing,48,378,4,10723,57,72,72,23.09
prd_02026,health_perfumery,54,708,6,10394,20,18,36,20.18
prd_02027,telephony,45,472,5,7615,75,74,38,663.21
prd_02028,beauty_cosmetics,51,592,7,4519,83,66,52,68.92
prd_02029,fashion_clothing,59,454,7,2271,42,80,38,94.21
prd_02030,fashion_shoes,22,879,4,7285,25,43,19,197.42
prd_02031,beauty_cosmetics,40,548,3,7735,96,19,32,57.43
prd_02032,computers_accessories,51,326,2,7136,19,44,48,823.27
prd_02033,telephony,35,245,4,2826,52,44,46,176.63
prd_02034,home_appliances,41,932,8,8688,55,61,28,618.56
prd_02035,beauty_cosmetics,31,174,7,8319,29,23,74,74.54
prd_02036,sports_leisure,33,216,3,11677,29,22,80,299.82
prd_02037,sports_leisure,60,448,4,2495,99,12,24,240.35
prd_02038,health_perfumery,39,530,7,5572,39,79,34,25.71
prd_02039,electronics,40,592,8,1607,88,40,70,453.8
prd_02040,health_perfumery,24,169,4,12437,53,14,36,85.28
prd_02041,office_furniture,21,397,2,14839,98,70,49,401.87
prd_02042,electronics,44,664,1,13424,70,65,23,752.87
prd_02043,electronics,25,228,5,2541,24,22,12,554.72
prd_02044,sports_leisure,24,758,7,5823,13,54,15,21.18
prd_02045,fashion_clothing,52,899,5,2842,70,11,56,83.22
prd_02046,electronics,57,625,4,13097,53,44,77,589.58
prd_02047,toys,45,704,5,3311,32,39,55,95.08
prd_02048,electronics,34,424,8,6813,85,42,48,70.34
prd_02049,computers_accessories,44,672,6,13534,59,58,23,979.24
prd_02050,fashion_clothing,28,318,1,8581,27,73,76,66.11
prd_02051,automotive,22,909,6,4990,65,31,60,141.45
prd_02052,sports_leisure,51,491,8,6925,50,59,28,155.65
prd_02053,health_perfumery,30,822,2,264,74,20,51,92.08
prd_02054,electronics,57,551,5,8288,40,21,47,776.97
prd_02055,fashion_clothing,52,893,1,5996,26,53,51,109.81
prd_02056,computers_accessories,54,788,6,3636,97,21,61,137.3
prd_02057,automotive,22,378,5,6222,81,39,66,194.4
prd_02058,telephony,54,710,8,4107,52,28,50,733.31
prd_02059,beauty_cosmetics,55,476,4,12172,52,67,13,34.08
prd_02060,computers_accessories,60,804,6,8836,30,75,56,152.8
prd_02061,housewares,36,598,3,10292,57,79,75,80.14
prd_02062,books_stationery,50,862,7,9522,97,75,59,9.93
prd_02063,health_perfumery,29,587,5,11323,62,20,17,112.69
prd_02064,fashion_clothing,32,596,6,5960,13,32,41,99.22
prd_02065,health_perfumery,50,881,2,5508,35,16,41,22.25
prd_02066,books_stationery,29,574,7,6524,77,37,10,22.99
prd_02067,housewares,45,521,1,6479,42,77,12,30.42
prd_02068,telephony,38,263,8,8190,53,22,39,137.5
prd_02069,fashion_shoes,29,353,3,4034,37,66,28,108.02
prd_02070,automotive,43,723,6,2789,78,51,42,50.94
prd_02071,computers_accessories,31,197,1,14646,85,23,69,831.06
prd_02072,fashion_shoes,57,914,7,13895,88,46,47,65.28
prd_02073,home_appliances,31,283,1,10390,40,12,11,120.81
prd_02074,toys,56,728,1,11683,82,67,43,93.63
prd_02075,electronics,56,840,4,8196,45,30,11,769.8
prd_02076,fashion_clothing,35,399,6,4099,65,29,30,40.68
prd_02077,toys,33,873,3,7877,14,75,21,29.13
prd_02078,housewares,27,157,7,12919,24,74,58,56.97
prd_02079,toys,25,895,7,2947,95,72,56,41.27
prd_02080,home_appliances,35,286,8,13122,59,79,70,196.13
prd_02081,fashion_shoes,59,449,4,11492,38,30,66,127.32
prd_02082,telephony,36,675,5,12910,80,20,59,429.97
prd_02083,housewares,28,442,3,1151,57,74,50,79.55
prd_02084,electronics,23,248,2,-6052,98,29,22,410.04
prd_02085,electronics,21,744,5,3269,92,65,56,642.55
prd_02086,fashion_shoes,57,480,7,12737,89,13,12,57.45
prd_02087,fashion_clothing,48,454,5,698,30,30,55,59.42
prd_02088,health_perfumery,37,646,4,1879,61,28,46,56.68
prd_02089,fashion_clothing,39,414,1,4979,97,10,45,17.53
prd_02090,electronics,25,303,1,3703,86,53,45,687.57
prd_02091,electronics,50,561,7,10803,66,70,73,617.34
prd_02092,electronics,24,487,6,11917,48,79,67,790.96
prd_02093,electronics,40,467,4,11440,99,14,50,196.27
prd_02094,electronics,38,132,1,6381,81,12,17,682.41
prd_02095,telephony,21,961,8,11533,23,24,16,312.71
prd_02096,home_appliances,39,405,6,5876,50,9,36,583.18
prd_02097,computers_accessories,40,443,7,5862,20,57,62,1313.45
prd_02098,electronics,48,526,3,5855,54,62,67,123.04
prd_02099,fashion_clothing,41,614,5,5766,97,38,12,113.03
prd_02100,beauty_cosmetics,30,740,1,14984,81,13,44,72.97
prd_02101,books_stationery,55,138,8,11392,50,20,24,30.11
prd_02102,fashion_shoes,57,925,8,998,91,43,53,52.44
prd_02103,sports_leisure,36,765,7,5955,89,13,21,212.12
prd_02104,electronics,27,301,1,3264,59,28,73,775.53
prd_02105,housewares,36,159,7,11929,70,40,19,107.9
prd_02106,sports_leisure,23,723,1,1478,31,60,57,61.67
prd_02107,fashion_clothing,58,189,8,6272,11,62,12,45.77
prd_02108,computers_accessories,39,290,2,8104,23,68,29,1343.49
prd_02109,housewares,44,115,2,5710,66,37,11,106.69
prd_02110,computers_accessories,27,862,4,4136,69,30,46,270.68
prd_02111,sports_leisure,26,988,8,14803,77,51,26,62.8
prd_02112,sports_leisure,52,579,5,12303,87,57,38,27.02
prd_02113,fashion_clothing,39,230,4,985,69,37,68,22.51
prd_02114,fashion_shoes,50,256,8,6737,67,58,64,112.34
prd_02115,computers_accessories,30,979,8,12693,37,22,12,645.34
prd_02116,fashion_shoes,26,271,7,7388,57,73,44,70.7
prd_02117,computers_accessories,45,427,7,1557,71,15,15,788.81
prd_02118,fashion_shoes,21,147,8,9098,90,39,55,157.97
prd_02119,electronics,49,363,2,13803,64,75,14,308.22
prd_02120,electronics,44,670,7,6738,81,7,79,153.13
prd_02121,electronics,48,396,4,8111,61,16,52,502.53
prd_02122,beauty_cosmetics,42,269,2,5172,21,10,11,47.96
prd_02123,electronics,45,982,8,13254,98,48,17,649.56
prd_02124,office_furniture,49,384,3,4284,52,74,26,382.23
prd_02125,home_appliances,50,459,3,6024,71,27,33,885.44
prd_02126,toys,35,945,6,1954,12,11,61,34.92
prd_02127,health_perfumery,60,594,4,4956,49,70,29,102.11
prd_02128,beauty_cosmetics,49,405,8,14269,55,23,41,21.09
prd_02129,fashion_clothing,49,114,3,11819,64,43,22,109.55
prd_02130,automotive,41,833,5,10757,96,53,53,316.56
prd_02131,fashion_shoes,41,745,4,13371,50,26,80,77.69
prd_02132,beauty_cosmetics,36,797,2,13431,60,80,34,29.59
prd_02133,housewares,39,694,5,116,62,57,36,76.53
prd_02134,housewares,37,125,8,7254,37,73,12,21.5
prd_02135,garden_tools,46,681,6,638,67,78,40,197.96
prd_02136,computers_accessories,27,511,2,5093,22,18,41,481.11
prd_02137,home_appliances,44,270,6,9940,88,75,41,879.62
prd_02138,toys,33,944,4,7259,51,52,16,70.8
prd_02139,telephony,55,311,6,10333,42,71,25,698.49
prd_02140,electronics,29,122,7,8234,77,9,11,343.84
prd_02141,electronics,53,256,1,13285,21,46,78,488.2
prd_02142,computers_accessories,23,670,3,8171,49,38,16,1450.67
prd_02143,electronics,43,244,6,1807,31,68,28,311.57
prd_02144,telephony,55,930,5,7007,73,31,40,346.04
prd_02145,health_perfumery,52,271,3,13550,84,8,50,48.81
prd_02146,fashion_clothing,29,807,5,13146,65,40,44,90.89
prd_02147,toys,32,423,7,5780,85,19,11,59.43
prd_02148,telephony,44,747,4,6449,28,60,62,424.91
prd_02149,housewares,49,930,3,11845,59,20,24,122.84
prd_02150,sports_leisure,44,760,4,2369,18,68,80,223.39
prd_02151,electronics,28,544,1,12192,16,13,24,225.25
prd_02152,computers_accessories,49,859,4,679,60,30,78,1446.76
prd_02153,fashion_shoes,57,282,4,6913,48,68,55,39.08
prd_02154,sports_leisure,46,937,1,7053,19,6,68,38.35
prd_02155,toys,46,135,6,3195,53,49,32,27.24
prd_02156,books_stationery,48,138,2,7921,39,13,69,13.85
prd_02157,fashion_clothing,50,252,2,2266,91,74,32,65.43
prd_02158,electronics,54,725,7,14216,83,26,17,623.09
prd_02159,electronics,51,834,8,13431,21,62,19,505.45
prd_02160,automotive,35,444,2,8302,20,60,48,277.33
prd_02161,beauty_cosmetics,31,901,8,5347,91,70,15,20.18
prd_02162,books_stationery,29,138,6,4395,62,75,79,59.28
prd_02163,home_appliances,34,978,5,9235,36,27,47,558.12
prd_02164,home_appliances,31,313,8,5659,19,47,77,492.43
prd_02165,electronics,36,550,8,2913,91,61,21,131.12
prd_02166,housewares,40,795,2,2036,17,35,69,75.54
prd_02167,books_stationery,56,337,1,14277,63,60,22,41.86
prd_02168,fashion_shoes,31,675,2,4327,89,58,22,70.36
prd_02169,fashion_shoes,33,368,1,9352,67,50,42,116.66
prd_02170,home_appliances,55,517,5,14617,29,79,20,830.06
prd_02171,fashion_clothing,52,789,3,2405,52,23,63,52.59
prd_02172,health_perfumery,35,812,1,2586,22,76,65,101.08
prd_02173,housewares,44,808,3,566,61,51,71,91.95
prd_02174,sports_leisure,47,609,1,1154,48,64,59,84.74
prd_02175,home_appliances,55,989,4,10501,84,66,54,-471.33
prd_02176,office_furniture,35,947,1,8147,71,26,73,297.59
prd_02177,home_appliances,36,730,7,10293,23,64,24,374.99
prd_02178,automotive,38,545,2,5365,45,12,52,46.9
prd_02179,electronics,49,438,5,8985,38,25,40,581.62
prd_02180,toys,40,468,8,924,50,71,62,86.02
prd_02181,automotive,40,667,8,3631,32,67,26,318.02
prd_02182,toys,37,469,3,13991,88,24,13,63.55
prd_02183,electronics,52,578,6,7841,91,64,44,777.2
prd_02184,housewares,45,798,5,4594,48,25,63,96.29
prd_02185,beauty_cosmetics,24,315,5,1994,44,50,45,39.4
prd_02186,housewares,59,743,5,12894,77,69,29,63.95
prd_02187,telephony,52,602,4,7216,41,64,50,168.36
prd_02188,toys,44,207,7,8963,28,51,33,67.71
prd_02189,housewares,43,773,8,4482,76,79,72,117.97
prd_02190,health_perfumery,32,299,5,13720,40,19,26,111.14
prd_02191,beauty_cosmetics,58,132,7,8242,73,41,46,75.04
prd_02192,housewares,25,767,6,13193,31,13,13,53.0
prd_02193,home_appliances,31,951,6,10309,39,31,70,484.51
prd_02194,computers_accessories,40,455,8,13464,80,71,33,792.82
prd_02195,housewares,22,787,8,6211,69,66,39,16.89
prd_02196,fashion_clothing,59,933,3,10892,27,77,51,92.37
prd_02197,sports_leisure,47,909,2,14429,28,7,22,109.3
prd_02198,sports_leisure,41,699,6,9668,14,65,20,250.73
prd_02199,fashion_clothing,46,518,8,1346,30,75,56,108.1
prd_02200,fashion_clothing,31,539,6,11529,98,9,31,30.47
prd_02201,beauty_cosmetics,44,816,3,7405,90,9,24,64.25
prd_02202,sports_leisure,22,236,5,11387,62,10,52,68.49
prd_02203,telephony,55,935,8,3554,40,59,60,644.77
prd_02204,home_appliances,35,535,1,11475,70,45,49,842.67
prd_02205,automotive,39,892,2,3332,71,21,53,38.73
prd_02206,sports_leisure,44,193,3,2942,51,50,34,292.03
prd_02207,computers_accessories,46,652,4,6444,99,35,64,805.06
prd_02208,fashion_clothing,51,658,5,4077,91,57,13,85.27
prd_02209,computers_accessories,24,482,7,4882,49,76,80,408.13
prd_02210,housewares,53,484,6,13121,97,5,55,79.8
prd_02211,telephony,59,605,4,1780,25,64,60,766.47
prd_02212,automotive,23,398,3,709,47,50,22,44.56
prd_02213,books_stationery,58,268,8,14690,87,54,26,57.47
prd_02214,home_appliances,52,824,4,11527,24,69,57,129.69
prd_02215,fashion_clothing,27,833,6,4028,88,66,47,90.28
prd_02216,electronics,59,685,8,11583,79,24,66,414.53
prd_02217,electronics,60,846,4,12185,27,18,76,211.42
prd_02218,beauty_cosmetics,34,292,6,9343,98,43,58,44.27
prd_02219,health_perfumery,56,283,7,4499,44,31,17,49.49
prd_02220,housewares,60,918,4,11109,17,68,48,76.24
prd_02221,computers_accessories,51,827,4,9997,70,36,32,487.42
prd_02222,sports_leisure,32,470,7,10039,71,12,29,158.02
prd_02223,fashion_clothing,56,470,2,10044,38,61,54,101.78
prd_02224,housewares,46,880,2,12515,42,51,50,45.22
prd_02225,health_perfumery,26,990,4,13422,80,49,47,38.16
prd_02226,housewares,46,163,7,11553,76,41,22,137.68
prd_02227,computers_accessories,40,388,8,2741,68,51,15,1015.02
prd_02228,housewares,58,443,8,8204,49,32,36,40.52
prd_02229,electronics,60,365,7,13956,43,43,11,427.08
prd_02230,home_appliances,41,158,3,1599,84,16,21,183.53
prd_02231,fashion_clothing,31,893,2,1258,47,67,47,26.72
prd_02232,telephony,40,564,1,1419,88,57,44,804.0
prd_02233,sports_leisure,47,874,6,13165,43,64,36,102.72
prd_02234,computers_accessories,39,976,3,11323,100,25,39,579.48
prd_02235,toys,25,701,6,10843,61,57,58,112.93
prd_02236,electronics,30,446,6,13862,46,57,22,53.12
prd_02237,fashion_clothing,38,393,3,10993,49,56,49,54.41
prd_02238,sports_leisure,44,812,8,9638,93,52,41,288.41
prd_02239,sports_leisure,25,448,6,4352,17,72,52,127.19
prd_02240,toys,22,651,5,6816,57,25,10,124.8
prd_02241,automotive,47,602,2,14418,76,71,79,210.53
prd_02242,toys,53,273,4,9124,15,69,10,46.09
prd_02243,housewares,53,838,8,10910,46,9,74,44.42
prd_02244,fashion_clothing,35,152,4,2986,48,42,41,106.93
prd_02245,sports_leisure,24,579,5,9273,34,62,59,281.55
prd_02246,computers_accessories,37,453,6,6041,67,68,79,848.25
prd_02247,computers_accessories,40,876,8,11340,24,80,48,862.34
prd_02248,toys,42,580,7,9480,24,17,20,68.55
prd_02249,beauty_cosmetics,54,160,4,5602,16,15,40,92.3
prd_02250,home_appliances,39,786,6,6782,76,57,32,725.01
prd_02251,home_appliances,34,895,5,5023,66,35,24,273.69
prd_02252,sports_leisure,20,603,7,4991,58,13,45,193.57
prd_02253,fashion_shoes,21,899,8,14722,30,53,71,156.64
prd_02254,fashion_clothing,39,207,2,10672,24,7,57,20.86
prd_02255,toys,56,811,5,14169,82,12,36,16.49
prd_02256,fashion_clothing,20,103,2,7976,33,80,45,19.73
prd_02257,electronics,43,471,1,4496,38,69,59,653.54
prd_02258,beauty_cosmetics,36,306,3,14640,14,65,67,41.09
prd_02259,fashion_shoes,49,435,4,9853,89,39,39,144.1
prd_02260,sports_leisure,45,890,8,13949,13,52,51,13.77
prd_02261,health_perfumery,38,986,2,8000,42,54,27,29.14
prd_02262,computers_accessories,23,248,2,502,45,60,65,391.98
prd_02263,computers_accessories,60,878,5,13699,92,46,69,750.29
prd_02264,toys,30,650,4,1792,12,11,11,119.45
prd_02265,fashion_clothing,41,295,8,10185,31,78,66,46.06
prd_02266,sports_leisure,55,593,7,13976,36,24,42,34.4
prd_02267,fashion_shoes,51,385,1,13383,71,10,13,118.89
prd_02268,fashion_shoes,45,819,7,4041,42,64,19,74.96
prd_02269,fashion_shoes,60,265,3,340,72,70,61,150.64
prd_02270,housewares,49,468,2,12374,71,58,35,39.45
prd_02271,computers_accessories,54,842,6,1328,60,50,76,775.8
prd_02272,telephony,55,160,5,2002,60,57,15,113.78
prd_02273,computers_accessories,31,126,2,14144,56,66,23,543.86
prd_02274,electronics,34,353,2,2050,66,38,74,83.4
prd_02275,housewares,53,682,6,10950,88,54,25,14.85
prd_02276,beauty_cosmetics,24,897,1,3358,25,73,20,64.53
prd_02277,automotive,29,974,2,6029,60,70,59,177.06
prd_02278,fashion_clothing,31,713,1,5322,27,45,56,37.98
prd_02279,fashion_shoes,46,185,5,7097,20,34,41,135.0
prd_02280,computers_accessories,59,472,5,1503,36,63,29,940.44
prd_02281,electronics,38,984,2,9061,47,24,10,638.26
prd_02282,beauty_cosmetics,30,463,7,13791,68,77,48,79.75
prd_02283,fashion_clothing,60,166,5,8125,76,46,60,26.92
prd_02284,housewares,58,858,2,7087,59,77,28,59.9
prd_02285,computers_accessories,37,786,4,5405,88,27,11,1453.4
prd_02286,beauty_cosmetics,50,300,3,4014,14,56,17,87.87
prd_02287,garden_tools,42,307,3,10159,23,65,64,99.22
prd_02288,home_appliances,34,274,2,10231,52,36,13,290.61
prd_02289,automotive,22,137,1,10513,89,74,78,23.96
prd_02290,books_stationery,41,148,4,128,22,67,24,56.4
prd_02291,fashion_clothing,27,141,7,7663,66,64,79,92.81
prd_02292,electronics,45,172,8,2967,65,54,69,534.34
prd_02293,electronics,60,959,3,5020,10,7,32,208.0
prd_02294,telephony,30,363,5,2262,50,33,27,358.95
prd_02295,housewares,24,526,5,14055,79,63,64,42.28
prd_02296,fashion_clothing,58,768,3,1455,50,69,76,17.88
prd_02297,health_perfumery,51,230,8,10274,37,7,75,93.88
prd_02298,fashion_clothing,51,412,7,3157,28,39,71,26.91
prd_02299,toys,49,531,6,1922,14,11,70,25.94
prd_02300,electronics,31,896,3,5243,94,51,17,735.72
prd_02301,beauty_cosmetics,32,288,8,1764,16,49,23,79.87
prd_02302,home_appliances,48,245,5,4858,52,18,73,693.57
prd_02303,electronics,46,168,1,7508,64,68,62,724.78
prd_02304,fashion_clothing,56,258,1,14269,51,67,63,56.06
prd_02305,toys,22,789,8,10733,48,50,77,144.06
prd_02306,fashion_clothing,42,231,8,1236,45,28,61,39.13
prd_02307,fashion_clothing,58,504,4,1468,57,15,16,48.17
prd_02308,sports_leisure,31,595,7,14127,70,73,25,274.88
prd_02309,fashion_clothing,34,256,7,13353,21,57,54,44.02
prd_02310,electronics,47,516,6,591,95,50,60,211.75
prd_02311,fashion_clothing,40,242,3,8324,60,17,13,16.29
prd_02312,electronics,51,799,2,7711,43,34,74,748.01
prd_02313,office_furniture,27,752,6,13518,83,32,67,358.65
prd_02314,electronics,20,713,8,6042,20,12,57,147.18
prd_02315,electronics,21,920,8,10116,19,78,69,256.82
prd_02316,sports_leisure,31,274,4,909,43,79,79,75.36
prd_02317,fashion_clothing,28,709,5,4975,86,80,73,104.13
prd_02318,home_appliances,44,728,2,530,75,32,53,763.22
prd_02319,fashion_shoes,25,656,3,2168,16,67,73,151.86
prd_02320,beauty_cosmetics,53,604,3,7809,56,31,42,25.4
prd_02321,fashion_clothing,47,838,1,12317,81,60,80,18.64
prd_02322,electronics,34,162,6,14921,20,6,37,370.96
prd_02323,automotive,25,497,7,9969,36,65,78,259.86
prd_02324,housewares,25,122,5,9313,29,5,32,76.46
prd_02325,fashion_clothing,45,350,6,14411,42,19,27,90.49
prd_02326,telephony,47,761,4,1440,100,44,12,304.09
prd_02327,electronics,51,126,7,5659,87,22,18,611.7
prd_02328,fashion_clothing,47,910,7,3455,27,57,44,72.46
prd_02329,fashion_shoes,44,152,6,10858,28,6,43,187.07
prd_02330,computers_accessories,58,231,2,10305,61,36,32,944.88
prd_02331,electronics,57,776,7,4055,23,19,66,308.98
prd_02332,fashion_clothing,45,731,1,6831,16,46,55,119.56
prd_02333,telephony,51,863,4,4624,77,8,14,307.26
prd_02334,telephony,52,871,6,13813,58,72,32,523.15
prd_02335,beauty_cosmetics,58,570,4,1629,53,53,55,94.97
prd_02336,electronics,32,741,6,12471,68,60,40,561.86
prd_02337,electronics,57,943,7,13438,15,39,62,154.12
prd_02338,garden_tools,59,610,4,10922,68,28,71,240.64
prd_02339,beauty_cosmetics,29,724,4,4660,72,48,67,36.0
prd_02340,home_appliances,51,779,3,8124,64,25,19,465.38
prd_02341,home_appliances,36,325,7,13614,54,7,35,464.08
prd_02342,electronics,55,459,3,5452,72,6,67,440.87
prd_02343,sports_leisure,33,841,6,8820,94,6,57,77.76
prd_02344,fashion_clothing,58,176,6,3212,14,21,51,103.31
prd_02345,health_perfumery,25,273,2,10672,49,25,17,84.25
prd_02346,fashion_shoes,42,143,8,11421,63,61,35,189.65
prd_02347,housewares,34,611,8,12750,41,78,17,72.42
prd_02348,books_stationery,28,274,4,11756,75,64,74,47.38
prd_02349,health_perfumery,46,545,3,1246,88,66,64,90.23
prd_02350,home_appliances,30,648,4,13972,73,38,26,200.16
prd_02351,electronics,49,294,4,5842,65,31,30,254.58
prd_02352,fashion_clothing,54,476,5,6547,86,17,55,96.38
prd_02353,beauty_cosmetics,50,683,5,319,91,78,68,33.85
prd_02354,home_appliances,31,137,5,12455,93,15,63,206.96
prd_02355,home_appliances,23,151,8,3205,49,66,51,913.02
prd_02356,automotive,23,367,6,5498,55,17,28,61.2
prd_02357,fashion_shoes,50,884,1,937,17,51,15,139.24
prd_02358,electronics,40,249,5,14897,14,26,28,653.74
prd_02359,computers_accessories,50,262,5,2800,71,26,13,1457.49
prd_02360,health_perfumery,58,170,3,9230,60,36,41,107.11
prd_02361,computers_accessories,21,230,2,4604,79,20,57,1288.39
prd_02362,housewares,21,786,2,9144,13,47,60,60.63
prd_02363,books_stationery,50,487,5,9744,97,34,52,41.79
prd_02364,telephony,21,541,2,7191,98,20,79,782.8
prd_02365,books_stationery,22,574,3,10698,66,29,41,51.87
prd_02366,office_furniture,38,164,3,299,83,63,55,251.73
prd_02367,sports_leisure,23,549,7,342,34,42,65,272.89
prd_02368,health_perfumery,40,662,8,13268,90,50,55,95.66
prd_02369,computers_accessories,28,747,5,1743,35,9,52,1314.35
prd_02370,telephony,55,686,3,14818,61,41,65,499.79
prd_02371,beauty_cosmetics,41,916,7,8995,15,13,50,72.06
prd_02372,telephony,53,369,6,10831,73,46,50,159.37
prd_02373,home_appliances,29,965,1,10417,85,66,75,600.06
prd_02374,housewares,21,731,4,10060,79,48,16,64.15
prd_02375,fashion_clothing,27,972,7,11499,37,11,60,63.65
prd_02376,sports_leisure,36,327,7,4162,96,59,62,101.19
prd_02377,electronics,60,247,4,4732,81,43,16,732.25
prd_02378,toys,36,281,8,4094,96,34,29,16.15
prd_02379,fashion_clothing,50,733,6,6437,21,23,56,90.83
prd_02380,toys,20,669,7,4008,53,18,73,113.27
prd_02381,beauty_cosmetics,36,275,3,4917,53,30,14,43.33
prd_02382,electronics,42,136,2,6722,89,61,73,289.92
prd_02383,computers_accessories,48,311,2,10235,20,52,79,241.57
prd_02384,garden_tools,36,235,6,793,17,9,49,98.31
prd_02385,fashion_clothing,55,687,3,12485,50,19,56,104.81
prd_02386,health_perfumery,60,771,7,3141,55,68,27,111.06
prd_02387,housewares,25,565,6,11470,21,7,16,12.91
prd_02388,sports_leisure,20,891,6,1943,60,10,57,55.59
prd_02389,health_perfumery,42,280,3,12417,13,5,40,27.17
prd_02390,toys,58,100,1,9110,65,27,74,32.08
prd_02391,fashion_clothing,44,285,8,2184,18,52,64,81.47
prd_02392,electronics,60,781,8,11063,33,77,40,85.72
prd_02393,home_appliances,41,586,2,10264,48,37,76,175.54
prd_02394,fashion_clothing,57,931,3,4553,72,26,35,61.29
prd_02395,sports_leisure,49,701,1,7199,18,17,65,122.52
prd_02396,health_perfumery,46,572,4,11456,30,26,62,73.13
prd_02397,home_appliances,57,104,3,6728,43,76,57,640.43
prd_02398,telephony,40,207,5,10882,87,37,77,504.12
prd_02399,books_stationery,32,123,1,10400,56,21,34,19.4
prd_02400,electronics,41,596,4,2090,87,10,62,569.19
prd_02401,beauty_cosmetics,41,138,3,571,40,68,53,51.32
prd_02402,beauty_cosmetics,49,664,3,3946,80,79,38,79.2
prd_02403,toys,27,978,5,14027,21,72,43,58.15
prd_02404,electronics,31,743,7,13222,74,36,78,344.01
prd_02405,housewares,46,272,6,10558,99,58,59,71.23
prd_02406,home_appliances,36,999,2,2762,51,70,26,317.97
prd_02407,telephony,57,790,6,1013,39,16,31,300.03
prd_02408,beauty_cosmetics,37,907,6,14160,42,77,60,18.21
prd_02409,fashion_clothing,44,110,6,14315,37,76,49,76.61
prd_02410,beauty_cosmetics,59,375,8,6491,71,48,38,52.59
prd_02411,telephony,57,864,4,14935,86,42,51,919.43
prd_02412,fashion_clothing,41,690,4,14189,33,35,46,100.84
prd_02413,electronics,28,686,2,12416,38,80,63,685.6
prd_02414,sports_leisure,54,714,8,1375,81,14,37,244.55
prd_02415,electronics,52,195,4,6543,11,13,78,142.66
prd_02416,health_perfumery,24,366,1,7360,49,10,25,79.96
prd_02417,home_appliances,45,923,7,3653,17,54,10,298.27
prd_02418,beauty_cosmetics,51,999,1,14985,40,25,71,77.09
prd_02419,fashion_clothing,33,119,4,8860,87,45,24,80.16
prd_02420,office_furniture,59,262,1,7242,71,66,66,99999.0
prd_02421,electronics,31,666,4,13273,36,75,54,304.95
prd_02422,electronics,33,548,6,6033,11,60,54,561.74
prd_02423,housewares,27,897,7,12154,76,38,50,74.69
prd_02424,electronics,58,144,3,3185,68,28,54,104.37
prd_02425,fashion_clothing,55,462,7,11763,79,76,18,35.53
prd_02426,electronics,34,164,6,12974,90,72,52,379.28
prd_02427,toys,29,724,5,10325,74,40,74,65.18
prd_02428,fashion_shoes,43,585,6,14783,55,38,50,107.46
prd_02429,health_perfumery,36,795,2,13227,69,47,69,22.35
prd_02430,garden_tools,58,702,3,1054,87,13,19,151.52
prd_02431,health_perfumery,27,385,1,9518,80,6,63,56.71
prd_02432,toys,33,402,2,10916,51,30,11,39.87
prd_02433,garden_tools,30,845,4,7592,12,80,25,176.75
prd_02434,beauty_cosmetics,60,309,5,6033,75,36,67,67.04
prd_02435,sports_leisure,44,584,8,10360,55,54,49,112.23
prd_02436,sports_leisure,26,328,2,10007,30,27,35,220.82
prd_02437,sports_leisure,54,752,5,480,36,65,36,292.64
prd_02438,home_appliances,35,261,4,2138,35,64,40,243.42
prd_02439,electronics,57,249,6,8793,56,59,76,712.3
prd_02440,housewares,52,386,2,2089,55,44,57,18.13
prd_02441,electronics,38,814,7,11863,53,42,69,234.9
prd_02442,fashion_clothing,30,157,6,9124,24,54,79,64.94
prd_02443,toys,53,660,1,14854,29,6,56,43.93
prd_02444,electronics,53,523,4,11987,10,19,34,729.31
prd_02445,electronics,51,741,6,14681,19,26,46,355.49
prd_02446,telephony,53,457,2,13274,31,39,27,525.67
prd_02447,electronics,31,335,7,12361,19,9,23,419.22
prd_02448,home_appliances,26,556,7,4521,10,60,60,481.14
prd_02449,beauty_cosmetics,36,804,6,11894,81,27,24,80.05
prd_02450,sports_leisure,59,872,6,14810,44,69,37,182.94
prd_02451,telephony,33,886,3,1506,60,35,26,339.54
prd_02452,telephony,41,627,2,4771,79,38,52,804.05
prd_02453,fashion_shoes,35,253,8,7121,36,68,59,123.34
prd_02454,fashion_clothing,41,531,2,9165,13,14,64,37.7
prd_02455,health_perfumery,28,168,5,14289,57,61,12,21.8
prd_02456,electronics,33,718,8,2198,54,76,53,580.5
prd_02457,home_appliances,48,574,6,8743,66,72,10,410.68
prd_02458,telephony,49,194,5,14910,19,17,53,275.42
prd_02459,telephony,33,725,3,3301,36,10,79,128.43
prd_02460,electronics,25,877,6,9518,26,69,73,195.06
prd_02461,fashion_clothing,21,667,8,1232,92,17,59,40.36
prd_02462,home_appliances,50,361,8,7579,23,28,50,664.41
prd_02463,toys,45,365,3,327,52,15,49,84.98
prd_02464,automotive,55,885,1,6744,11,11,54,115.72
prd_02465,electronics,35,203,5,10484,12,13,52,750.33
prd_02466,toys,22,321,3,11831,39,38,21,104.93
prd_02467,automotive,47,812,4,14732,83,25,22,76.68
prd_02468,sports_leisure,21,844,3,8052,54,65,61,282.67
prd_02469,books_stationery,33,240,5,14399,32,34,14,17.59
prd_02470,sports_leisure,33,351,4,4970,26,25,58,149.99
prd_02471,electronics,33,556,8,9253,86,66,37,715.0
prd_02472,toys,28,448,7,10586,51,15,68,99999.0
prd_02473,health_perfumery,48,485,2,191,50,17,56,89.71
prd_02474,sports_leisure,41,759,8,9918,34,23,56,34.39
prd_02475,automotive,33,734,2,7939,14,33,56,234.41
prd_02476,sports_leisure,47,954,7,11526,59,75,71,213.7
prd_02477,office_furniture,57,615,6,14040,78,22,49,369.77
prd_02478,electronics,49,853,2,7795,23,44,44,234.51
prd_02479,computers_accessories,52,501,7,14422,69,50,30,663.91
prd_02480,fashion_clothing,34,228,2,4689,39,39,31,87.89
prd_02481,fashion_clothing,45,354,5,12623,33,22,32,86.26
prd_02482,electronics,36,812,7,11983,74,65,80,385.26
prd_02483,beauty_cosmetics,39,704,8,13598,51,43,45,15.46
prd_02484,fashion_clothing,57,922,3,3499,13,61,50,50.73
prd_02485,beauty_cosmetics,59,178,2,10959,52,76,11,80.76
prd_02486,housewares,37,814,6,2171,90,20,42,62.13
prd_02487,electronics,35,877,6,11872,12,43,76,116.16
prd_02488,fashion_shoes,27,497,3,3131,70,46,66,125.49
prd_02489,housewares,41,481,3,11276,78,17,53,124.94
prd_02490,books_stationery,43,237,8,6098,14,7,52,37.98
prd_02491,fashion_shoes,57,827,2,7331,61,77,35,40.06
prd_02492,fashion_clothing,58,287,4,5088,100,76,53,118.64
prd_02493,office_furniture,42,605,6,4269,82,78,58,350.72
prd_02494,fashion_shoes,59,270,3,542,64,38,27,88.1
prd_02495,electronics,47,524,7,3669,41,68,41,182.41
prd_02496,electronics,44,612,1,10174,45,79,16,276.7
prd_02497,toys,20,527,7,10855,16,50,19,116.66
prd_02498,computers_accessories,58,808,4,10555,95,9,19,168.32
prd_02499,computers_accessories,54,233,6,1750,78,10,51,430.13
prd_02500,fashion_clothing,21,631,4,1612,40,20,57,117.91
