return_id,order_id,product_id,return_reason,return_date,return_status
ret_000001,ord_000029,prd_00525,defective,2024-01-12 10:30:24,approved
ret_000002,ord_000040,prd_00774,defective,2024-01-29 14:11:51,approved
ret_000003,ord_000067,prd_01325,unsatisfied,2024-01-22 21:57:31,approved
ret_000004,ord_000071,prd_00027,wrong_item,2024-01-10 00:17:35,approved
ret_000005,ord_000071,prd_00107,defective,2024-01-23 00:17:35,approved
ret_000006,ord_000071,prd_01078,wrong_item,2024-01-15 00:17:35,approved
ret_000007,ord_000099,prd_01112,wrong_item,2024-01-17 10:48:45,approved
ret_000008,ord_000149,prd_01702,unsatisfied,2024-01-26 00:31:26,approved
ret_000009,ord_000168,prd_00082,wrong_item,2024-01-23 07:38:56,approved
ret_000010,ord_000179,prd_00001,wrong_item,2024-01-23 10:26:49,approved
ret_000011,ord_000182,prd_00002,defective,2024-02-02 10:58:09,pending
ret_000012,ord_000228,prd_00209,defective,2024-01-16 02:26:44,approved
ret_000013,ord_000357,prd_00487,delayed_delivery,2024-01-16 10:45:58,approved
ret_000014,ord_000362,prd_01004,defective,2024-01-15 13:38:04,approved
ret_000015,ord_000469,prd_00001,unsatisfied,2024-01-16 13:44:22,approved
ret_000016,ord_000474,prd_00022,defective,2024-01-13 15:13:08,approved
ret_000017,ord_000474,prd_00022,unsatisfied,2024-02-06 15:13:08,approved
ret_000018,ord_000507,prd_00041,unsatisfied,2024-01-28 02:33:57,approved
ret_000019,ord_000507,prd_00745,delayed_delivery,2024-02-07 02:33:57,approved
ret_000020,ord_000549,prd_00011,defective,2024-01-30 18:56:25,approved
ret_000021,ord_000577,prd_00241,defective,2024-01-26 01:38:16,approved
ret_000022,ord_000600,prd_00013,unsatisfied,2024-01-31 08:29:18,approved
ret_000023,ord_000641,prd_00003,defective,2024-01-15 22:02:18,approved
ret_000024,ord_000646,prd_00807,unsatisfied,2024-01-29 00:15:51,approved
ret_000025,ord_000656,prd_00096,wrong_item,2024-01-20 06:01:23,approved
ret_000026,ord_000681,prd_00667,unsatisfied,2024-01-24 15:12:30,approved
ret_000027,ord_000696,prd_00001,wrong_item,2024-01-18 00:10:44,approved
ret_000028,ord_000722,prd_00117,unsatisfied,2024-02-02 13:13:11,approved
ret_000029,ord_000746,prd_00002,unsatisfied,2024-01-27 03:10:49,approved
ret_000030,ord_000805,prd_01770,defective,2024-02-13 07:36:30,rejected
ret_000031,ord_000811,prd_00526,defective,2024-02-03 08:47:04,approved
ret_000032,ord_000852,prd_00311,wrong_item,2024-01-26 06:37:13,approved
ret_000033,ord_000871,prd_00355,wrong_item,2024-02-04 10:46:52,approved
ret_000034,ord_000911,prd_00164,wrong_item,2024-02-05 23:07:43,approved
ret_000035,ord_000949,prd_00041,wrong_item,2024-01-22 12:44:50,approved
ret_000036,ord_000978,prd_00022,defective,2024-01-28 22:47:46,approved
ret_000037,ord_000982,prd_00342,defective,2024-01-24 00:40:09,approved
ret_000038,ord_000990,prd_00344,wrong_item,2024-02-11 04:43:22,approved
ret_000039,ord_000990,prd_00004,wrong_item,2024-02-03 04:43:22,approved
ret_000040,ord_001020,prd_01794,defective,2024-01-27 15:05:25,approved
ret_000041,ord_001045,prd_00076,unsatisfied,2024-02-10 21:59:25,approved
ret_000042,ord_001091,prd_01247,wrong_item,2024-01-28 18:42:46,approved
ret_000043,ord_001101,prd_00004,defective,2024-01-27 00:47:26,approved
ret_000044,ord_001164,prd_00064,defective,2024-01-30 13:16:09,pending
ret_000045,ord_001202,prd_00115,wrong_item,2024-02-19 04:53:22,approved
ret_000046,ord_001202,prd_00481,unsatisfied,2024-02-17 04:53:22,rejected
ret_000047,ord_001237,prd_00545,delayed_delivery,2024-01-31 20:45:24,approved
ret_000048,ord_001238,prd_00447,unsatisfied,2024-02-08 21:17:14,approved
ret_000049,ord_001264,prd_00494,defective,2024-02-20 08:22:18,approved
ret_000050,ord_001295,prd_00708,delayed_delivery,2024-02-07 19:59:47,approved
ret_000051,ord_001297,prd_00031,defective,2024-01-31 22:16:33,approved
ret_000052,ord_001306,prd_00002,wrong_item,2024-02-01 00:51:09,approved
ret_000053,ord_001311,prd_00038,unsatisfied,2024-02-02 02:46:34,approved
ret_000054,ord_001334,prd_00004,unsatisfied,2024-02-04 10:04:24,approved
ret_000055,ord_001387,prd_00002,delayed_delivery,2024-01-31 04:29:45,approved
ret_000056,ord_001466,prd_00011,defective,2024-02-21 11:27:41,approved
ret_000057,ord_001467,prd_00046,unsatisfied,2024-02-13 12:42:52,approved
ret_000058,ord_001479,prd_00684,unsatisfied,2024-02-02 17:28:04,approved
ret_000059,ord_001485,prd_00022,defective,2024-01-30 19:52:09,approved
ret_000060,ord_001491,prd_00015,wrong_item,2024-02-09 22:30:58,approved
ret_000061,ord_001512,prd_00316,unsatisfied,2024-02-05 05:59:11,approved
ret_000062,ord_001542,prd_01570,wrong_item,2024-02-20 22:17:02,approved
ret_000063,ord_001561,prd_00015,defective,2024-02-24 07:59:08,approved
ret_000064,ord_001655,prd_00250,unsatisfied,2024-02-22 15:08:27,approved
ret_000065,ord_001683,prd_00639,defective,2024-02-18 00:37:14,approved
ret_000066,ord_001692,prd_00010,unsatisfied,2024-02-10 02:45:24,approved
ret_000067,ord_001748,prd_00011,delayed_delivery,2024-02-16 23:06:08,approved
ret_000068,ord_001803,prd_00017,defective,2024-02-24 16:37:59,approved
ret_000069,ord_001808,prd_00001,unsatisfied,2024-02-13 17:51:10,approved
ret_000070,ord_001827,prd_00938,wrong_item,2024-02-18 22:04:02,approved
ret_000071,ord_001843,prd_00018,wrong_item,2024-02-08 05:31:39,approved
ret_000072,ord_001875,prd_00238,defective,2024-02-05 14:26:31,approved
ret_000073,ord_001899,prd_00206,defective,2024-02-22 23:07:18,approved
ret_000074,ord_001902,prd_00001,unsatisfied,2024-02-13 23:35:36,approved
ret_000075,ord_001919,prd_00028,defective,2024-02-26 09:12:25,approved
ret_000076,ord_001924,prd_02236,delayed_delivery,2024-02-11 10:34:27,approved
ret_000077,ord_001969,prd_00962,unsatisfied,2024-02-26 10:50:13,approved
ret_000078,ord_002011,prd_00138,defective,2024-02-13 05:02:11,approved
ret_000079,ord_002025,prd_00007,unsatisfied,2024-02-25 13:38:48,approved
ret_000080,ord_002032,prd_01789,unsatisfied,2024-03-04 17:34:06,approved
ret_000081,ord_002055,prd_00016,wrong_item,2024-02-17 06:11:23,approved
ret_000082,ord_002077,prd_01475,wrong_item,2024-02-22 16:00:25,approved
ret_000083,ord_002094,prd_00346,delayed_delivery,2024-02-11 00:03:16,approved
ret_000084,ord_002124,prd_00472,unsatisfied,2024-02-14 10:10:48,approved
ret_000085,ord_002125,prd_00002,defective,2024-02-21 10:23:16,rejected
ret_000086,ord_002162,prd_00338,unsatisfied,2024-02-28 22:37:30,approved
ret_000087,ord_002171,prd_00001,wrong_item,2024-03-06 23:52:03,approved
ret_000088,ord_002220,prd_00036,defective,2024-02-12 15:54:19,rejected
ret_000089,ord_002258,prd_00038,unsatisfied,2024-03-01 04:37:39,approved
ret_000090,ord_002281,prd_00112,defective,2024-03-04 12:29:15,pending
ret_000091,ord_002284,prd_00030,wrong_item,2024-03-01 13:56:34,approved
ret_000092,ord_002293,prd_00370,defective,2024-02-25 15:47:24,approved
ret_000093,ord_002301,prd_00040,defective,2024-02-17 17:13:54,approved
ret_000094,ord_002301,prd_00177,unsatisfied,2024-02-17 17:13:54,approved
ret_000095,ord_002308,prd_00006,defective,2024-02-25 19:16:36,pending
ret_000096,ord_002326,prd_01099,wrong_item,2024-02-22 02:57:31,approved
ret_000097,ord_002373,prd_00001,unsatisfied,2024-03-06 19:13:39,approved
ret_000098,ord_002405,prd_00984,defective,2024-02-17 06:59:22,approved
ret_000099,ord_002460,prd_00007,wrong_item,2024-03-03 00:56:02,approved
ret_000100,ord_002473,prd_02168,unsatisfied,2024-03-07 05:58:56,approved
ret_000101,ord_002500,prd_00015,defective,2024-03-07 22:31:42,approved
ret_000102,ord_002507,prd_00026,defective,2024-02-25 01:23:10,approved
ret_000103,ord_002520,prd_01853,unsatisfied,2024-02-24 09:54:29,approved
ret_000104,ord_002520,prd_00318,defective,2024-03-06 09:54:29,approved
ret_000105,ord_002520,prd_01395,defective,2024-02-24 09:54:29,approved
ret_000106,ord_002556,prd_00003,unsatisfied,2024-02-23 02:48:37,approved
ret_000107,ord_002564,prd_00063,unsatisfied,2024-02-24 05:22:32,rejected
ret_000108,ord_002575,prd_02115,delayed_delivery,2024-03-08 07:41:43,approved
ret_000109,ord_002582,prd_00011,unsatisfied,2024-02-21 09:53:56,approved
ret_000110,ord_002589,prd_00002,defective,2024-03-09 12:01:42,rejected
ret_000111,ord_002609,prd_00002,wrong_item,2024-02-23 18:40:11,approved
ret_000112,ord_002621,prd_00740,unsatisfied,2024-02-19 20:55:57,approved
ret_000113,ord_002653,prd_00006,defective,2024-02-25 08:40:59,rejected
ret_000114,ord_002671,prd_00001,unsatisfied,2024-02-25 16:42:12,approved
ret_000115,ord_002685,prd_00153,delayed_delivery,2024-02-21 20:40:54,approved
ret_000116,ord_002693,prd_00276,wrong_item,2024-02-18 22:47:37,approved
ret_000117,ord_002765,prd_00001,unsatisfied,2024-02-28 18:49:47,rejected
ret_000118,ord_002781,prd_00001,defective,2024-03-11 00:36:24,approved
ret_000119,ord_002819,prd_00308,unsatisfied,2024-03-09 15:28:18,approved
ret_000120,ord_002831,prd_00096,wrong_item,2024-02-23 18:39:23,rejected
ret_000121,ord_002834,prd_00001,delayed_delivery,2024-02-22 19:53:06,rejected
ret_000122,ord_002909,prd_00001,wrong_item,2024-03-03 05:58:40,rejected
ret_000123,ord_003007,prd_00006,unsatisfied,2024-02-28 22:38:13,approved
ret_000124,ord_003061,prd_00421,wrong_item,2024-03-03 15:09:58,pending
ret_000125,ord_003102,prd_00072,defective,2024-03-21 04:30:11,approved
ret_000126,ord_003153,prd_00001,wrong_item,2024-03-01 00:17:23,approved
ret_000127,ord_003165,prd_00006,defective,2024-03-07 04:20:45,approved
ret_000128,ord_003262,prd_00690,defective,2024-03-12 13:53:10,approved
ret_000129,ord_003299,prd_00001,wrong_item,2024-03-15 03:46:04,approved
ret_000130,ord_003305,prd_00276,wrong_item,2024-03-08 08:24:40,pending
ret_000131,ord_003328,prd_00001,wrong_item,2024-03-20 17:37:29,approved
ret_000132,ord_003333,prd_00011,wrong_item,2024-03-07 18:57:21,approved
ret_000133,ord_003344,prd_00062,defective,2024-03-12 00:39:06,approved
ret_000134,ord_003349,prd_00530,defective,2024-03-02 04:46:17,approved
ret_000135,ord_003352,prd_00019,unsatisfied,2024-03-13 06:07:23,approved
ret_000136,ord_003488,prd_01088,unsatisfied,2024-03-18 10:10:11,approved
ret_000137,ord_003506,prd_00621,wrong_item,2024-03-25 18:29:57,approved
ret_000138,ord_003536,prd_01006,unsatisfied,2024-03-07 05:56:00,approved
ret_000139,ord_003539,prd_00004,unsatisfied,2024-03-20 06:26:41,approved
ret_000140,ord_003620,prd_00055,delayed_delivery,2024-03-06 05:06:43,approved
ret_000141,ord_003671,prd_00001,unsatisfied,2024-03-19 21:28:18,approved
ret_000142,ord_003710,prd_01263,defective,2024-03-10 15:26:55,approved
ret_000143,ord_003761,prd_00001,unsatisfied,2024-03-21 12:13:36,approved
ret_000144,ord_003866,prd_00240,unsatisfied,2024-03-31 00:00:28,rejected
ret_000145,ord_003868,prd_00067,unsatisfied,2024-03-16 00:56:25,approved
ret_000146,ord_003934,prd_01856,defective,2024-03-23 19:12:46,approved
ret_000147,ord_003950,prd_02319,unsatisfied,2024-04-02 22:00:58,approved
ret_000148,ord_003952,prd_00307,defective,2024-04-01 22:28:29,approved
ret_000149,ord_003988,prd_02175,defective,2024-03-20 09:32:08,approved
ret_000150,ord_004041,prd_00005,defective,2024-03-13 19:45:56,approved
ret_000151,ord_004054,prd_00033,defective,2024-03-21 21:49:34,rejected
ret_000152,ord_004055,prd_00033,unsatisfied,2024-03-12 22:27:27,rejected
ret_000153,ord_004056,prd_00205,wrong_item,2024-03-13 22:38:37,approved
ret_000154,ord_004064,prd_00377,unsatisfied,2024-03-30 00:18:57,rejected
ret_000155,ord_004081,prd_00077,defective,2024-03-30 03:48:06,pending
ret_000156,ord_004084,prd_00361,wrong_item,2024-03-23 04:17:14,approved
ret_000157,ord_004113,prd_00042,wrong_item,2024-03-15 11:49:11,rejected
ret_000158,ord_004133,prd_00005,unsatisfied,2024-04-04 19:49:17,approved
ret_000159,ord_004145,prd_00200,defective,2024-04-01 23:03:07,approved
ret_000160,ord_004158,prd_01802,wrong_item,2024-03-31 03:55:00,approved
ret_000161,ord_004195,prd_00019,unsatisfied,2024-03-27 12:10:19,approved
ret_000162,ord_004208,prd_00081,defective,2024-03-16 14:29:28,approved
ret_000163,ord_004240,prd_01088,delayed_delivery,2024-03-13 19:53:25,pending
ret_000164,ord_004308,prd_02215,defective,2024-03-26 19:34:15,approved
ret_000165,ord_004332,prd_01362,defective,2024-03-20 01:59:10,approved
ret_000166,ord_004346,prd_00005,delayed_delivery,2024-04-03 06:35:54,approved
ret_000167,ord_004349,prd_00064,wrong_item,2024-03-17 07:08:57,approved
ret_000168,ord_004401,prd_00094,unsatisfied,2024-04-03 02:15:17,approved
ret_000169,ord_004401,prd_00001,defective,2024-03-14 02:15:17,rejected
ret_000170,ord_004408,prd_00608,unsatisfied,2024-04-05 04:38:20,approved
ret_000171,ord_004439,prd_00011,wrong_item,2024-03-29 13:01:16,approved
ret_000172,ord_004454,prd_00055,unsatisfied,2024-03-25 19:21:06,approved
ret_000173,ord_004576,prd_00637,delayed_delivery,2024-03-17 09:29:06,approved
ret_000174,ord_004579,prd_00061,defective,2024-03-30 09:57:34,approved
ret_000175,ord_004592,prd_01015,wrong_item,2024-03-22 11:23:29,approved
ret_000176,ord_004604,prd_00469,defective,2024-03-26 13:25:07,approved
ret_000177,ord_004606,prd_00004,wrong_item,2024-03-19 13:40:33,approved
ret_000178,ord_004618,prd_00107,wrong_item,2024-03-19 16:29:12,approved
ret_000179,ord_004619,prd_02335,defective,2024-04-05 17:04:13,approved
ret_000180,ord_004622,prd_00002,delayed_delivery,2024-04-08 17:26:21,rejected
ret_000181,ord_004662,prd_00007,defective,2024-04-09 01:19:19,approved
ret_000182,ord_004670,prd_00073,unsatisfied,2024-03-22 03:19:51,approved
ret_000183,ord_004725,prd_00085,wrong_item,2024-03-19 18:41:37,approved
ret_000184,ord_004769,prd_00139,defective,2024-04-10 05:28:05,pending
ret_000185,ord_004770,prd_00002,wrong_item,2024-04-06 05:36:46,approved
ret_000186,ord_004799,prd_00057,defective,2024-04-03 12:05:04,approved
ret_000187,ord_004820,prd_01183,wrong_item,2024-03-31 15:17:49,approved
ret_000188,ord_004829,prd_00779,unsatisfied,2024-03-26 16:43:20,approved
ret_000189,ord_004837,prd_01028,unsatisfied,2024-04-05 18:19:08,approved
ret_000190,ord_004842,prd_02024,unsatisfied,2024-03-24 18:54:35,approved
ret_000191,ord_004874,prd_00012,unsatisfied,2024-03-26 02:26:19,approved
ret_000192,ord_004877,prd_00022,unsatisfied,2024-03-19 03:25:55,approved
ret_000193,ord_004877,prd_00002,delayed_delivery,2024-04-04 03:25:55,approved
ret_000194,ord_004898,prd_00056,wrong_item,2024-04-03 08:09:48,approved
ret_000195,ord_004973,prd_00002,wrong_item,2024-03-22 06:48:22,rejected
ret_000196,ord_004976,prd_00038,defective,2024-04-08 07:37:38,approved
ret_000197,ord_005044,prd_00007,unsatisfied,2024-03-27 10:49:52,approved
ret_000198,ord_005044,prd_00219,wrong_item,2024-04-12 10:49:52,approved
ret_000199,ord_005048,prd_00002,defective,2024-04-15 11:33:51,approved
ret_000200,ord_005050,prd_00017,unsatisfied,2024-03-27 12:05:31,rejected
ret_000201,ord_005056,prd_00146,unsatisfied,2024-04-05 14:30:16,approved
ret_000202,ord_005056,prd_02413,wrong_item,2024-04-15 14:30:16,approved
ret_000203,ord_005091,prd_00002,unsatisfied,2024-04-01 02:45:59,approved
ret_000204,ord_005124,prd_00015,unsatisfied,2024-03-29 13:34:55,rejected
ret_000205,ord_005138,prd_00371,unsatisfied,2024-04-10 19:24:10,rejected
ret_000206,ord_005159,prd_00155,unsatisfied,2024-04-11 01:15:34,approved
ret_000207,ord_005161,prd_00061,defective,2024-04-07 01:38:45,approved
ret_000208,ord_005183,prd_00006,wrong_item,2024-03-27 06:17:57,approved
ret_000209,ord_005244,prd_01147,defective,2024-04-13 17:28:45,approved
ret_000210,ord_005278,prd_00001,unsatisfied,2024-04-11 01:34:11,approved
ret_000211,ord_005336,prd_00918,defective,2024-03-29 15:20:46,approved
ret_000212,ord_005342,prd_02275,unsatisfied,2024-03-27 17:06:42,approved
ret_000213,ord_005359,prd_00060,unsatisfied,2024-04-17 20:33:41,rejected
ret_000214,ord_005395,prd_00050,defective,2024-04-02 03:36:25,approved
ret_000215,ord_005406,prd_00055,wrong_item,2024-03-26 06:34:57,approved
ret_000216,ord_005414,prd_00157,defective,2024-04-16 08:40:51,pending
ret_000217,ord_005431,prd_01932,wrong_item,2024-03-27 12:35:47,approved
ret_000218,ord_005437,prd_00003,unsatisfied,2024-04-07 13:14:19,approved
ret_000219,ord_005440,prd_02487,wrong_item,2024-03-31 14:23:19,approved
ret_000220,ord_005447,prd_02180,delayed_delivery,2024-04-06 16:01:49,approved
ret_000221,ord_005458,prd_00001,unsatisfied,2024-04-04 18:39:38,approved
ret_000222,ord_005496,prd_02256,defective,2024-04-10 02:51:20,approved
ret_000223,ord_005500,prd_00073,wrong_item,2024-04-02 03:55:09,approved
ret_000224,ord_005507,prd_00619,defective,2024-04-10 06:19:19,approved
ret_000225,ord_005531,prd_00002,defective,2024-04-09 15:17:32,approved
ret_000226,ord_005558,prd_00004,unsatisfied,2024-03-31 22:33:44,approved
ret_000227,ord_005559,prd_00050,defective,2024-03-28 23:14:01,approved
ret_000228,ord_005599,prd_00188,unsatisfied,2024-04-10 13:40:15,approved
ret_000229,ord_005628,prd_00002,wrong_item,2024-04-15 02:16:24,approved
ret_000230,ord_005656,prd_01708,unsatisfied,2024-04-11 09:30:23,approved
ret_000231,ord_005662,prd_00409,defective,2024-04-12 12:16:22,approved
ret_000232,ord_005686,prd_00081,defective,2024-04-18 20:45:23,approved
ret_000233,ord_005692,prd_01546,wrong_item,2024-04-15 21:51:00,approved
ret_000234,ord_005721,prd_00136,wrong_item,2024-04-06 06:36:12,approved
ret_000235,ord_005726,prd_00153,unsatisfied,2024-03-31 08:27:36,approved
ret_000236,ord_005744,prd_00307,unsatisfied,2024-04-18 14:42:12,approved
ret_000237,ord_005782,prd_00076,unsatisfied,2024-04-13 00:01:38,approved
ret_000238,ord_005800,prd_00153,wrong_item,2024-03-31 03:45:00,approved
ret_000239,ord_005836,prd_02153,defective,2024-04-03 11:43:44,approved
ret_000240,ord_005875,prd_00117,wrong_item,2024-04-12 19:02:37,approved
ret_000241,ord_005880,prd_00006,unsatisfied,2024-04-22 22:20:23,approved
ret_000242,ord_005954,prd_00007,unsatisfied,2024-04-10 19:12:07,rejected
ret_000243,ord_005995,prd_00013,wrong_item,2024-04-24 04:26:15,approved
ret_000244,ord_006030,prd_00481,defective,2024-04-14 13:22:01,approved
ret_000245,ord_006074,prd_00724,defective,2024-04-26 05:27:42,approved
ret_000246,ord_006094,prd_00016,unsatisfied,2024-04-16 11:22:36,approved
ret_000247,ord_006103,prd_00001,unsatisfied,2024-04-04 13:09:27,approved
ret_000248,ord_006127,prd_01668,delayed_delivery,2024-04-09 22:57:25,rejected
ret_000249,ord_006165,prd_02296,defective,2024-04-14 08:23:09,approved
ret_000250,ord_006228,prd_00003,unsatisfied,2024-04-18 06:44:09,approved
ret_000251,ord_006230,prd_00830,defective,2024-04-06 07:42:49,approved
ret_000252,ord_006267,prd_00637,defective,2024-04-07 19:51:41,approved
ret_000253,ord_006278,prd_00066,unsatisfied,2024-04-09 00:17:50,approved
ret_000254,ord_006292,prd_00005,wrong_item,2024-04-12 05:21:09,approved
ret_000255,ord_006328,prd_01182,unsatisfied,2024-04-07 16:08:57,approved
ret_000256,ord_006331,prd_00002,defective,2024-04-17 18:52:06,approved
ret_000257,ord_006333,prd_00373,defective,2024-04-29 19:19:59,approved
ret_000258,ord_006360,prd_00001,delayed_delivery,2024-04-23 05:16:19,approved
ret_000259,ord_006374,prd_00053,wrong_item,2024-04-06 08:08:31,rejected
ret_000260,ord_006382,prd_00552,wrong_item,2024-04-10 09:28:09,pending
ret_000261,ord_006416,prd_00965,unsatisfied,2024-04-28 18:38:49,rejected
ret_000262,ord_006432,prd_00002,wrong_item,2024-04-13 22:12:02,approved
ret_000263,ord_006433,prd_00040,unsatisfied,2024-04-09 22:27:06,approved
ret_000264,ord_006442,prd_00052,defective,2024-04-13 00:27:51,approved
ret_000265,ord_006463,prd_00932,wrong_item,2024-04-18 05:02:23,approved
ret_000266,ord_006500,prd_00002,unsatisfied,2024-04-18 14:18:58,approved
ret_000267,ord_006514,prd_00010,unsatisfied,2024-04-14 16:10:34,approved
ret_000268,ord_006588,prd_00002,wrong_item,2024-04-10 09:40:42,approved
ret_000269,ord_006598,prd_00072,defective,2024-04-10 11:43:44,approved
ret_000270,ord_006635,prd_00010,wrong_item,2024-04-15 21:25:03,approved
ret_000271,ord_006643,prd_00485,delayed_delivery,2024-04-15 22:17:05,approved
ret_000272,ord_006645,prd_00013,wrong_item,2024-04-16 22:33:13,rejected
ret_000273,ord_006649,prd_01570,defective,2024-04-29 23:55:30,rejected
ret_000274,ord_006652,prd_00402,defective,2024-04-14 00:46:03,approved
ret_000275,ord_006704,prd_00682,defective,2024-04-28 17:49:27,approved
ret_000276,ord_006740,prd_01008,wrong_item,2024-04-20 09:14:46,approved
ret_000277,ord_006757,prd_00341,defective,2024-04-17 13:59:19,approved
ret_000278,ord_006795,prd_00384,unsatisfied,2024-04-22 00:48:13,approved
ret_000279,ord_006800,prd_00007,defective,2024-04-15 03:22:38,approved
ret_000280,ord_006819,prd_00022,wrong_item,2024-04-28 07:09:46,approved
ret_000281,ord_006868,prd_00016,defective,2024-04-21 00:25:13,approved
ret_000282,ord_006943,prd_00041,wrong_item,2024-04-17 22:51:54,approved
ret_000283,ord_006953,prd_00040,wrong_item,2024-05-04 02:18:38,approved
ret_000284,ord_006984,prd_01267,defective,2024-04-21 11:58:40,approved
ret_000285,ord_007012,prd_00135,wrong_item,2024-04-14 17:23:59,approved
ret_000286,ord_007026,prd_00051,delayed_delivery,2024-05-02 19:47:29,approved
ret_000287,ord_007102,prd_00002,wrong_item,2024-05-05 17:27:18,approved
ret_000288,ord_007139,prd_00002,defective,2024-05-02 00:44:34,approved
ret_000289,ord_007158,prd_00005,defective,2024-05-03 05:04:55,approved
ret_000290,ord_007160,prd_00001,defective,2024-04-28 05:20:45,approved
ret_000291,ord_007201,prd_00295,wrong_item,2024-05-04 13:13:14,approved
ret_000292,ord_007204,prd_00011,unsatisfied,2024-04-25 14:15:16,approved
ret_000293,ord_007255,prd_00001,delayed_delivery,2024-04-30 05:29:07,approved
ret_000294,ord_007297,prd_00172,wrong_item,2024-04-24 15:32:59,approved
ret_000295,ord_007308,prd_01021,wrong_item,2024-05-06 19:06:31,approved
ret_000296,ord_007328,prd_02283,wrong_item,2024-05-06 01:20:00,approved
ret_000297,ord_007348,prd_00079,defective,2024-05-11 06:32:16,approved
ret_000298,ord_007356,prd_00005,wrong_item,2024-04-23 08:36:56,pending
ret_000299,ord_007357,prd_01416,unsatisfied,2024-05-05 08:40:39,pending
ret_000300,ord_007363,prd_00055,defective,2024-05-06 11:25:01,pending
ret_000301,ord_007403,prd_01453,wrong_item,2024-04-27 22:33:00,approved
ret_000302,ord_007405,prd_00597,wrong_item,2024-04-29 22:40:42,approved
ret_000303,ord_007413,prd_00006,unsatisfied,2024-05-08 00:57:05,approved
ret_000304,ord_007420,prd_02278,unsatisfied,2024-04-18 02:26:56,pending
ret_000305,ord_007452,prd_00020,delayed_delivery,2024-05-09 12:30:45,approved
ret_000306,ord_007452,prd_00107,unsatisfied,2024-04-21 12:30:45,approved
ret_000307,ord_007495,prd_00007,wrong_item,2024-05-02 01:19:20,approved
ret_000308,ord_007506,prd_00163,unsatisfied,2024-04-28 06:23:30,approved
ret_000309,ord_007542,prd_00755,unsatisfied,2024-05-02 20:58:25,approved
ret_000310,ord_007566,prd_00002,unsatisfied,2024-04-22 04:26:28,approved
ret_000311,ord_007578,prd_00706,wrong_item,2024-05-02 07:10:50,approved
ret_000312,ord_007605,prd_00733,defective,2024-04-27 11:33:02,approved
ret_000313,ord_007644,prd_01051,wrong_item,2024-05-09 23:21:29,approved
ret_000314,ord_007648,prd_01197,defective,2024-05-10 23:52:48,approved
ret_000315,ord_007731,prd_00022,unsatisfied,2024-05-02 18:55:35,approved
ret_000316,ord_007732,prd_01038,wrong_item,2024-04-23 18:58:59,approved
ret_000317,ord_007747,prd_00138,delayed_delivery,2024-05-07 22:50:30,approved
ret_000318,ord_007756,prd_00016,unsatisfied,2024-05-08 00:29:13,rejected
ret_000319,ord_007789,prd_00518,defective,2024-05-04 08:00:30,approved
ret_000320,ord_007871,prd_00305,defective,2024-05-06 00:10:34,rejected
ret_000321,ord_007873,prd_00001,defective,2024-05-17 00:24:50,approved
ret_000322,ord_007918,prd_01733,delayed_delivery,2024-04-24 17:58:14,approved
ret_000323,ord_007947,prd_00072,defective,2024-05-17 01:20:24,approved
ret_000324,ord_007963,prd_00267,defective,2024-05-18 06:20:16,approved
ret_000325,ord_007973,prd_01432,delayed_delivery,2024-04-27 10:07:04,approved
ret_000326,ord_007974,prd_00513,defective,2024-04-25 10:08:44,rejected
ret_000327,ord_007998,prd_01077,defective,2024-05-18 17:00:52,approved
ret_000328,ord_008047,prd_00569,defective,2024-05-07 10:43:34,approved
ret_000329,ord_008074,prd_01263,defective,2024-04-28 21:14:31,approved
ret_000330,ord_008093,prd_02059,wrong_item,2024-05-13 03:42:46,approved
ret_000331,ord_008139,prd_00052,delayed_delivery,2024-05-09 22:07:26,rejected
ret_000332,ord_008188,prd_00006,defective,2024-05-10 05:57:44,approved
ret_000333,ord_008199,prd_00009,wrong_item,2024-05-04 07:35:15,approved
ret_000334,ord_008219,prd_00002,defective,2024-05-17 13:14:40,rejected
ret_000335,ord_008220,prd_00002,unsatisfied,2024-05-18 13:24:18,approved
ret_000336,ord_008235,prd_01358,delayed_delivery,2024-05-15 17:07:42,approved
ret_000337,ord_008241,prd_01213,wrong_item,2024-05-20 17:35:38,approved
ret_000338,ord_008264,prd_00069,wrong_item,2024-05-06 23:12:34,approved
ret_000339,ord_008264,prd_02482,unsatisfied,2024-05-09 23:12:34,approved
ret_000340,ord_008269,prd_00447,wrong_item,2024-05-15 00:20:17,approved
ret_000341,ord_008283,prd_00001,unsatisfied,2024-05-23 02:55:13,approved
ret_000342,ord_008331,prd_00140,wrong_item,2024-05-22 13:54:41,rejected
ret_000343,ord_008383,prd_00004,wrong_item,2024-05-02 01:41:11,approved
ret_000344,ord_008385,prd_00016,delayed_delivery,2024-05-14 01:58:17,approved
ret_000345,ord_008386,prd_00273,wrong_item,2024-05-23 02:03:25,approved
ret_000346,ord_008396,prd_00006,unsatisfied,2024-05-10 04:00:55,approved
ret_000347,ord_008478,prd_01306,defective,2024-05-02 02:12:26,rejected
ret_000348,ord_008498,prd_01320,wrong_item,2024-05-06 07:32:08,approved
ret_000349,ord_008537,prd_00007,wrong_item,2024-05-11 00:20:18,approved
ret_000350,ord_008550,prd_00121,wrong_item,2024-05-18 04:59:17,pending
ret_000351,ord_008559,prd_00006,wrong_item,2024-05-09 08:10:02,approved
ret_000352,ord_008618,prd_00391,wrong_item,2024-05-23 05:22:09,approved
ret_000353,ord_008638,prd_00014,wrong_item,2024-05-03 11:12:50,approved
ret_000354,ord_008658,prd_00126,defective,2024-05-09 17:49:15,approved
ret_000355,ord_008673,prd_02335,defective,2024-05-14 22:51:36,approved
ret_000356,ord_008677,prd_00002,defective,2024-05-16 23:28:52,rejected
ret_000357,ord_008704,prd_00213,unsatisfied,2024-05-08 08:20:01,approved
ret_000358,ord_008708,prd_01088,wrong_item,2024-05-08 10:04:43,approved
ret_000359,ord_008719,prd_01614,defective,2024-05-10 13:07:46,approved
ret_000360,ord_008723,prd_00001,delayed_delivery,2024-05-23 13:58:47,approved
ret_000361,ord_008729,prd_00016,unsatisfied,2024-05-20 15:40:16,approved
ret_000362,ord_008746,prd_00309,defective,2024-05-05 23:37:27,approved
ret_000363,ord_008770,prd_00002,defective,2024-05-26 04:40:26,approved
ret_000364,ord_008784,prd_00002,wrong_item,2024-05-20 09:08:22,rejected
ret_000365,ord_008803,prd_00014,defective,2024-05-15 12:55:13,approved
ret_000366,ord_008809,prd_00002,wrong_item,2024-05-12 14:43:57,pending
ret_000367,ord_008852,prd_00048,wrong_item,2024-05-14 23:46:11,approved
ret_000368,ord_008874,prd_00380,defective,2024-05-20 04:11:36,approved
ret_000369,ord_008881,prd_00060,defective,2024-05-11 05:34:44,approved
ret_000370,ord_008956,prd_00220,delayed_delivery,2024-05-11 19:31:49,approved
ret_000371,ord_008984,prd_00009,wrong_item,2024-05-28 01:28:26,approved
ret_000372,ord_008991,prd_00014,defective,2024-05-06 03:15:38,pending
ret_000373,ord_009004,prd_00606,unsatisfied,2024-05-07 05:41:59,approved
ret_000374,ord_009047,prd_00005,unsatisfied,2024-05-20 18:23:06,approved
ret_000375,ord_009073,prd_00001,delayed_delivery,2024-05-23 02:29:56,approved
ret_000376,ord_009120,prd_00002,wrong_item,2024-05-16 16:59:08,approved
ret_000377,ord_009140,prd_00920,wrong_item,2024-06-02 03:08:13,approved
ret_000378,ord_009156,prd_00322,unsatisfied,2024-05-17 06:25:59,approved
ret_000379,ord_009166,prd_00007,unsatisfied,2024-05-14 09:30:18,approved
ret_000380,ord_009175,prd_00239,defective,2024-05-30 13:19:11,approved
ret_000381,ord_009186,prd_00002,unsatisfied,2024-05-09 17:58:03,approved
ret_000382,ord_009207,prd_00009,unsatisfied,2024-05-21 01:33:34,rejected
ret_000383,ord_009228,prd_00001,delayed_delivery,2024-05-21 07:08:32,approved
ret_000384,ord_009239,prd_00331,unsatisfied,2024-05-29 10:02:12,approved
ret_000385,ord_009275,prd_00001,defective,2024-05-17 21:11:56,approved
ret_000386,ord_009285,prd_00670,wrong_item,2024-05-15 01:22:50,pending
ret_000387,ord_009309,prd_00003,defective,2024-05-18 07:38:51,approved
ret_000388,ord_009317,prd_00386,unsatisfied,2024-05-25 13:21:11,approved
ret_000389,ord_009335,prd_00001,wrong_item,2024-06-04 17:38:45,approved
ret_000390,ord_009360,prd_00891,unsatisfied,2024-05-14 01:39:33,approved
ret_000391,ord_009371,prd_00040,unsatisfied,2024-06-02 04:38:18,approved
ret_000392,ord_009381,prd_00001,defective,2024-05-13 08:13:17,approved
ret_000393,ord_009383,prd_00002,defective,2024-05-23 08:25:18,approved
ret_000394,ord_009401,prd_00059,unsatisfied,2024-05-17 12:51:20,approved
ret_000395,ord_009407,prd_00283,wrong_item,2024-05-26 14:56:11,rejected
ret_000396,ord_009424,prd_00002,defective,2024-05-15 18:56:44,approved
ret_000397,ord_009428,prd_00028,defective,2024-05-29 19:25:20,approved
ret_000398,ord_009451,prd_00192,delayed_delivery,2024-05-13 23:04:30,rejected
ret_000399,ord_009453,prd_00660,wrong_item,2024-05-25 23:10:14,pending
ret_000400,ord_009461,prd_02138,defective,2024-05-29 01:38:24,approved
ret_000401,ord_009496,prd_00066,unsatisfied,2024-06-04 11:37:50,approved
ret_000402,ord_009507,prd_00035,unsatisfied,2024-05-24 13:07:11,approved
ret_000403,ord_009543,prd_00021,defective,2024-05-30 20:24:50,approved
ret_000404,ord_009545,prd_00155,defective,2024-06-02 20:50:29,approved
ret_000405,ord_009600,prd_00001,wrong_item,2024-05-24 07:11:00,approved
ret_000406,ord_009626,prd_00009,defective,2024-06-02 13:54:18,approved
ret_000407,ord_009643,prd_00001,delayed_delivery,2024-06-01 17:30:14,approved
ret_000408,ord_009654,prd_00005,defective,2024-05-18 19:50:41,approved
ret_000409,ord_009681,prd_02265,unsatisfied,2024-06-02 02:03:53,pending
ret_000410,ord_009758,prd_00022,wrong_item,2024-05-20 23:57:32,approved
ret_000411,ord_009789,prd_00153,defective,2024-05-24 11:37:33,approved
ret_000412,ord_009824,prd_00001,wrong_item,2024-05-15 23:18:31,approved
ret_000413,ord_009825,prd_00006,delayed_delivery,2024-05-15 23:27:53,approved
ret_000414,ord_009876,prd_00029,delayed_delivery,2024-05-25 12:27:31,approved
ret_000415,ord_009885,prd_00011,unsatisfied,2024-06-02 16:55:42,approved
ret_000416,ord_009888,prd_00117,unsatisfied,2024-06-09 17:21:57,approved
ret_000417,ord_009917,prd_01920,unsatisfied,2024-05-30 02:36:42,approved
ret_000418,ord_009976,prd_00041,defective,2024-05-30 00:37:30,pending
ret_000419,ord_010112,prd_02045,unsatisfied,2024-06-10 11:24:06,approved
ret_000420,ord_010134,prd_00025,defective,2024-05-21 16:31:37,approved
ret_000421,ord_010134,prd_00913,wrong_item,2024-06-06 16:31:37,approved
ret_000422,ord_010152,prd_00001,defective,2024-06-02 21:49:53,approved
ret_000423,ord_010161,prd_01101,defective,2024-05-24 01:15:39,approved
ret_000424,ord_010162,prd_00001,unsatisfied,2024-06-01 01:31:23,approved
ret_000425,ord_010163,prd_00007,defective,2024-06-11 01:33:01,approved
ret_000426,ord_010179,prd_00179,unsatisfied,2024-06-03 04:00:18,approved
ret_000427,ord_010234,prd_02296,defective,2024-06-12 16:42:23,approved
ret_000428,ord_010257,prd_00012,unsatisfied,2024-06-13 21:32:09,approved
ret_000429,ord_010284,prd_00233,defective,2024-06-07 03:32:16,rejected
ret_000430,ord_010296,prd_00743,wrong_item,2024-05-26 06:39:13,approved
ret_000431,ord_010313,prd_00057,defective,2024-05-26 11:31:13,rejected
ret_000432,ord_010339,prd_00008,defective,2024-06-04 22:09:22,approved
ret_000433,ord_010454,prd_00094,defective,2024-06-11 15:51:27,approved
ret_000434,ord_010478,prd_00137,defective,2024-05-24 00:31:16,approved
ret_000435,ord_010522,prd_00338,delayed_delivery,2024-05-25 13:09:16,pending
ret_000436,ord_010522,prd_00540,wrong_item,2024-05-28 13:09:16,approved
ret_000437,ord_010589,prd_00001,unsatisfied,2024-05-27 08:44:21,approved
ret_000438,ord_010613,prd_00182,unsatisfied,2024-06-09 14:09:42,approved
ret_000439,ord_010643,prd_00112,wrong_item,2024-06-09 19:17:57,approved
ret_000440,ord_010683,prd_00074,wrong_item,2024-05-28 07:21:32,rejected
ret_000441,ord_010687,prd_00101,unsatisfied,2024-05-31 08:08:31,approved
ret_000442,ord_010693,prd_01414,defective,2024-05-26 08:55:37,approved
ret_000443,ord_010695,prd_00002,defective,2024-06-16 09:07:20,approved
ret_000444,ord_010727,prd_00180,defective,2024-06-04 16:15:51,rejected
ret_000445,ord_010797,prd_00362,defective,2024-05-31 08:15:38,approved
ret_000446,ord_010803,prd_00064,defective,2024-05-27 09:02:58,approved
ret_000447,ord_010853,prd_00007,wrong_item,2024-06-04 19:30:18,approved
ret_000448,ord_010893,prd_00010,defective,2024-06-18 06:05:55,approved
ret_000449,ord_010950,prd_00441,wrong_item,2024-06-04 01:26:57,approved
ret_000450,ord_010955,prd_01644,wrong_item,2024-06-06 03:14:08,approved
ret_000451,ord_010979,prd_00011,defective,2024-06-07 09:29:34,approved
ret_000452,ord_011014,prd_00033,unsatisfied,2024-06-03 21:29:43,rejected
ret_000453,ord_011017,prd_00003,wrong_item,2024-06-22 22:46:04,approved
ret_000454,ord_011073,prd_00008,defective,2024-06-15 18:00:30,approved
ret_000455,ord_011109,prd_02426,defective,2024-06-13 05:59:28,approved
ret_000456,ord_011137,prd_00075,unsatisfied,2024-06-05 16:24:06,approved
ret_000457,ord_011191,prd_00090,unsatisfied,2024-06-22 04:36:10,approved
ret_000458,ord_011229,prd_00064,defective,2024-06-19 13:59:40,approved
ret_000459,ord_011247,prd_00391,unsatisfied,2024-06-14 17:27:12,approved
ret_000460,ord_011300,prd_00001,defective,2024-06-03 03:25:52,approved
ret_000461,ord_011366,prd_00322,defective,2024-06-02 15:57:15,approved
ret_000462,ord_011405,prd_00001,unsatisfied,2024-06-15 00:07:53,rejected
ret_000463,ord_011405,prd_00001,wrong_item,2024-06-16 00:07:53,approved
ret_000464,ord_011437,prd_01464,delayed_delivery,2024-06-15 07:11:19,approved
ret_000465,ord_011442,prd_00006,unsatisfied,2024-06-26 08:40:12,approved
ret_000466,ord_011453,prd_00011,delayed_delivery,2024-06-04 11:30:51,approved
ret_000467,ord_011483,prd_00389,delayed_delivery,2024-06-16 18:24:10,approved
ret_000468,ord_011564,prd_00489,unsatisfied,2024-06-22 20:33:46,approved
ret_000469,ord_011570,prd_00615,unsatisfied,2024-06-18 22:09:16,approved
ret_000470,ord_011577,prd_01561,wrong_item,2024-06-18 23:49:35,approved
ret_000471,ord_011630,prd_00073,wrong_item,2024-06-12 19:15:50,approved
ret_000472,ord_011630,prd_00332,wrong_item,2024-06-18 19:15:50,approved
ret_000473,ord_011643,prd_00014,unsatisfied,2024-06-12 23:03:48,approved
ret_000474,ord_011667,prd_00001,unsatisfied,2024-07-01 05:44:30,approved
ret_000475,ord_011695,prd_00012,defective,2024-07-01 14:18:20,rejected
ret_000476,ord_011752,prd_00024,defective,2024-06-28 05:38:03,pending
ret_000477,ord_011779,prd_00006,defective,2024-06-22 17:27:38,approved
ret_000478,ord_011806,prd_00066,defective,2024-07-01 00:33:34,approved
ret_000479,ord_011831,prd_00048,defective,2024-06-21 05:06:16,approved
ret_000480,ord_011902,prd_00005,defective,2024-06-27 22:07:49,approved
ret_000481,ord_011965,prd_00672,unsatisfied,2024-07-03 11:15:13,approved
ret_000482,ord_011979,prd_00847,unsatisfied,2024-06-28 13:50:47,approved
ret_000483,ord_011986,prd_00089,unsatisfied,2024-06-16 14:43:51,approved
ret_000484,ord_012018,prd_00005,unsatisfied,2024-06-13 23:57:51,approved
ret_000485,ord_012086,prd_00001,unsatisfied,2024-06-23 14:38:44,approved
ret_000486,ord_012122,prd_00011,defective,2024-06-15 21:20:14,approved
ret_000487,ord_012176,prd_00024,unsatisfied,2024-06-19 16:06:38,approved
ret_000488,ord_012199,prd_00001,unsatisfied,2024-07-06 21:08:23,approved
ret_000489,ord_012220,prd_00009,wrong_item,2024-06-18 05:09:32,approved
ret_000490,ord_012240,prd_00022,unsatisfied,2024-07-01 09:13:54,rejected
ret_000491,ord_012248,prd_00002,delayed_delivery,2024-06-20 12:55:10,approved
ret_000492,ord_012312,prd_00150,delayed_delivery,2024-06-15 13:18:43,approved
ret_000493,ord_012337,prd_00003,wrong_item,2024-06-26 22:12:21,approved
ret_000494,ord_012358,prd_00010,wrong_item,2024-06-27 05:49:10,approved
ret_000495,ord_012371,prd_00074,defective,2024-07-05 09:28:50,approved
ret_000496,ord_012371,prd_00001,defective,2024-07-05 09:28:50,approved
ret_000497,ord_012382,prd_00673,defective,2024-06-26 12:23:40,approved
ret_000498,ord_012413,prd_00062,defective,2024-06-20 22:29:56,approved
ret_000499,ord_012414,prd_01041,defective,2024-07-06 22:30:16,approved
ret_000500,ord_012419,prd_00346,unsatisfied,2024-06-27 23:48:04,approved
ret_000501,ord_012435,prd_00791,wrong_item,2024-06-17 03:58:46,approved
ret_000502,ord_012490,prd_00007,defective,2024-06-15 15:37:40,approved
ret_000503,ord_012530,prd_00010,defective,2024-07-02 01:22:35,pending
ret_000504,ord_012537,prd_01631,wrong_item,2024-07-02 02:54:56,approved
ret_000505,ord_012542,prd_00529,defective,2024-07-02 04:22:29,approved
ret_000506,ord_012550,prd_00016,delayed_delivery,2024-07-04 05:59:15,approved
ret_000507,ord_012555,prd_00424,unsatisfied,2024-06-16 07:56:55,pending
ret_000508,ord_012578,prd_00001,unsatisfied,2024-07-09 13:11:46,approved
ret_000509,ord_012581,prd_00039,delayed_delivery,2024-06-21 13:35:53,pending
ret_000510,ord_012583,prd_00773,defective,2024-07-06 13:38:18,approved
ret_000511,ord_012679,prd_00006,defective,2024-06-25 09:01:39,pending
ret_000512,ord_012711,prd_00209,defective,2024-06-26 14:48:54,approved
ret_000513,ord_012715,prd_00197,unsatisfied,2024-06-27 16:00:11,approved
ret_000514,ord_012735,prd_00968,unsatisfied,2024-06-24 19:56:49,approved
ret_000515,ord_012746,prd_00004,defective,2024-07-06 21:50:09,approved
ret_000516,ord_012757,prd_02422,defective,2024-06-30 23:37:07,approved
ret_000517,ord_012764,prd_00057,wrong_item,2024-07-10 00:57:19,approved
ret_000518,ord_012767,prd_00335,wrong_item,2024-06-30 02:09:33,approved
ret_000519,ord_012772,prd_00006,unsatisfied,2024-07-06 03:31:25,approved
ret_000520,ord_012782,prd_00205,defective,2024-06-19 07:59:54,approved
ret_000521,ord_012818,prd_00001,unsatisfied,2024-06-26 20:36:35,approved
ret_000522,ord_012831,prd_01955,defective,2024-06-24 02:05:25,approved
ret_000523,ord_012860,prd_00002,delayed_delivery,2024-06-28 14:17:56,approved
ret_000524,ord_012976,prd_00001,defective,2024-07-01 05:15:51,approved
ret_000525,ord_012978,prd_00857,wrong_item,2024-06-29 06:16:32,approved
ret_000526,ord_012987,prd_01901,wrong_item,2024-07-04 07:55:19,approved
ret_000527,ord_012999,prd_00241,defective,2024-06-25 09:41:52,approved
ret_000528,ord_013077,prd_00006,unsatisfied,2024-07-03 02:29:28,approved
ret_000529,ord_013079,prd_00075,wrong_item,2024-07-11 02:45:07,approved
ret_000530,ord_013086,prd_00001,wrong_item,2024-07-03 03:42:00,approved
ret_000531,ord_013112,prd_00200,unsatisfied,2024-06-26 09:44:50,approved
ret_000532,ord_013119,prd_00255,wrong_item,2024-06-24 10:48:15,rejected
ret_000533,ord_013121,prd_00599,unsatisfied,2024-06-30 11:02:49,approved
ret_000534,ord_013138,prd_02027,unsatisfied,2024-07-10 13:40:20,rejected
ret_000535,ord_013174,prd_00001,wrong_item,2024-07-08 21:31:03,approved
ret_000536,ord_013187,prd_00072,defective,2024-07-07 01:20:22,approved
ret_000537,ord_013195,prd_02481,defective,2024-07-01 02:36:33,approved
ret_000538,ord_013218,prd_00002,wrong_item,2024-06-28 09:23:05,approved
ret_000539,ord_013246,prd_01885,unsatisfied,2024-07-07 17:19:51,pending
ret_000540,ord_013260,prd_00006,defective,2024-07-02 19:42:58,approved
ret_000541,ord_013276,prd_00014,wrong_item,2024-06-28 23:13:48,approved
ret_000542,ord_013280,prd_00006,wrong_item,2024-07-18 23:35:30,pending
ret_000543,ord_013312,prd_00669,defective,2024-07-03 07:56:47,rejected
ret_000544,ord_013313,prd_00262,unsatisfied,2024-07-05 08:36:02,approved
ret_000545,ord_013320,prd_00001,delayed_delivery,2024-07-08 09:13:52,approved
ret_000546,ord_013331,prd_00004,wrong_item,2024-07-01 11:47:17,approved
ret_000547,ord_013334,prd_01172,defective,2024-07-01 12:25:08,approved
ret_000548,ord_013376,prd_00635,defective,2024-06-28 23:42:52,approved
ret_000549,ord_013407,prd_00428,wrong_item,2024-07-07 08:14:08,approved
ret_000550,ord_013414,prd_01742,wrong_item,2024-07-17 10:14:36,approved
ret_000551,ord_013418,prd_00340,defective,2024-07-03 10:50:10,approved
ret_000552,ord_013448,prd_00675,defective,2024-07-01 18:47:42,rejected
ret_000553,ord_013454,prd_00410,defective,2024-07-06 21:20:00,approved
ret_000554,ord_013473,prd_00002,wrong_item,2024-07-13 03:03:07,approved
ret_000555,ord_013476,prd_02488,wrong_item,2024-07-08 03:30:09,approved
ret_000556,ord_013516,prd_01291,defective,2024-07-05 17:57:31,approved
ret_000557,ord_013560,prd_00249,defective,2024-06-30 09:55:31,approved
ret_000558,ord_013580,prd_00001,unsatisfied,2024-06-27 15:08:43,approved
ret_000559,ord_013604,prd_01760,unsatisfied,2024-07-12 19:58:38,approved
ret_000560,ord_013618,prd_00058,unsatisfied,2024-07-23 01:21:35,approved
ret_000561,ord_013627,prd_00854,wrong_item,2024-07-10 05:06:56,approved
ret_000562,ord_013648,prd_00076,defective,2024-07-16 13:51:33,approved
ret_000563,ord_013713,prd_01544,defective,2024-07-05 05:34:32,approved
ret_000564,ord_013765,prd_00001,unsatisfied,2024-07-11 16:26:11,approved
ret_000565,ord_013768,prd_00002,unsatisfied,2024-07-11 18:09:41,rejected
ret_000566,ord_013810,prd_00452,defective,2024-06-30 04:25:25,rejected
ret_000567,ord_013815,prd_01951,wrong_item,2024-07-14 05:12:56,rejected
ret_000568,ord_013821,prd_00007,wrong_item,2024-07-22 06:36:20,rejected
ret_000569,ord_013840,prd_00005,defective,2024-07-25 10:17:05,approved
ret_000570,ord_013866,prd_00411,unsatisfied,2024-07-23 17:21:34,approved
ret_000571,ord_013869,prd_00001,wrong_item,2024-07-23 18:55:11,pending
ret_000572,ord_013878,prd_00587,wrong_item,2024-07-16 21:48:26,approved
ret_000573,ord_013896,prd_00255,defective,2024-07-19 03:41:40,approved
ret_000574,ord_013908,prd_00040,wrong_item,2024-07-10 06:44:04,approved
ret_000575,ord_013915,prd_00001,wrong_item,2024-07-21 07:42:58,approved
ret_000576,ord_013951,prd_00215,defective,2024-07-26 16:32:05,approved
ret_000577,ord_014044,prd_00535,wrong_item,2024-07-02 16:40:58,rejected
ret_000578,ord_014103,prd_00057,wrong_item,2024-07-26 09:49:24,approved
ret_000579,ord_014125,prd_00001,delayed_delivery,2024-07-10 19:17:38,rejected
ret_000580,ord_014131,prd_00033,unsatisfied,2024-07-21 20:05:57,approved
ret_000581,ord_014149,prd_00013,delayed_delivery,2024-07-06 00:50:54,approved
ret_000582,ord_014169,prd_00016,wrong_item,2024-07-20 05:31:31,approved
ret_000583,ord_014174,prd_00003,defective,2024-07-08 07:06:29,approved
ret_000584,ord_014189,prd_00001,wrong_item,2024-07-19 09:28:10,approved
ret_000585,ord_014313,prd_00050,unsatisfied,2024-07-30 23:55:06,rejected
ret_000586,ord_014337,prd_00972,defective,2024-07-21 04:25:51,approved
ret_000587,ord_014341,prd_00003,delayed_delivery,2024-07-17 05:56:49,approved
ret_000588,ord_014346,prd_01651,unsatisfied,2024-07-26 06:22:28,approved
ret_000589,ord_014350,prd_00564,unsatisfied,2024-07-31 06:39:47,approved
ret_000590,ord_014390,prd_00489,unsatisfied,2024-07-30 13:01:58,approved
ret_000591,ord_014426,prd_00966,delayed_delivery,2024-07-11 21:17:31,pending
ret_000592,ord_014444,prd_00006,defective,2024-07-18 02:16:40,approved
ret_000593,ord_014487,prd_00424,wrong_item,2024-07-13 09:24:51,approved
ret_000594,ord_014496,prd_00004,defective,2024-07-15 11:08:39,approved
ret_000595,ord_014499,prd_02080,unsatisfied,2024-07-11 12:01:08,approved
ret_000596,ord_014512,prd_00308,defective,2024-07-17 17:14:03,approved
ret_000597,ord_014522,prd_00203,defective,2024-07-18 20:37:19,approved
ret_000598,ord_014532,prd_00002,unsatisfied,2024-07-24 22:39:12,approved
ret_000599,ord_014535,prd_00560,unsatisfied,2024-07-14 22:54:35,approved
ret_000600,ord_014579,prd_00399,unsatisfied,2024-07-29 06:38:48,approved
ret_000601,ord_014585,prd_00961,wrong_item,2024-07-27 08:39:54,approved
ret_000602,ord_014611,prd_00002,unsatisfied,2024-07-25 13:57:17,approved
ret_000603,ord_014630,prd_00074,defective,2024-07-10 18:07:15,approved
ret_000604,ord_014658,prd_00007,defective,2024-07-10 01:26:56,approved
ret_000605,ord_014679,prd_01936,wrong_item,2024-07-17 08:26:13,approved
ret_000606,ord_014686,prd_00003,wrong_item,2024-07-14 10:22:20,approved
ret_000607,ord_014701,prd_00002,wrong_item,2024-07-21 13:42:14,approved
ret_000608,ord_014726,prd_00002,wrong_item,2024-07-12 20:17:02,approved
ret_000609,ord_014824,prd_02268,unsatisfied,2024-07-11 01:02:48,approved
ret_000610,ord_014829,prd_00041,unsatisfied,2024-07-24 02:11:52,approved
ret_000611,ord_014842,prd_00569,unsatisfied,2024-07-30 06:39:42,approved
ret_000612,ord_014850,prd_00001,defective,2024-07-21 08:50:57,approved
ret_000613,ord_014853,prd_00002,unsatisfied,2024-07-26 09:23:29,approved
ret_000614,ord_014871,prd_00001,defective,2024-07-18 17:00:25,rejected
ret_000615,ord_014897,prd_01301,wrong_item,2024-07-29 01:08:59,approved
ret_000616,ord_014921,prd_00014,wrong_item,2024-08-03 07:46:23,rejected
ret_000617,ord_014933,prd_01588,wrong_item,2024-07-17 11:11:05,rejected
ret_000618,ord_014940,prd_00002,defective,2024-08-06 13:09:01,approved
ret_000619,ord_014957,prd_00007,wrong_item,2024-08-06 18:52:07,approved
ret_000620,ord_014977,prd_00002,unsatisfied,2024-07-19 01:45:38,approved
ret_000621,ord_015009,prd_00002,defective,2024-07-30 09:14:00,approved
ret_000622,ord_015025,prd_00008,delayed_delivery,2024-07-24 12:21:17,approved
ret_000623,ord_015062,prd_00043,defective,2024-07-26 20:15:05,approved
ret_000624,ord_015093,prd_00001,defective,2024-07-25 03:33:58,approved
ret_000625,ord_015112,prd_00004,defective,2024-07-16 10:15:52,approved
ret_000626,ord_015157,prd_00001,defective,2024-08-02 18:33:59,approved
ret_000627,ord_015164,prd_00821,unsatisfied,2024-08-02 19:49:07,rejected
ret_000628,ord_015169,prd_00076,defective,2024-07-31 21:33:15,approved
ret_000629,ord_015173,prd_00772,wrong_item,2024-07-21 22:33:47,approved
ret_000630,ord_015196,prd_00004,defective,2024-07-28 04:22:23,approved
ret_000631,ord_015206,prd_00506,wrong_item,2024-08-01 06:14:44,approved
ret_000632,ord_015229,prd_00047,wrong_item,2024-07-28 11:20:46,approved
ret_000633,ord_015270,prd_00158,delayed_delivery,2024-07-19 22:25:26,approved
ret_000634,ord_015276,prd_00001,defective,2024-08-03 23:11:59,approved
ret_000635,ord_015277,prd_00073,wrong_item,2024-07-27 23:46:09,approved
ret_000636,ord_015355,prd_00670,defective,2024-07-25 00:08:49,approved
ret_000637,ord_015359,prd_02054,delayed_delivery,2024-07-28 01:37:38,approved
ret_000638,ord_015359,prd_00002,defective,2024-08-06 01:37:38,approved
ret_000639,ord_015378,prd_00138,defective,2024-07-27 05:41:50,approved
ret_000640,ord_015439,prd_00464,wrong_item,2024-08-10 22:08:57,approved
ret_000641,ord_015443,prd_00004,unsatisfied,2024-08-11 01:28:21,approved
ret_000642,ord_015444,prd_00298,defective,2024-07-23 01:45:57,approved
ret_000643,ord_015445,prd_00864,unsatisfied,2024-07-21 02:34:20,approved
ret_000644,ord_015474,prd_00167,defective,2024-08-06 08:25:26,approved
ret_000645,ord_015480,prd_00001,wrong_item,2024-08-03 10:18:11,approved
ret_000646,ord_015494,prd_00007,delayed_delivery,2024-07-24 17:37:30,approved
ret_000647,ord_015512,prd_00001,delayed_delivery,2024-07-25 00:12:02,approved
ret_000648,ord_015595,prd_00024,wrong_item,2024-07-20 01:27:36,approved
ret_000649,ord_015665,prd_00684,wrong_item,2024-07-29 14:40:55,rejected
ret_000650,ord_015687,prd_00016,wrong_item,2024-08-13 19:40:17,approved
ret_000651,ord_015744,prd_00216,defective,2024-07-29 07:08:58,approved
ret_000652,ord_015745,prd_01770,wrong_item,2024-08-12 07:27:48,approved
ret_000653,ord_015745,prd_00213,wrong_item,2024-07-23 07:27:48,pending
ret_000654,ord_015766,prd_01814,unsatisfied,2024-08-05 11:30:45,approved
ret_000655,ord_015787,prd_00001,delayed_delivery,2024-08-08 15:07:03,rejected
ret_000656,ord_015862,prd_00007,wrong_item,2024-07-25 06:03:38,pending
ret_000657,ord_015889,prd_00100,defective,2024-08-06 13:15:01,approved
ret_000658,ord_015890,prd_00030,defective,2024-07-27 13:17:53,approved
ret_000659,ord_015903,prd_00237,unsatisfied,2024-07-22 15:10:30,approved
ret_000660,ord_015939,prd_01295,unsatisfied,2024-07-23 23:01:09,approved
ret_000661,ord_015939,prd_01855,unsatisfied,2024-07-27 23:01:09,approved
ret_000662,ord_016021,prd_01588,wrong_item,2024-07-30 22:41:22,rejected
ret_000663,ord_016037,prd_00499,unsatisfied,2024-08-09 04:38:40,rejected
ret_000664,ord_016160,prd_00011,unsatisfied,2024-08-07 21:04:21,pending
ret_000665,ord_016166,prd_00024,unsatisfied,2024-08-11 22:37:24,rejected
ret_000666,ord_016210,prd_00095,unsatisfied,2024-08-16 10:53:43,approved
ret_000667,ord_016214,prd_01892,wrong_item,2024-08-10 11:24:13,approved
ret_000668,ord_016237,prd_00212,delayed_delivery,2024-08-06 21:54:24,rejected
ret_000669,ord_016253,prd_00014,wrong_item,2024-08-16 01:33:17,approved
ret_000670,ord_016293,prd_00005,delayed_delivery,2024-08-07 09:05:46,approved
ret_000671,ord_016308,prd_00023,delayed_delivery,2024-08-06 11:50:55,approved
ret_000672,ord_016372,prd_00269,defective,2024-07-28 23:29:02,approved
ret_000673,ord_016423,prd_00605,defective,2024-08-08 11:18:36,approved
ret_000674,ord_016425,prd_00009,unsatisfied,2024-08-15 11:23:44,approved
ret_000675,ord_016718,prd_00238,delayed_delivery,2024-08-14 20:34:38,approved
ret_000676,ord_016743,prd_00461,defective,2024-08-02 02:33:06,approved
ret_000677,ord_016808,prd_00508,unsatisfied,2024-08-07 19:58:27,approved
ret_000678,ord_016810,prd_00001,wrong_item,2024-08-24 20:17:11,approved
ret_000679,ord_016812,prd_00158,wrong_item,2024-08-19 20:31:18,approved
ret_000680,ord_016829,prd_00045,defective,2024-08-20 01:36:27,approved
ret_000681,ord_016829,prd_00010,wrong_item,2024-08-27 01:36:27,approved
ret_000682,ord_016899,prd_00039,defective,2024-08-24 23:18:25,approved
ret_000683,ord_016909,prd_01071,unsatisfied,2024-08-15 01:31:01,approved
ret_000684,ord_016920,prd_00040,defective,2024-08-25 04:30:39,approved
ret_000685,ord_016922,prd_00064,defective,2024-08-19 04:42:12,approved
ret_000686,ord_016930,prd_00062,defective,2024-08-17 06:37:02,approved
ret_000687,ord_016963,prd_00002,wrong_item,2024-08-08 11:59:55,approved
ret_000688,ord_016965,prd_00001,defective,2024-08-19 12:32:02,approved
ret_000689,ord_016971,prd_00008,wrong_item,2024-08-21 13:12:07,approved
ret_000690,ord_016974,prd_00112,unsatisfied,2024-08-27 14:14:36,approved
ret_000691,ord_017018,prd_00055,wrong_item,2024-08-06 23:46:41,approved
ret_000692,ord_017027,prd_00076,unsatisfied,2024-08-24 01:42:37,approved
ret_000693,ord_017036,prd_00425,delayed_delivery,2024-08-26 03:57:33,rejected
ret_000694,ord_017039,prd_00010,defective,2024-08-20 05:17:38,approved
ret_000695,ord_017046,prd_00001,unsatisfied,2024-08-29 06:11:24,approved
ret_000696,ord_017054,prd_00550,unsatisfied,2024-08-27 07:26:36,approved
ret_000697,ord_017068,prd_00161,defective,2024-08-12 10:08:42,approved
ret_000698,ord_017069,prd_00580,delayed_delivery,2024-08-09 10:20:09,approved
ret_000699,ord_017078,prd_00005,defective,2024-08-06 13:12:03,approved
ret_000700,ord_017082,prd_00018,wrong_item,2024-08-18 14:06:08,approved
ret_000701,ord_017125,prd_00111,defective,2024-08-27 00:58:01,approved
ret_000702,ord_017143,prd_00045,unsatisfied,2024-08-27 05:22:54,approved
ret_000703,ord_017154,prd_00198,unsatisfied,2024-08-16 08:05:27,approved
ret_000704,ord_017176,prd_00002,defective,2024-08-21 12:01:10,approved
ret_000705,ord_017183,prd_00002,wrong_item,2024-08-14 13:29:18,approved
ret_000706,ord_017201,prd_02464,defective,2024-08-06 17:19:53,approved
ret_000707,ord_017213,prd_00001,defective,2024-08-30 19:20:36,approved
ret_000708,ord_017254,prd_00001,defective,2024-08-26 04:37:27,approved
ret_000709,ord_017289,prd_00819,wrong_item,2024-08-11 12:41:00,approved
ret_000710,ord_017329,prd_00005,unsatisfied,2024-08-14 21:22:26,approved
ret_000711,ord_017331,prd_01671,unsatisfied,2024-08-12 22:41:39,rejected
ret_000712,ord_017354,prd_00016,defective,2024-08-21 06:05:17,approved
ret_000713,ord_017361,prd_00082,unsatisfied,2024-08-25 08:38:15,approved
ret_000714,ord_017385,prd_00002,delayed_delivery,2024-08-25 15:50:12,approved
ret_000715,ord_017390,prd_00300,wrong_item,2024-08-09 16:37:19,rejected
ret_000716,ord_017444,prd_00001,unsatisfied,2024-08-19 06:13:15,approved
ret_000717,ord_017468,prd_00078,delayed_delivery,2024-08-26 15:58:41,approved
ret_000718,ord_017484,prd_00010,unsatisfied,2024-08-29 22:48:30,rejected
ret_000719,ord_017494,prd_00728,wrong_item,2024-08-14 01:23:25,approved
ret_000720,ord_017541,prd_00009,wrong_item,2024-08-19 17:24:10,approved
ret_000721,ord_017551,prd_00002,unsatisfied,2024-08-26 20:11:18,rejected
ret_000722,ord_017552,prd_00002,defective,2024-08-09 20:36:07,approved
ret_000723,ord_017552,prd_00001,wrong_item,2024-08-13 20:36:07,approved
ret_000724,ord_017574,prd_00038,wrong_item,2024-08-14 02:56:09,approved
ret_000725,ord_017574,prd_00345,wrong_item,2024-08-21 02:56:09,rejected
ret_000726,ord_017610,prd_00026,wrong_item,2024-08-23 11:03:08,approved
ret_000727,ord_017617,prd_01627,delayed_delivery,2024-08-16 12:47:21,approved
ret_000728,ord_017617,prd_00001,unsatisfied,2024-08-15 12:47:21,rejected
ret_000729,ord_017629,prd_01075,defective,2024-08-30 15:15:12,approved
ret_000730,ord_017659,prd_00171,defective,2024-08-19 19:49:36,rejected
ret_000731,ord_017759,prd_00051,wrong_item,2024-08-26 18:16:54,approved
ret_000732,ord_017772,prd_00401,defective,2024-08-26 20:49:15,pending
ret_000733,ord_017828,prd_00078,unsatisfied,2024-08-28 05:12:18,rejected
ret_000734,ord_017845,prd_00026,unsatisfied,2024-08-12 09:11:48,approved
ret_000735,ord_017860,prd_00002,delayed_delivery,2024-09-03 12:53:27,approved
ret_000736,ord_017891,prd_00335,unsatisfied,2024-08-26 18:38:07,approved
ret_000737,ord_017891,prd_00697,delayed_delivery,2024-09-02 18:38:07,approved
ret_000738,ord_017897,prd_00690,defective,2024-08-20 20:11:31,approved
ret_000739,ord_017904,prd_02287,wrong_item,2024-08-18 21:01:55,approved
ret_000740,ord_017916,prd_01165,defective,2024-08-31 00:03:05,approved
ret_000741,ord_017956,prd_00006,unsatisfied,2024-09-05 12:28:05,approved
ret_000742,ord_017963,prd_00001,unsatisfied,2024-08-15 15:46:47,pending
ret_000743,ord_017968,prd_00116,defective,2024-08-24 16:30:04,approved
ret_000744,ord_018005,prd_00382,wrong_item,2024-09-08 05:37:43,approved
ret_000745,ord_018010,prd_02467,unsatisfied,2024-08-20 06:41:38,approved
ret_000746,ord_018021,prd_00002,unsatisfied,2024-09-07 10:18:08,approved
ret_000747,ord_018066,prd_00002,defective,2024-08-26 22:12:34,rejected
ret_000748,ord_018088,prd_00001,delayed_delivery,2024-08-21 05:52:45,approved
ret_000749,ord_018106,prd_00585,unsatisfied,2024-08-18 12:29:15,approved
ret_000750,ord_018141,prd_00006,delayed_delivery,2024-08-27 23:41:15,approved
ret_000751,ord_018163,prd_00006,unsatisfied,2024-09-06 04:58:57,approved
ret_000752,ord_018191,prd_00007,wrong_item,2024-08-22 13:20:36,approved
ret_000753,ord_018198,prd_00095,defective,2024-09-04 15:29:09,approved
ret_000754,ord_018203,prd_00027,unsatisfied,2024-08-24 17:03:19,approved
ret_000755,ord_018329,prd_00030,unsatisfied,2024-08-23 21:46:07,approved
ret_000756,ord_018354,prd_00108,defective,2024-08-18 02:13:34,approved
ret_000757,ord_018430,prd_00008,unsatisfied,2024-08-21 16:30:57,approved
ret_000758,ord_018431,prd_00007,wrong_item,2024-08-26 16:39:49,approved
ret_000759,ord_018482,prd_00022,unsatisfied,2024-08-30 03:06:09,approved
ret_000760,ord_018484,prd_00118,wrong_item,2024-08-26 03:18:32,approved
ret_000761,ord_018491,prd_01483,wrong_item,2024-09-08 04:28:08,rejected
ret_000762,ord_018531,prd_00001,wrong_item,2024-09-04 11:37:49,approved
ret_000763,ord_018537,prd_01184,defective,2024-08-26 12:30:10,approved
ret_000764,ord_018547,prd_00324,unsatisfied,2024-08-21 15:21:21,pending
ret_000765,ord_018561,prd_00122,defective,2024-09-06 19:13:26,approved
ret_000766,ord_018581,prd_00005,wrong_item,2024-09-05 01:09:15,approved
ret_000767,ord_018620,prd_00264,defective,2024-08-23 14:54:57,approved
ret_000768,ord_018631,prd_00386,unsatisfied,2024-09-08 17:43:33,approved
ret_000769,ord_018715,prd_00014,defective,2024-09-12 20:42:57,approved
ret_000770,ord_018725,prd_00597,defective,2024-09-04 23:13:09,approved
ret_000771,ord_018770,prd_00007,defective,2024-09-16 10:29:56,approved
ret_000772,ord_018827,prd_00071,defective,2024-09-04 00:45:35,approved
ret_000773,ord_018842,prd_00554,delayed_delivery,2024-09-16 03:22:46,approved
ret_000774,ord_018863,prd_00007,defective,2024-09-12 11:03:31,approved
ret_000775,ord_018869,prd_00540,delayed_delivery,2024-09-17 11:41:46,approved
ret_000776,ord_018883,prd_00055,defective,2024-08-30 16:34:15,approved
ret_000777,ord_018884,prd_00014,wrong_item,2024-09-13 16:38:26,approved
ret_000778,ord_018886,prd_00509,unsatisfied,2024-09-14 16:47:30,rejected
ret_000779,ord_018945,prd_00210,wrong_item,2024-09-12 03:52:10,approved
ret_000780,ord_018978,prd_00002,unsatisfied,2024-08-25 10:59:44,approved
ret_000781,ord_019067,prd_00002,defective,2024-09-10 07:29:45,pending
ret_000782,ord_019095,prd_00245,delayed_delivery,2024-09-14 13:22:45,pending
ret_000783,ord_019121,prd_00949,delayed_delivery,2024-08-27 18:47:19,approved
ret_000784,ord_019182,prd_00511,defective,2024-08-28 06:48:05,approved
ret_000785,ord_019194,prd_00042,wrong_item,2024-09-09 09:17:26,approved
ret_000786,ord_019195,prd_01610,wrong_item,2024-09-14 09:19:58,approved
ret_000787,ord_019218,prd_00001,wrong_item,2024-09-13 13:19:11,approved
ret_000788,ord_019246,prd_00002,delayed_delivery,2024-09-03 18:22:29,rejected
ret_000789,ord_019278,prd_00029,defective,2024-09-07 23:00:09,approved
ret_000790,ord_019331,prd_00022,wrong_item,2024-09-04 11:48:20,rejected
ret_000791,ord_019397,prd_01064,wrong_item,2024-09-14 10:23:06,approved
ret_000792,ord_019410,prd_00146,delayed_delivery,2024-09-07 13:58:54,rejected
ret_000793,ord_019417,prd_00074,unsatisfied,2024-09-10 15:17:03,approved
ret_000794,ord_019435,prd_00268,unsatisfied,2024-09-11 20:26:44,approved
ret_000795,ord_019448,prd_00214,unsatisfied,2024-09-15 00:47:39,approved
ret_000796,ord_019552,prd_00193,defective,2024-09-02 07:27:22,approved
ret_000797,ord_019597,prd_00011,wrong_item,2024-09-23 21:15:41,approved
ret_000798,ord_019610,prd_00008,unsatisfied,2024-09-24 00:43:39,approved
ret_000799,ord_019671,prd_00091,defective,2024-09-11 12:25:32,approved
ret_000800,ord_019697,prd_00081,wrong_item,2024-09-20 20:38:08,approved
ret_000801,ord_019699,prd_00005,unsatisfied,2024-09-24 21:07:16,approved
ret_000802,ord_019722,prd_00001,defective,2024-09-05 00:56:51,approved
ret_000803,ord_019753,prd_00007,defective,2024-09-03 05:47:02,approved
ret_000804,ord_019762,prd_00336,unsatisfied,2024-09-16 07:28:10,approved
ret_000805,ord_019825,prd_00002,wrong_item,2024-09-20 20:55:26,approved
ret_000806,ord_019827,prd_00019,unsatisfied,2024-09-16 21:36:53,approved
ret_000807,ord_019872,prd_00295,defective,2024-09-03 04:41:08,approved
ret_000808,ord_019894,prd_00016,defective,2024-09-11 09:39:52,approved
ret_000809,ord_019908,prd_00368,wrong_item,2024-09-14 12:48:26,rejected
ret_000810,ord_019917,prd_00229,unsatisfied,2024-09-05 14:06:22,approved
ret_000811,ord_019944,prd_02003,unsatisfied,2024-09-21 20:35:54,approved
ret_000812,ord_019967,prd_00252,wrong_item,2024-09-27 02:30:48,approved
ret_000813,ord_019991,prd_00051,wrong_item,2024-09-27 07:58:12,approved
ret_000814,ord_020041,prd_02078,unsatisfied,2024-09-08 01:17:09,approved
ret_000815,ord_020057,prd_00451,unsatisfied,2024-09-10 04:37:13,approved
ret_000816,ord_020159,prd_00001,unsatisfied,2024-09-19 07:19:06,approved
ret_000817,ord_020185,prd_00537,defective,2024-09-13 13:41:53,approved
ret_000818,ord_020202,prd_00036,wrong_item,2024-09-29 19:24:16,approved
ret_000819,ord_020207,prd_00001,unsatisfied,2024-09-10 20:27:41,approved
ret_000820,ord_020209,prd_00754,unsatisfied,2024-09-18 21:20:01,approved
ret_000821,ord_020209,prd_00003,unsatisfied,2024-09-26 21:20:01,approved
ret_000822,ord_020230,prd_00103,unsatisfied,2024-09-06 05:33:49,approved
ret_000823,ord_020244,prd_00005,wrong_item,2024-09-08 10:39:00,approved
ret_000824,ord_020256,prd_00007,wrong_item,2024-09-24 13:03:57,approved
ret_000825,ord_020327,prd_00411,defective,2024-09-18 07:33:21,approved
ret_000826,ord_020343,prd_01630,wrong_item,2024-09-19 10:44:48,approved
ret_000827,ord_020350,prd_00164,unsatisfied,2024-09-13 12:38:41,approved
ret_000828,ord_020379,prd_00002,wrong_item,2024-09-17 19:34:37,approved
ret_000829,ord_020381,prd_00007,defective,2024-09-26 19:35:49,approved
ret_000830,ord_020419,prd_00005,unsatisfied,2024-09-14 02:26:41,approved
ret_000831,ord_020439,prd_00847,delayed_delivery,2024-10-01 05:14:38,approved
ret_000832,ord_020443,prd_00004,wrong_item,2024-09-11 06:11:28,approved
ret_000833,ord_020504,prd_01819,defective,2024-09-13 18:16:18,pending
ret_000834,ord_020507,prd_00273,defective,2024-09-08 18:31:12,approved
ret_000835,ord_020569,prd_00405,defective,2024-09-23 05:40:23,approved
ret_000836,ord_020627,prd_00002,delayed_delivery,2024-09-11 16:24:29,approved
ret_000837,ord_020642,prd_01026,unsatisfied,2024-09-16 19:05:03,approved
ret_000838,ord_020657,prd_02434,defective,2024-09-12 21:48:30,approved
ret_000839,ord_020680,prd_01409,defective,2024-09-13 02:37:14,approved
ret_000840,ord_020717,prd_00323,defective,2024-09-24 11:18:28,rejected
ret_000841,ord_020729,prd_00002,unsatisfied,2024-09-30 14:15:37,rejected
ret_000842,ord_020729,prd_00185,defective,2024-10-03 14:15:37,approved
ret_000843,ord_020745,prd_00102,wrong_item,2024-09-27 19:20:25,rejected
ret_000844,ord_020781,prd_00002,defective,2024-09-25 08:41:19,approved
ret_000845,ord_020790,prd_00001,delayed_delivery,2024-09-26 12:01:44,approved
ret_000846,ord_020804,prd_00029,defective,2024-09-27 17:18:57,approved
ret_000847,ord_020810,prd_00683,unsatisfied,2024-10-04 19:27:26,approved
ret_000848,ord_020811,prd_00046,defective,2024-09-16 19:32:51,approved
ret_000849,ord_020814,prd_00002,defective,2024-09-23 20:02:32,approved
ret_000850,ord_020816,prd_00008,defective,2024-09-16 20:09:31,approved
ret_000851,ord_020816,prd_01130,unsatisfied,2024-10-01 20:09:31,approved
ret_000852,ord_020824,prd_00002,defective,2024-09-20 22:37:09,approved
ret_000853,ord_020837,prd_01159,unsatisfied,2024-09-27 04:39:09,approved
ret_000854,ord_020850,prd_00067,unsatisfied,2024-09-28 09:23:21,approved
ret_000855,ord_020866,prd_00039,defective,2024-09-25 15:18:11,approved
ret_000856,ord_020870,prd_00024,unsatisfied,2024-10-05 16:17:21,approved
ret_000857,ord_020933,prd_00003,wrong_item,2024-09-18 09:39:19,approved
ret_000858,ord_020968,prd_00005,wrong_item,2024-09-17 20:32:08,approved
ret_000859,ord_020972,prd_00855,unsatisfied,2024-09-28 22:16:03,pending
ret_000860,ord_020974,prd_00017,unsatisfied,2024-09-25 23:16:29,approved
ret_000861,ord_020984,prd_00001,unsatisfied,2024-09-15 00:39:44,approved
ret_000862,ord_020994,prd_00351,wrong_item,2024-10-02 02:08:54,approved
ret_000863,ord_021011,prd_00187,defective,2024-09-23 06:08:56,approved
ret_000864,ord_021024,prd_01544,defective,2024-10-04 08:58:17,approved
ret_000865,ord_021052,prd_00011,defective,2024-09-18 15:06:13,approved
ret_000866,ord_021082,prd_00029,wrong_item,2024-09-14 21:38:22,approved
ret_000867,ord_021086,prd_00002,wrong_item,2024-10-08 22:13:23,approved
ret_000868,ord_021090,prd_00583,defective,2024-09-27 22:24:24,rejected
ret_000869,ord_021092,prd_00709,delayed_delivery,2024-09-30 22:37:50,approved
ret_000870,ord_021147,prd_00002,defective,2024-09-23 09:07:02,approved
ret_000871,ord_021150,prd_00760,unsatisfied,2024-09-21 09:29:38,rejected
ret_000872,ord_021165,prd_00002,wrong_item,2024-10-04 12:42:39,approved
ret_000873,ord_021186,prd_00317,defective,2024-10-04 16:56:11,rejected
ret_000874,ord_021212,prd_00001,wrong_item,2024-09-23 00:18:07,approved
ret_000875,ord_021221,prd_00042,unsatisfied,2024-10-07 01:39:20,approved
ret_000876,ord_021225,prd_00016,defective,2024-10-06 02:08:01,approved
ret_000877,ord_021289,prd_00055,unsatisfied,2024-10-03 15:12:54,approved
ret_000878,ord_021317,prd_00002,defective,2024-09-21 21:12:12,approved
ret_000879,ord_021325,prd_00172,defective,2024-10-01 22:39:37,approved
ret_000880,ord_021327,prd_00283,unsatisfied,2024-10-07 22:46:52,approved
ret_000881,ord_021384,prd_00008,wrong_item,2024-10-06 16:21:34,approved
ret_000882,ord_021425,prd_00782,defective,2024-09-20 08:22:54,approved
ret_000883,ord_021463,prd_00104,wrong_item,2024-09-26 19:22:03,approved
ret_000884,ord_021505,prd_00054,wrong_item,2024-10-13 05:54:54,rejected
ret_000885,ord_021575,prd_00141,delayed_delivery,2024-09-20 23:31:03,approved
ret_000886,ord_021578,prd_00387,wrong_item,2024-10-05 00:19:07,approved
ret_000887,ord_021591,prd_00002,unsatisfied,2024-09-30 03:05:51,rejected
ret_000888,ord_021623,prd_00006,wrong_item,2024-09-24 15:20:02,approved
ret_000889,ord_021695,prd_00489,defective,2024-09-25 08:45:45,rejected
ret_000890,ord_021710,prd_00001,defective,2024-10-04 11:16:37,approved
ret_000891,ord_021734,prd_00001,wrong_item,2024-10-14 15:56:02,approved
ret_000892,ord_021760,prd_00002,wrong_item,2024-09-26 22:08:35,approved
ret_000893,ord_021795,prd_00041,defective,2024-10-06 04:49:35,approved
ret_000894,ord_021833,prd_00019,defective,2024-09-23 13:29:08,approved
ret_000895,ord_021869,prd_00110,unsatisfied,2024-10-04 21:01:26,pending
ret_000896,ord_021876,prd_00041,wrong_item,2024-09-23 22:53:04,approved
ret_000897,ord_021894,prd_01375,unsatisfied,2024-10-12 01:42:43,pending
ret_000898,ord_021894,prd_00646,defective,2024-09-26 01:42:43,approved
ret_000899,ord_021902,prd_00133,delayed_delivery,2024-09-27 03:28:09,approved
ret_000900,ord_021902,prd_00082,delayed_delivery,2024-09-26 03:28:09,approved
ret_000901,ord_021947,prd_00711,wrong_item,2024-10-13 11:45:07,approved
ret_000902,ord_021959,prd_00081,defective,2024-10-03 14:21:42,approved
ret_000903,ord_022001,prd_00013,unsatisfied,2024-10-03 21:59:22,approved
ret_000904,ord_022006,prd_00080,defective,2024-10-08 23:24:56,approved
ret_000905,ord_022020,prd_00402,unsatisfied,2024-10-03 03:00:45,approved
ret_000906,ord_022026,prd_00284,delayed_delivery,2024-10-18 04:02:28,approved
ret_000907,ord_022119,prd_00004,defective,2024-09-27 07:14:03,pending
ret_000908,ord_022144,prd_00001,defective,2024-10-04 16:10:14,approved
ret_000909,ord_022164,prd_00004,wrong_item,2024-10-02 21:07:16,approved
ret_000910,ord_022188,prd_00038,wrong_item,2024-10-14 02:18:37,approved
ret_000911,ord_022248,prd_00821,delayed_delivery,2024-10-01 23:07:06,rejected
ret_000912,ord_022251,prd_00015,wrong_item,2024-10-01 23:41:22,approved
ret_000913,ord_022300,prd_00076,unsatisfied,2024-10-22 14:22:44,approved
ret_000914,ord_022315,prd_00001,delayed_delivery,2024-10-02 19:20:32,approved
ret_000915,ord_022323,prd_02249,wrong_item,2024-10-16 21:40:49,approved
ret_000916,ord_022327,prd_00019,delayed_delivery,2024-10-12 23:11:21,approved
ret_000917,ord_022328,prd_00001,unsatisfied,2024-10-19 23:21:37,approved
ret_000918,ord_022406,prd_00288,wrong_item,2024-10-06 14:21:28,approved
ret_000919,ord_022413,prd_00202,delayed_delivery,2024-10-20 16:09:46,approved
ret_000920,ord_022416,prd_00386,wrong_item,2024-10-01 16:25:48,rejected
ret_000921,ord_022417,prd_00014,defective,2024-10-10 16:32:56,approved
ret_000922,ord_022421,prd_00004,delayed_delivery,2024-10-01 17:54:09,approved
ret_000923,ord_022433,prd_00385,defective,2024-10-04 19:59:03,approved
ret_000924,ord_022449,prd_00057,unsatisfied,2024-10-09 23:12:16,approved
ret_000925,ord_022476,prd_00056,delayed_delivery,2024-09-30 02:37:06,approved
ret_000926,ord_022479,prd_00024,defective,2024-10-23 03:12:52,approved
ret_000927,ord_022479,prd_00005,defective,2024-10-22 03:12:52,approved
ret_000928,ord_022651,prd_00014,unsatisfied,2024-10-18 16:06:41,approved
ret_000929,ord_022663,prd_00002,wrong_item,2024-10-15 17:53:04,approved
ret_000930,ord_022699,prd_00222,wrong_item,2024-10-26 03:49:53,approved
ret_000931,ord_022734,prd_00004,wrong_item,2024-10-03 13:50:10,pending
ret_000932,ord_022741,prd_02383,unsatisfied,2024-10-01 15:11:25,approved
ret_000933,ord_022746,prd_00050,defective,2024-10-23 17:03:25,approved
ret_000934,ord_022751,prd_00092,unsatisfied,2024-10-07 17:58:52,approved
ret_000935,ord_022768,prd_01456,unsatisfied,2024-10-16 22:54:03,approved
ret_000936,ord_022794,prd_00001,wrong_item,2024-10-17 06:52:17,approved
ret_000937,ord_022833,prd_01797,wrong_item,2024-10-21 18:32:49,approved
ret_000938,ord_022844,prd_00063,unsatisfied,2024-10-17 23:02:22,approved
ret_000939,ord_022960,prd_01723,delayed_delivery,2024-10-26 06:09:10,approved
ret_000940,ord_022983,prd_00004,defective,2024-10-10 13:46:35,approved
ret_000941,ord_023008,prd_00057,defective,2024-10-17 19:39:45,approved
ret_000942,ord_023024,prd_00013,delayed_delivery,2024-10-15 22:01:31,approved
ret_000943,ord_023050,prd_00023,unsatisfied,2024-10-22 05:20:30,rejected
ret_000944,ord_023059,prd_00600,wrong_item,2024-10-22 08:12:04,approved
ret_000945,ord_023142,prd_00005,wrong_item,2024-10-16 03:23:00,approved
ret_000946,ord_023146,prd_00011,defective,2024-10-19 04:17:14,approved
ret_000947,ord_023153,prd_00257,defective,2024-10-26 06:23:53,rejected
ret_000948,ord_023202,prd_00911,wrong_item,2024-10-29 15:27:52,approved
ret_000949,ord_023209,prd_00118,defective,2024-10-28 16:13:32,approved
ret_000950,ord_023231,prd_00116,delayed_delivery,2024-10-26 19:43:28,approved
ret_000951,ord_023241,prd_00001,unsatisfied,2024-10-18 21:16:39,approved
ret_000952,ord_023272,prd_00004,defective,2024-10-21 03:09:58,approved
ret_000953,ord_023327,prd_00088,defective,2024-10-08 15:27:00,approved
ret_000954,ord_023337,prd_00753,unsatisfied,2024-10-29 16:23:15,approved
ret_000955,ord_023348,prd_01949,wrong_item,2024-10-12 18:03:10,approved
ret_000956,ord_023358,prd_00007,defective,2024-10-31 19:47:37,rejected
ret_000957,ord_023372,prd_00052,unsatisfied,2024-10-29 21:15:34,approved
ret_000958,ord_023388,prd_00340,defective,2024-10-17 02:27:04,approved
ret_000959,ord_023404,prd_00286,defective,2024-10-09 09:38:23,approved
ret_000960,ord_023413,prd_00012,delayed_delivery,2024-10-20 13:07:45,approved
ret_000961,ord_023418,prd_00005,defective,2024-10-30 14:21:20,approved
ret_000962,ord_023432,prd_00893,wrong_item,2024-10-28 17:14:25,approved
ret_000963,ord_023433,prd_00667,delayed_delivery,2024-10-29 18:15:37,approved
ret_000964,ord_023491,prd_00082,unsatisfied,2024-10-27 12:14:42,approved
ret_000965,ord_023495,prd_00142,unsatisfied,2024-10-30 13:12:49,approved
ret_000966,ord_023497,prd_00408,defective,2024-10-15 13:25:04,rejected
ret_000967,ord_023499,prd_00002,unsatisfied,2024-10-11 13:45:14,approved
ret_000968,ord_023500,prd_00042,wrong_item,2024-10-30 14:56:41,approved
ret_000969,ord_023516,prd_00002,wrong_item,2024-10-24 19:04:18,approved
ret_000970,ord_023524,prd_00141,delayed_delivery,2024-10-10 21:20:04,approved
ret_000971,ord_023527,prd_00211,delayed_delivery,2024-10-22 22:21:22,approved
ret_000972,ord_023541,prd_00188,defective,2024-10-31 01:43:30,approved
ret_000973,ord_023561,prd_00512,unsatisfied,2024-10-20 07:56:21,rejected
ret_000974,ord_023578,prd_00053,unsatisfied,2024-10-30 11:08:02,approved
ret_000975,ord_023616,prd_00667,unsatisfied,2024-10-17 22:15:15,approved
ret_000976,ord_023624,prd_00010,unsatisfied,2024-10-17 00:36:48,approved
ret_000977,ord_023637,prd_00244,unsatisfied,2024-10-13 06:11:48,approved
ret_000978,ord_023644,prd_02247,delayed_delivery,2024-10-28 07:09:07,approved
ret_000979,ord_023653,prd_00051,delayed_delivery,2024-10-20 10:31:52,approved
ret_000980,ord_023662,prd_00523,defective,2024-10-17 13:51:15,approved
ret_000981,ord_023690,prd_00265,defective,2024-10-30 19:18:00,approved
ret_000982,ord_023716,prd_00454,defective,2024-10-31 04:09:51,approved
ret_000983,ord_023746,prd_00020,wrong_item,2024-10-18 11:27:31,approved
ret_000984,ord_023770,prd_00002,delayed_delivery,2024-10-26 16:45:51,approved
ret_000985,ord_023780,prd_00013,wrong_item,2024-10-20 18:12:59,approved
ret_000986,ord_023780,prd_00098,unsatisfied,2024-10-30 18:12:59,approved
ret_000987,ord_023785,prd_00089,defective,2024-11-04 19:15:47,approved
ret_000988,ord_023813,prd_00020,defective,2024-11-03 00:13:15,rejected
ret_000989,ord_023910,prd_00101,defective,2024-10-24 20:29:19,approved
ret_000990,ord_023931,prd_00048,unsatisfied,2024-10-26 23:49:50,approved
ret_000991,ord_023962,prd_00159,defective,2024-10-15 06:13:09,approved
ret_000992,ord_024009,prd_00011,wrong_item,2024-10-23 13:31:10,pending
ret_000993,ord_024040,prd_00022,defective,2024-10-21 19:19:54,approved
ret_000994,ord_024067,prd_00010,defective,2024-10-25 23:38:50,approved
ret_000995,ord_024103,prd_00008,unsatisfied,2024-10-31 07:49:32,approved
ret_000996,ord_024107,prd_00035,wrong_item,2024-10-21 08:26:21,approved
ret_000997,ord_024144,prd_00001,defective,2024-11-08 17:58:36,approved
ret_000998,ord_024152,prd_00125,defective,2024-10-24 19:54:21,approved
ret_000999,ord_024213,prd_00259,delayed_delivery,2024-11-09 15:44:51,approved
ret_001000,ord_024260,prd_00014,unsatisfied,2024-11-09 03:44:16,approved
ret_001001,ord_024291,prd_00052,defective,2024-10-28 12:28:22,approved
ret_001002,ord_024299,prd_00908,unsatisfied,2024-10-25 15:13:11,approved
ret_001003,ord_024310,prd_00009,unsatisfied,2024-11-03 16:58:21,approved
ret_001004,ord_024362,prd_00766,defective,2024-11-11 06:25:04,rejected
ret_001005,ord_024394,prd_00067,wrong_item,2024-10-21 13:38:12,approved
ret_001006,ord_024408,prd_00116,unsatisfied,2024-10-19 16:09:22,rejected
ret_001007,ord_024440,prd_00911,defective,2024-11-12 02:11:52,approved
ret_001008,ord_024441,prd_00132,defective,2024-11-05 02:20:49,approved
ret_001009,ord_024465,prd_00723,unsatisfied,2024-11-11 07:28:32,approved
ret_001010,ord_024517,prd_01079,unsatisfied,2024-10-25 16:33:57,approved
ret_001011,ord_024560,prd_00001,wrong_item,2024-10-20 01:29:37,approved
ret_001012,ord_024591,prd_00071,defective,2024-11-02 07:30:09,approved
ret_001013,ord_024610,prd_01517,wrong_item,2024-10-20 12:22:44,approved
ret_001014,ord_024657,prd_00309,unsatisfied,2024-10-22 23:24:26,approved
ret_001015,ord_024688,prd_00002,unsatisfied,2024-10-21 06:30:35,approved
ret_001016,ord_024689,prd_00007,wrong_item,2024-11-06 06:52:30,approved
ret_001017,ord_024690,prd_00846,delayed_delivery,2024-11-03 06:53:16,approved
ret_001018,ord_024737,prd_00040,defective,2024-10-21 16:45:56,approved
ret_001019,ord_024741,prd_00665,wrong_item,2024-10-25 18:18:22,pending
ret_001020,ord_024750,prd_01236,wrong_item,2024-10-25 21:18:35,approved
ret_001021,ord_024758,prd_00001,delayed_delivery,2024-10-27 22:54:56,approved
ret_001022,ord_024808,prd_00266,unsatisfied,2024-11-14 12:07:03,approved
ret_001023,ord_024827,prd_00478,delayed_delivery,2024-11-09 16:51:56,pending
ret_001024,ord_024848,prd_00016,wrong_item,2024-11-09 21:34:44,approved
ret_001025,ord_024868,prd_02446,unsatisfied,2024-11-07 01:15:51,approved
ret_001026,ord_024884,prd_00109,delayed_delivery,2024-11-11 05:40:34,approved
ret_001027,ord_024889,prd_00066,delayed_delivery,2024-11-02 06:50:37,pending
ret_001028,ord_024893,prd_01927,defective,2024-11-05 08:39:31,approved
ret_001029,ord_024910,prd_00029,unsatisfied,2024-11-17 12:18:15,approved
ret_001030,ord_024924,prd_01448,delayed_delivery,2024-11-01 15:29:32,approved
ret_001031,ord_024957,prd_00039,defective,2024-11-07 00:54:41,approved
ret_001032,ord_025018,prd_00136,defective,2024-11-01 17:06:22,approved
ret_001033,ord_025045,prd_00007,unsatisfied,2024-10-31 23:13:56,approved
ret_001034,ord_025052,prd_00864,defective,2024-10-25 01:49:12,approved
ret_001035,ord_025052,prd_00007,unsatisfied,2024-10-31 01:49:12,rejected
ret_001036,ord_025185,prd_00001,wrong_item,2024-11-10 11:25:24,approved
ret_001037,ord_025226,prd_00001,defective,2024-11-09 19:33:58,rejected
ret_001038,ord_025276,prd_00025,defective,2024-11-04 09:04:35,rejected
ret_001039,ord_025292,prd_00097,defective,2024-11-11 11:15:23,approved
ret_001040,ord_025302,prd_00005,unsatisfied,2024-11-21 13:05:47,approved
ret_001041,ord_025406,prd_00055,wrong_item,2024-11-18 10:12:47,approved
ret_001042,ord_025406,prd_00008,unsatisfied,2024-11-08 10:12:47,approved
ret_001043,ord_025428,prd_01460,defective,2024-11-02 14:52:16,approved
ret_001044,ord_025439,prd_00100,wrong_item,2024-11-04 16:46:30,approved
ret_001045,ord_025485,prd_00799,wrong_item,2024-11-23 02:22:14,approved
ret_001046,ord_025496,prd_01154,defective,2024-11-01 05:15:38,approved
ret_001047,ord_025513,prd_00004,delayed_delivery,2024-11-20 08:55:16,approved
ret_001048,ord_025529,prd_00002,defective,2024-10-29 13:24:24,approved
ret_001049,ord_025577,prd_02426,delayed_delivery,2024-11-08 01:38:09,approved
ret_001050,ord_025621,prd_00376,defective,2024-11-06 12:10:45,approved
ret_001051,ord_025621,prd_00106,unsatisfied,2024-11-18 12:10:45,rejected
ret_001052,ord_025621,prd_02027,defective,2024-11-23 12:10:45,approved
ret_001053,ord_025669,prd_01360,unsatisfied,2024-10-31 03:55:14,approved
ret_001054,ord_025710,prd_00003,defective,2024-11-01 15:06:25,approved
ret_001055,ord_025740,prd_00002,wrong_item,2024-11-10 01:41:17,approved
ret_001056,ord_025741,prd_02199,unsatisfied,2024-11-21 02:19:54,approved
ret_001057,ord_025742,prd_02254,unsatisfied,2024-11-23 02:20:57,approved
ret_001058,ord_025744,prd_00003,delayed_delivery,2024-11-11 02:27:48,approved
ret_001059,ord_025746,prd_01523,defective,2024-11-09 02:32:40,approved
ret_001060,ord_025752,prd_02183,delayed_delivery,2024-11-21 03:55:49,approved
ret_001061,ord_025762,prd_00175,defective,2024-11-16 07:28:17,approved
ret_001062,ord_025777,prd_00012,wrong_item,2024-11-25 10:16:05,approved
ret_001063,ord_025872,prd_00130,unsatisfied,2024-11-06 08:19:03,approved
ret_001064,ord_025877,prd_00380,wrong_item,2024-11-12 09:03:18,approved
ret_001065,ord_025890,prd_00012,defective,2024-11-03 12:14:48,approved
ret_001066,ord_025895,prd_00104,unsatisfied,2024-11-16 12:51:33,approved
ret_001067,ord_025912,prd_00405,wrong_item,2024-11-19 15:46:30,approved
ret_001068,ord_025936,prd_00060,wrong_item,2024-11-20 20:21:24,approved
ret_001069,ord_025948,prd_00006,defective,2024-11-21 22:45:25,approved
ret_001070,ord_025953,prd_00008,wrong_item,2024-11-24 00:00:47,rejected
ret_001071,ord_025961,prd_00001,wrong_item,2024-11-23 00:53:42,approved
ret_001072,ord_025971,prd_00149,unsatisfied,2024-11-18 02:04:50,pending
ret_001073,ord_026028,prd_01894,wrong_item,2024-11-19 14:29:02,approved
ret_001074,ord_026040,prd_00011,unsatisfied,2024-11-25 17:25:56,approved
ret_001075,ord_026048,prd_01680,wrong_item,2024-11-11 19:08:04,approved
ret_001076,ord_026053,prd_00078,defective,2024-11-04 19:49:05,approved
ret_001077,ord_026076,prd_00246,wrong_item,2024-11-09 23:41:57,approved
ret_001078,ord_026134,prd_00121,wrong_item,2024-11-05 09:01:11,approved
ret_001079,ord_026137,prd_00002,delayed_delivery,2024-11-28 09:33:31,approved
ret_001080,ord_026142,prd_00102,wrong_item,2024-11-06 11:16:45,approved
ret_001081,ord_026166,prd_00002,unsatisfied,2024-11-06 16:16:02,approved
ret_001082,ord_026242,prd_02494,defective,2024-11-25 07:54:45,approved
ret_001083,ord_026248,prd_00007,defective,2024-11-24 09:58:35,approved
ret_001084,ord_026250,prd_00175,delayed_delivery,2024-11-21 10:22:59,approved
ret_001085,ord_026282,prd_00837,defective,2024-11-16 19:22:38,approved
ret_001086,ord_026286,prd_00645,unsatisfied,2024-11-18 20:18:19,approved
ret_001087,ord_026326,prd_00002,unsatisfied,2024-11-29 03:14:23,approved
ret_001088,ord_026354,prd_00002,defective,2024-12-01 07:19:33,approved
ret_001089,ord_026355,prd_00129,unsatisfied,2024-11-06 07:19:46,approved
ret_001090,ord_026362,prd_00007,defective,2024-11-25 08:23:00,approved
ret_001091,ord_026367,prd_00201,defective,2024-11-09 08:59:16,approved
ret_001092,ord_026381,prd_02322,defective,2024-11-21 11:22:51,approved
ret_001093,ord_026430,prd_00001,wrong_item,2024-11-15 19:40:24,rejected
ret_001094,ord_026496,prd_00016,unsatisfied,2024-11-26 03:11:35,approved
ret_001095,ord_026508,prd_01909,defective,2024-11-14 04:10:40,approved
ret_001096,ord_026534,prd_00249,defective,2024-11-21 07:39:53,rejected
ret_001097,ord_026640,prd_00665,defective,2024-12-02 19:33:35,approved
ret_001098,ord_026645,prd_00001,defective,2024-11-07 20:21:52,approved
ret_001099,ord_026665,prd_00002,defective,2024-11-21 22:27:31,approved
ret_001100,ord_026687,prd_01380,delayed_delivery,2024-11-25 01:54:27,approved
ret_001101,ord_026705,prd_00383,wrong_item,2024-11-19 03:59:47,approved
ret_001102,ord_026760,prd_00054,wrong_item,2024-11-18 10:51:57,approved
ret_001103,ord_026778,prd_00777,unsatisfied,2024-11-18 13:30:00,approved
ret_001104,ord_026787,prd_00777,unsatisfied,2024-11-19 14:33:07,approved
ret_001105,ord_026847,prd_00001,unsatisfied,2024-12-03 22:47:25,pending
ret_001106,ord_026856,prd_01568,wrong_item,2024-11-15 23:35:46,approved
ret_001107,ord_026870,prd_00001,defective,2024-11-20 00:53:38,approved
ret_001108,ord_026873,prd_00096,defective,2024-12-03 00:57:48,approved
ret_001109,ord_026887,prd_00004,defective,2024-11-15 02:28:33,approved
ret_001110,ord_026908,prd_00798,defective,2024-11-19 03:52:50,rejected
ret_001111,ord_026918,prd_00876,unsatisfied,2024-11-24 04:47:30,approved
ret_001112,ord_026918,prd_00358,defective,2024-12-03 04:47:30,approved
ret_001113,ord_026936,prd_00029,delayed_delivery,2024-12-03 06:38:18,approved
ret_001114,ord_026966,prd_00749,wrong_item,2024-11-30 08:47:17,approved
ret_001115,ord_027003,prd_00002,delayed_delivery,2024-11-16 12:31:16,approved
ret_001116,ord_027017,prd_00733,defective,2024-12-04 13:56:37,approved
ret_001117,ord_027105,prd_00109,unsatisfied,2024-11-28 20:00:00,approved
ret_001118,ord_027153,prd_00024,unsatisfied,2024-11-27 00:07:27,approved
ret_001119,ord_027190,prd_00001,unsatisfied,2024-11-16 03:39:34,approved
ret_001120,ord_027190,prd_00022,wrong_item,2024-11-20 03:39:34,rejected
ret_001121,ord_027190,prd_00002,delayed_delivery,2024-12-04 03:39:34,approved
ret_001122,ord_027210,prd_00003,unsatisfied,2024-11-21 05:57:14,rejected
ret_001123,ord_027214,prd_00143,defective,2024-11-19 06:24:35,approved
ret_001124,ord_027252,prd_00384,unsatisfied,2024-12-04 11:08:28,rejected
ret_001125,ord_027278,prd_00415,wrong_item,2024-11-15 13:34:51,approved
ret_001126,ord_027314,prd_00046,delayed_delivery,2024-11-10 16:42:16,approved
ret_001127,ord_027327,prd_00001,defective,2024-12-05 17:40:36,approved
ret_001128,ord_027379,prd_01060,wrong_item,2024-11-26 21:48:38,pending
ret_001129,ord_027415,prd_00006,wrong_item,2024-12-01 01:51:27,approved
ret_001130,ord_027458,prd_00143,defective,2024-12-06 05:39:22,approved
ret_001131,ord_027487,prd_00007,unsatisfied,2024-11-23 08:28:29,approved
ret_001132,ord_027498,prd_00106,unsatisfied,2024-11-24 09:25:20,approved
ret_001133,ord_027528,prd_00022,unsatisfied,2024-12-04 12:14:01,approved
ret_001134,ord_027535,prd_00105,wrong_item,2024-11-28 13:03:00,approved
ret_001135,ord_027538,prd_00022,defective,2024-12-01 13:11:50,rejected
ret_001136,ord_027543,prd_00488,defective,2024-12-06 13:32:30,approved
ret_001137,ord_027561,prd_00084,unsatisfied,2024-11-15 14:44:37,approved
ret_001138,ord_027631,prd_01779,wrong_item,2024-11-17 20:41:10,approved
ret_001139,ord_027669,prd_00057,defective,2024-11-26 00:49:28,approved
ret_001140,ord_027691,prd_02261,defective,2024-11-19 03:55:33,approved
ret_001141,ord_027714,prd_00261,defective,2024-11-16 06:59:19,approved
ret_001142,ord_027726,prd_00096,wrong_item,2024-12-02 09:00:34,approved
ret_001143,ord_027812,prd_00002,defective,2024-11-22 19:47:47,rejected
ret_001144,ord_027850,prd_01414,unsatisfied,2024-11-20 23:40:20,approved
ret_001145,ord_027857,prd_00007,delayed_delivery,2024-11-15 00:21:08,approved
ret_001146,ord_027887,prd_00017,wrong_item,2024-11-21 03:32:22,approved
ret_001147,ord_027902,prd_00002,delayed_delivery,2024-11-17 05:26:38,approved
ret_001148,ord_027959,prd_00028,unsatisfied,2024-11-19 12:21:55,approved
ret_001149,ord_027975,prd_00002,defective,2024-12-04 15:07:48,rejected
ret_001150,ord_027995,prd_00455,wrong_item,2024-12-07 17:05:32,approved
ret_001151,ord_027999,prd_00362,defective,2024-11-21 17:58:30,approved
ret_001152,ord_028050,prd_00738,defective,2024-11-20 23:31:50,approved
ret_001153,ord_028081,prd_00115,defective,2024-11-20 04:37:14,approved
ret_001154,ord_028102,prd_00038,defective,2024-11-25 06:53:04,approved
ret_001155,ord_028164,prd_00118,wrong_item,2024-11-17 13:17:05,approved
ret_001156,ord_028195,prd_02383,defective,2024-11-28 16:04:36,rejected
ret_001157,ord_028205,prd_00017,unsatisfied,2024-12-03 17:22:11,approved
ret_001158,ord_028278,prd_00007,unsatisfied,2024-11-26 02:09:51,approved
ret_001159,ord_028286,prd_00015,defective,2024-12-04 03:50:46,pending
ret_001160,ord_028309,prd_01733,unsatisfied,2024-11-18 06:40:34,approved
ret_001161,ord_028322,prd_00001,wrong_item,2024-11-28 09:15:55,approved
ret_001162,ord_028364,prd_00002,defective,2024-12-02 14:33:10,approved
ret_001163,ord_028394,prd_01212,defective,2024-11-19 17:37:38,approved
ret_001164,ord_028403,prd_00006,wrong_item,2024-11-27 18:41:49,approved
ret_001165,ord_028410,prd_00002,unsatisfied,2024-12-02 19:38:50,approved
ret_001166,ord_028432,prd_00002,wrong_item,2024-11-30 21:48:44,approved
ret_001167,ord_028433,prd_01230,unsatisfied,2024-11-17 21:52:29,approved
ret_001168,ord_028443,prd_00034,defective,2024-11-19 23:02:46,approved
ret_001169,ord_028461,prd_00002,wrong_item,2024-12-09 00:51:32,approved
ret_001170,ord_028499,prd_00248,defective,2024-11-18 03:56:53,approved
ret_001171,ord_028526,prd_00002,unsatisfied,2024-11-23 06:25:27,approved
ret_001172,ord_028557,prd_00198,delayed_delivery,2024-11-19 09:34:14,approved
ret_001173,ord_028598,prd_00555,defective,2024-12-02 13:45:43,approved
ret_001174,ord_028674,prd_00214,unsatisfied,2024-11-20 19:42:43,pending
ret_001175,ord_028700,prd_00107,defective,2024-11-16 22:15:12,approved
ret_001176,ord_028712,prd_01210,wrong_item,2024-12-02 23:37:04,approved
ret_001177,ord_028717,prd_00180,defective,2024-11-18 23:52:33,approved
ret_001178,ord_028717,prd_00756,unsatisfied,2024-11-18 23:52:33,rejected
ret_001179,ord_028741,prd_01161,unsatisfied,2024-11-26 01:55:01,approved
ret_001180,ord_028798,prd_00133,defective,2024-11-29 07:33:02,approved
ret_001181,ord_028811,prd_00108,wrong_item,2024-11-25 08:40:22,approved
ret_001182,ord_028888,prd_00047,unsatisfied,2024-11-18 15:01:41,approved
ret_001183,ord_028898,prd_00443,wrong_item,2024-12-05 16:00:05,approved
ret_001184,ord_028900,prd_00131,defective,2024-11-21 16:02:44,approved
ret_001185,ord_029035,prd_00114,unsatisfied,2024-12-03 04:12:22,approved
ret_001186,ord_029046,prd_00140,wrong_item,2024-11-25 05:17:33,approved
ret_001187,ord_029066,prd_00769,wrong_item,2024-12-04 06:47:30,approved
ret_001188,ord_029070,prd_00029,unsatisfied,2024-11-26 07:06:22,approved
ret_001189,ord_029100,prd_01952,wrong_item,2024-12-05 08:56:31,approved
ret_001190,ord_029101,prd_00088,unsatisfied,2024-11-21 08:57:49,approved
ret_001191,ord_029128,prd_01046,wrong_item,2024-11-25 10:56:19,approved
ret_001192,ord_029148,prd_00007,wrong_item,2024-12-04 12:59:02,approved
ret_001193,ord_029165,prd_00355,defective,2024-12-05 14:11:18,pending
ret_001194,ord_029183,prd_00261,wrong_item,2024-11-30 15:34:12,approved
ret_001195,ord_029246,prd_00131,wrong_item,2024-12-03 20:59:19,approved
ret_001196,ord_029250,prd_00004,unsatisfied,2024-11-29 21:06:56,approved
ret_001197,ord_029250,prd_00001,delayed_delivery,2024-12-09 21:06:56,approved
ret_001198,ord_029253,prd_00001,delayed_delivery,2024-12-08 21:10:37,rejected
ret_001199,ord_029302,prd_00010,unsatisfied,2024-11-21 02:07:21,approved
ret_001200,ord_029308,prd_00001,defective,2024-12-03 03:03:49,approved
ret_001201,ord_029366,prd_00002,defective,2024-11-19 09:19:22,approved
ret_001202,ord_029367,prd_00288,defective,2024-12-05 09:31:07,approved
ret_001203,ord_029420,prd_00017,defective,2024-12-13 16:26:39,approved
ret_001204,ord_029430,prd_00670,defective,2024-11-26 17:53:05,approved
ret_001205,ord_029482,prd_00053,wrong_item,2024-12-13 00:46:55,approved
ret_001206,ord_029522,prd_00445,unsatisfied,2024-12-12 06:09:50,rejected
ret_001207,ord_029543,prd_00107,wrong_item,2024-11-25 08:26:57,approved
ret_001208,ord_029606,prd_01089,wrong_item,2024-11-20 15:44:23,approved
ret_001209,ord_029635,prd_00009,defective,2024-12-10 18:27:33,approved
ret_001210,ord_029673,prd_00681,defective,2024-12-03 00:17:21,rejected
ret_001211,ord_029689,prd_00027,unsatisfied,2024-12-06 01:49:39,approved
ret_001212,ord_029696,prd_00039,unsatisfied,2024-12-10 02:37:44,approved
ret_001213,ord_029709,prd_00001,wrong_item,2024-12-13 04:10:01,pending
ret_001214,ord_029733,prd_00116,defective,2024-11-23 06:03:14,approved
ret_001215,ord_029760,prd_00046,unsatisfied,2024-11-24 08:40:29,approved
ret_001216,ord_029776,prd_00343,wrong_item,2024-11-28 09:50:15,approved
ret_001217,ord_029814,prd_01651,wrong_item,2024-12-13 14:04:40,approved
ret_001218,ord_029887,prd_00487,wrong_item,2024-11-24 23:04:21,approved
ret_001219,ord_029938,prd_00006,unsatisfied,2024-12-01 05:49:44,approved
ret_001220,ord_029969,prd_00003,unsatisfied,2024-11-24 08:44:58,approved
ret_001221,ord_030003,prd_00006,unsatisfied,2024-12-10 11:58:44,approved
ret_001222,ord_030027,prd_00002,defective,2024-12-07 14:15:56,approved
ret_001223,ord_030074,prd_00508,unsatisfied,2024-11-22 19:18:02,approved
ret_001224,ord_030126,prd_00165,unsatisfied,2024-12-02 01:13:01,approved
ret_001225,ord_030133,prd_00028,delayed_delivery,2024-12-18 01:48:49,approved
ret_001226,ord_030260,prd_00516,defective,2024-12-14 13:50:06,approved
ret_001227,ord_030337,prd_00033,defective,2024-12-12 20:45:17,approved
ret_001228,ord_030355,prd_00187,unsatisfied,2024-11-27 22:27:26,approved
ret_001229,ord_030360,prd_00002,delayed_delivery,2024-12-07 22:57:25,rejected
ret_001230,ord_030423,prd_00006,wrong_item,2024-12-04 04:50:41,approved
ret_001231,ord_030426,prd_00002,wrong_item,2024-12-05 05:02:22,approved
ret_001232,ord_030434,prd_00099,unsatisfied,2024-11-30 05:46:06,approved
ret_001233,ord_030452,prd_00097,defective,2024-12-01 06:58:20,approved
ret_001234,ord_030501,prd_00406,delayed_delivery,2024-12-04 10:50:54,approved
ret_001235,ord_030514,prd_00358,unsatisfied,2024-12-11 11:40:36,approved
ret_001236,ord_030571,prd_00371,defective,2024-12-08 17:47:18,approved
ret_001237,ord_030572,prd_00769,unsatisfied,2024-12-09 17:49:16,approved
ret_001238,ord_030574,prd_00026,wrong_item,2024-11-24 18:35:05,approved
ret_001239,ord_030639,prd_00032,delayed_delivery,2024-11-30 00:22:28,approved
ret_001240,ord_030643,prd_00053,wrong_item,2024-12-13 00:40:39,approved
ret_001241,ord_030655,prd_00386,unsatisfied,2024-12-19 01:41:20,rejected
ret_001242,ord_030670,prd_00784,wrong_item,2024-11-29 03:22:24,approved
ret_001243,ord_030696,prd_00011,defective,2024-12-05 05:34:33,approved
ret_001244,ord_030727,prd_00090,defective,2024-12-18 08:17:00,approved
ret_001245,ord_030733,prd_00045,defective,2024-12-16 08:48:58,approved
ret_001246,ord_030745,prd_00013,unsatisfied,2024-11-29 10:15:04,approved
ret_001247,ord_030793,prd_02194,unsatisfied,2024-12-13 13:37:24,approved
ret_001248,ord_030822,prd_01473,defective,2024-12-15 15:52:30,approved
ret_001249,ord_030830,prd_00002,unsatisfied,2024-12-16 16:29:42,approved
ret_001250,ord_030846,prd_00083,defective,2024-12-20 17:51:22,approved
ret_001251,ord_030852,prd_00076,defective,2024-11-30 18:09:39,approved
ret_001252,ord_030872,prd_00068,unsatisfied,2024-11-27 19:56:30,approved
ret_001253,ord_030902,prd_00002,defective,2024-12-20 23:06:33,approved
ret_001254,ord_030920,prd_00070,wrong_item,2024-12-07 00:43:05,approved
ret_001255,ord_030921,prd_00024,delayed_delivery,2024-11-28 00:54:37,approved
ret_001256,ord_030936,prd_00844,unsatisfied,2024-12-08 02:58:12,approved
ret_001257,ord_030944,prd_00002,wrong_item,2024-12-02 03:49:15,approved
ret_001258,ord_030960,prd_00003,wrong_item,2024-12-05 05:41:03,approved
ret_001259,ord_030964,prd_00024,defective,2024-12-06 06:36:02,pending
ret_001260,ord_030986,prd_00300,wrong_item,2024-12-14 09:00:09,approved
ret_001261,ord_030993,prd_01343,wrong_item,2024-12-18 10:06:29,approved
ret_001262,ord_031031,prd_00008,unsatisfied,2024-12-04 14:01:58,approved
ret_001263,ord_031045,prd_01188,delayed_delivery,2024-11-29 15:23:21,rejected
ret_001264,ord_031094,prd_00007,defective,2024-11-28 21:15:13,rejected
ret_001265,ord_031098,prd_00370,defective,2024-12-19 21:36:50,approved
ret_001266,ord_031122,prd_00022,delayed_delivery,2024-12-09 23:56:57,approved
ret_001267,ord_031125,prd_00112,wrong_item,2024-12-17 00:31:56,approved
ret_001268,ord_031146,prd_00006,wrong_item,2024-12-12 02:32:59,approved
ret_001269,ord_031153,prd_00207,unsatisfied,2024-11-30 03:08:26,approved
ret_001270,ord_031241,prd_00106,defective,2024-11-29 14:10:35,approved
ret_001271,ord_031271,prd_00016,unsatisfied,2024-12-01 19:17:39,approved
ret_001272,ord_031317,prd_00002,unsatisfied,2024-12-09 01:11:41,approved
ret_001273,ord_031347,prd_00096,defective,2024-12-10 04:23:59,approved
ret_001274,ord_031351,prd_01392,delayed_delivery,2024-11-28 05:18:34,approved
ret_001275,ord_031462,prd_00011,wrong_item,2024-11-28 20:27:53,approved
ret_001276,ord_031468,prd_00005,wrong_item,2024-12-15 20:58:42,approved
ret_001277,ord_031470,prd_00001,unsatisfied,2024-12-05 21:10:29,approved
ret_001278,ord_031477,prd_00110,unsatisfied,2024-11-30 22:08:00,approved
ret_001279,ord_031528,prd_00020,defective,2024-12-22 03:59:59,approved
ret_001280,ord_031566,prd_01510,defective,2024-11-29 09:14:01,approved
ret_001281,ord_031574,prd_00033,defective,2024-12-22 10:34:07,approved
ret_001282,ord_031579,prd_00012,defective,2024-12-01 11:12:31,approved
ret_001283,ord_031614,prd_00002,defective,2024-12-06 15:42:26,approved
ret_001284,ord_031629,prd_00002,unsatisfied,2024-12-19 17:16:21,rejected
ret_001285,ord_031665,prd_00020,wrong_item,2024-12-24 20:47:33,approved
ret_001286,ord_031679,prd_00001,defective,2024-12-08 22:35:55,approved
ret_001287,ord_031706,prd_01172,wrong_item,2024-12-14 01:44:47,approved
ret_001288,ord_031722,prd_00040,delayed_delivery,2024-12-23 03:28:43,approved
ret_001289,ord_031772,prd_00076,wrong_item,2024-12-08 06:59:08,approved
ret_001290,ord_031804,prd_01284,defective,2024-11-30 09:15:40,approved
ret_001291,ord_031814,prd_00067,unsatisfied,2024-12-20 09:57:24,rejected
ret_001292,ord_031828,prd_00111,defective,2024-12-22 11:39:51,approved
ret_001293,ord_031854,prd_01248,wrong_item,2024-12-15 14:20:47,approved
ret_001294,ord_031872,prd_00305,unsatisfied,2024-12-06 15:38:20,approved
ret_001295,ord_031920,prd_00103,wrong_item,2024-12-04 18:35:34,approved
ret_001296,ord_031959,prd_01996,unsatisfied,2024-12-19 21:29:59,approved
ret_001297,ord_031995,prd_00011,wrong_item,2024-12-20 00:26:17,approved
ret_001298,ord_032017,prd_00450,defective,2024-12-05 02:08:59,approved
ret_001299,ord_032044,prd_00859,defective,2024-12-13 04:03:36,approved
ret_001300,ord_032087,prd_01376,unsatisfied,2024-12-21 08:13:37,approved
ret_001301,ord_032108,prd_00016,defective,2024-12-14 09:58:20,approved
ret_001302,ord_032111,prd_00007,defective,2024-12-06 10:07:44,approved
ret_001303,ord_032127,prd_01682,defective,2024-12-07 11:23:24,rejected
ret_001304,ord_032172,prd_00253,wrong_item,2024-12-24 16:10:59,approved
ret_001305,ord_032179,prd_00144,wrong_item,2024-12-11 16:46:55,approved
ret_001306,ord_032265,prd_00103,wrong_item,2024-12-13 01:33:55,pending
ret_001307,ord_032270,prd_00010,unsatisfied,2024-12-10 01:53:19,approved
ret_001308,ord_032279,prd_00007,delayed_delivery,2024-12-05 02:36:38,approved
ret_001309,ord_032351,prd_00001,defective,2024-12-18 10:05:27,approved
ret_001310,ord_032416,prd_00009,wrong_item,2024-12-06 16:09:33,approved
ret_001311,ord_032453,prd_00361,defective,2024-12-23 18:54:15,rejected
ret_001312,ord_032491,prd_00109,unsatisfied,2024-12-27 23:39:58,approved
ret_001313,ord_032534,prd_00003,wrong_item,2024-12-20 06:55:36,approved
ret_001314,ord_032653,prd_00011,unsatisfied,2024-12-27 17:23:19,approved
ret_001315,ord_032699,prd_00817,unsatisfied,2024-12-25 23:21:47,rejected
ret_001316,ord_032765,prd_01890,defective,2024-12-06 07:35:08,rejected
ret_001317,ord_032814,prd_00243,unsatisfied,2024-12-09 14:09:07,pending
ret_001318,ord_032895,prd_00001,wrong_item,2024-12-25 00:50:26,approved
ret_001319,ord_032979,prd_00913,wrong_item,2024-12-21 11:09:28,rejected
ret_001320,ord_033007,prd_00016,defective,2024-12-08 15:35:47,approved
ret_001321,ord_033050,prd_00981,delayed_delivery,2024-12-24 20:21:27,approved
ret_001322,ord_033094,prd_00002,defective,2024-12-21 02:29:40,approved
ret_001323,ord_033110,prd_00001,wrong_item,2024-12-07 05:22:54,approved
ret_001324,ord_033132,prd_01158,defective,2024-12-17 08:17:41,pending
ret_001325,ord_033198,prd_00136,wrong_item,2024-12-12 16:10:11,approved
ret_001326,ord_033214,prd_01898,unsatisfied,2024-12-06 18:28:45,approved
ret_001327,ord_033228,prd_01039,unsatisfied,2024-12-10 20:37:43,approved
ret_001328,ord_033231,prd_00192,unsatisfied,2024-12-27 20:55:54,approved
ret_001329,ord_033233,prd_00022,defective,2024-12-10 21:13:56,approved
ret_001330,ord_033237,prd_01193,defective,2024-12-09 22:01:57,approved
ret_001331,ord_033256,prd_00142,wrong_item,2024-12-19 00:22:55,approved
ret_001332,ord_033261,prd_00052,unsatisfied,2024-12-07 01:16:32,approved
ret_001333,ord_033322,prd_02076,wrong_item,2024-12-09 06:39:31,approved
ret_001334,ord_033342,prd_02162,unsatisfied,2024-12-31 08:32:03,approved
ret_001335,ord_033389,prd_00103,defective,2024-12-10 14:33:05,approved
ret_001336,ord_033487,prd_00977,unsatisfied,2024-12-28 23:02:17,approved
ret_001337,ord_033513,prd_00002,defective,2024-12-25 01:26:21,approved
ret_001338,ord_033530,prd_00015,unsatisfied,2024-12-09 02:55:17,approved
ret_001339,ord_033575,prd_00002,wrong_item,2024-12-22 07:24:46,rejected
ret_001340,ord_033581,prd_00403,defective,2024-12-15 07:52:50,approved
ret_001341,ord_033646,prd_01273,unsatisfied,2024-12-28 13:54:10,approved
ret_001342,ord_033712,prd_00009,delayed_delivery,2024-12-21 21:38:03,approved
ret_001343,ord_033715,prd_00145,unsatisfied,2025-01-02 21:55:03,approved
ret_001344,ord_033773,prd_00006,wrong_item,2024-12-29 03:54:47,approved
ret_001345,ord_033793,prd_00089,unsatisfied,2024-12-28 06:16:43,approved
ret_001346,ord_033884,prd_00004,defective,2024-12-13 16:41:26,rejected
ret_001347,ord_033918,prd_00006,delayed_delivery,2025-01-02 19:26:44,approved
ret_001348,ord_033929,prd_00059,wrong_item,2024-12-19 20:54:10,approved
ret_001349,ord_034051,prd_01345,wrong_item,2024-12-10 12:28:05,approved
ret_001350,ord_034053,prd_00001,defective,2024-12-14 12:52:57,pending
ret_001351,ord_034063,prd_00485,unsatisfied,2024-12-22 14:53:59,approved
ret_001352,ord_034094,prd_00205,unsatisfied,2024-12-28 17:54:02,approved
ret_001353,ord_034112,prd_00009,defective,2024-12-28 20:51:34,approved
ret_001354,ord_034175,prd_00004,unsatisfied,2024-12-13 05:09:56,approved
ret_001355,ord_034197,prd_00002,defective,2024-12-29 07:55:23,approved
ret_001356,ord_034206,prd_00001,unsatisfied,2025-01-01 08:48:32,approved
ret_001357,ord_034219,prd_00002,defective,2024-12-13 10:22:33,rejected
ret_001358,ord_034224,prd_00001,wrong_item,2024-12-24 11:09:02,approved
ret_001359,ord_034291,prd_00029,wrong_item,2025-01-03 21:46:29,approved
ret_001360,ord_034316,prd_00524,wrong_item,2024-12-27 01:12:37,approved
ret_001361,ord_034326,prd_00192,delayed_delivery,2024-12-21 02:41:42,approved
ret_001362,ord_034498,prd_00116,unsatisfied,2024-12-28 21:19:49,rejected
ret_001363,ord_034519,prd_00041,wrong_item,2025-01-06 00:24:57,approved
ret_001364,ord_034557,prd_00096,wrong_item,2024-12-25 07:13:47,approved
ret_001365,ord_034635,prd_00001,wrong_item,2024-12-25 18:47:47,approved
ret_001366,ord_034643,prd_00001,delayed_delivery,2025-01-01 19:30:36,approved
ret_001367,ord_034668,prd_00002,delayed_delivery,2024-12-28 22:15:16,approved
ret_001368,ord_034683,prd_00002,unsatisfied,2025-01-03 23:50:46,approved
ret_001369,ord_034713,prd_00425,delayed_delivery,2024-12-20 03:05:48,approved
ret_001370,ord_034715,prd_00219,wrong_item,2024-12-24 03:13:56,approved
ret_001371,ord_034721,prd_00180,unsatisfied,2025-01-07 03:47:06,approved
ret_001372,ord_034725,prd_00001,defective,2025-01-05 03:52:39,approved
ret_001373,ord_034744,prd_00023,wrong_item,2025-01-01 05:41:37,approved
ret_001374,ord_034766,prd_00006,wrong_item,2025-01-01 07:56:26,approved
ret_001375,ord_034775,prd_00014,defective,2024-12-29 08:52:07,approved
ret_001376,ord_034789,prd_00001,delayed_delivery,2024-12-30 09:50:24,approved
ret_001377,ord_034793,prd_00038,unsatisfied,2024-12-26 10:09:23,approved
ret_001378,ord_034800,prd_00447,defective,2024-12-23 10:47:14,approved
ret_001379,ord_034822,prd_00003,defective,2024-12-16 13:03:29,approved
ret_001380,ord_034838,prd_00387,wrong_item,2024-12-24 14:37:59,approved
ret_001381,ord_034863,prd_00001,defective,2024-12-17 16:48:41,rejected
ret_001382,ord_034910,prd_00007,wrong_item,2024-12-20 21:57:34,approved
ret_001383,ord_034976,prd_00005,defective,2024-12-30 04:53:51,approved
ret_001384,ord_035032,prd_00051,defective,2025-01-01 10:43:58,approved
ret_001385,ord_035052,prd_00051,wrong_item,2024-12-26 13:03:37,approved
ret_001386,ord_035054,prd_00062,defective,2024-12-28 13:06:14,approved
ret_001387,ord_035156,prd_00002,wrong_item,2024-12-16 22:20:13,approved
ret_001388,ord_035196,prd_01156,unsatisfied,2024-12-24 02:13:40,approved
ret_001389,ord_035280,prd_00044,unsatisfied,2024-12-30 10:06:14,approved
ret_001390,ord_035287,prd_00280,defective,2024-12-24 10:51:47,approved
ret_001391,ord_035300,prd_00036,unsatisfied,2024-12-27 11:59:42,approved
ret_001392,ord_035300,prd_00162,wrong_item,2024-12-19 11:59:42,approved
ret_001393,ord_035306,prd_00001,wrong_item,2025-01-05 12:24:24,approved
ret_001394,ord_035309,prd_00793,wrong_item,2024-12-21 12:36:43,approved
ret_001395,ord_035315,prd_00136,defective,2025-01-07 13:27:31,approved
ret_001396,ord_035316,prd_00216,defective,2025-01-02 13:27:44,approved
ret_001397,ord_035334,prd_00037,unsatisfied,2024-12-26 15:21:58,approved
ret_001398,ord_035351,prd_01320,defective,2024-12-23 17:11:13,pending
ret_001399,ord_035378,prd_00449,unsatisfied,2024-12-25 19:15:50,approved
ret_001400,ord_035475,prd_00978,unsatisfied,2025-01-07 07:46:37,approved
ret_001401,ord_035506,prd_02269,unsatisfied,2024-12-29 12:00:13,approved
ret_001402,ord_035509,prd_00034,unsatisfied,2024-12-31 12:42:11,approved
ret_001403,ord_035521,prd_00022,wrong_item,2024-12-24 14:03:48,approved
ret_001404,ord_035534,prd_00023,defective,2025-01-07 16:20:23,approved
ret_001405,ord_035542,prd_00024,delayed_delivery,2025-01-09 17:27:35,approved
ret_001406,ord_035551,prd_00165,defective,2024-12-23 18:16:49,approved
ret_001407,ord_035558,prd_01884,unsatisfied,2025-01-03 18:54:03,approved
ret_001408,ord_035578,prd_00485,defective,2024-12-25 22:12:43,approved
ret_001409,ord_035580,prd_01909,delayed_delivery,2024-12-30 22:22:20,pending
ret_001410,ord_035599,prd_00006,defective,2024-12-29 00:39:54,approved
ret_001411,ord_035615,prd_00485,unsatisfied,2024-12-28 02:46:14,approved
ret_001412,ord_035619,prd_00368,wrong_item,2025-01-10 03:32:39,approved
ret_001413,ord_035641,prd_00045,unsatisfied,2024-12-18 07:19:14,approved
ret_001414,ord_035672,prd_00003,defective,2024-12-27 10:52:00,approved
ret_001415,ord_035676,prd_00002,unsatisfied,2025-01-02 11:14:34,rejected
ret_001416,ord_035686,prd_01763,defective,2024-12-19 12:53:37,rejected
ret_001417,ord_035690,prd_00872,delayed_delivery,2025-01-12 13:11:59,rejected
ret_001418,ord_035726,prd_00002,defective,2024-12-28 17:40:54,pending
ret_001419,ord_035756,prd_00040,defective,2025-01-11 21:18:47,rejected
ret_001420,ord_035769,prd_00009,defective,2025-01-02 23:18:17,approved
ret_001421,ord_035782,prd_01592,unsatisfied,2025-01-07 01:12:52,approved
ret_001422,ord_035790,prd_01266,unsatisfied,2025-01-06 02:14:24,approved
ret_001423,ord_035805,prd_00129,unsatisfied,2025-01-04 04:26:10,approved
ret_001424,ord_035805,prd_00001,defective,2025-01-01 04:26:10,pending
ret_001425,ord_035825,prd_00003,wrong_item,2024-12-26 08:06:14,approved
ret_001426,ord_035840,prd_00001,wrong_item,2025-01-10 10:00:50,approved
ret_001427,ord_035880,prd_00746,defective,2024-12-26 15:06:16,approved
ret_001428,ord_035912,prd_00295,wrong_item,2025-01-05 19:48:47,approved
ret_001429,ord_035932,prd_00078,delayed_delivery,2025-01-08 22:24:25,approved
ret_001430,ord_035962,prd_00002,defective,2024-12-25 01:52:45,rejected
ret_001431,ord_035985,prd_00050,defective,2024-12-28 04:56:42,approved
ret_001432,ord_036076,prd_00582,delayed_delivery,2025-01-02 16:10:43,approved
ret_001433,ord_036129,prd_00001,defective,2025-01-02 00:10:14,approved
ret_001434,ord_036136,prd_02166,unsatisfied,2025-01-13 01:14:28,approved
ret_001435,ord_036178,prd_00005,delayed_delivery,2025-01-08 04:54:44,approved
ret_001436,ord_036191,prd_00418,unsatisfied,2025-01-15 05:56:28,approved
ret_001437,ord_036219,prd_02467,defective,2025-01-02 08:57:57,approved
ret_001438,ord_036244,prd_00057,unsatisfied,2025-01-05 11:11:49,approved
ret_001439,ord_036255,prd_00008,unsatisfied,2024-12-28 12:55:21,approved
ret_001440,ord_036303,prd_01178,wrong_item,2025-01-15 17:29:43,approved
ret_001441,ord_036311,prd_00014,wrong_item,2024-12-24 18:19:37,rejected
ret_001442,ord_036347,prd_00793,defective,2025-01-03 22:50:20,approved
ret_001443,ord_036374,prd_00005,wrong_item,2024-12-27 02:11:20,approved
ret_001444,ord_036379,prd_00024,wrong_item,2025-01-16 03:01:58,pending
ret_001445,ord_036427,prd_00050,unsatisfied,2025-01-03 07:28:33,approved
ret_001446,ord_036458,prd_00454,defective,2025-01-09 11:14:41,approved
ret_001447,ord_036504,prd_01312,defective,2024-12-24 15:38:19,pending
ret_001448,ord_036520,prd_00002,defective,2025-01-14 16:35:04,approved
ret_001449,ord_036626,prd_00382,wrong_item,2025-01-08 02:41:00,approved
ret_001450,ord_036656,prd_00001,delayed_delivery,2025-01-10 05:44:20,pending
ret_001451,ord_036683,prd_00064,defective,2025-01-17 07:57:36,pending
ret_001452,ord_036690,prd_00372,wrong_item,2025-01-17 08:59:51,approved
ret_001453,ord_036744,prd_00001,unsatisfied,2024-12-30 15:00:30,rejected
ret_001454,ord_036801,prd_00073,defective,2024-12-30 21:05:19,approved
ret_001455,ord_036846,prd_00057,defective,2025-01-14 00:50:09,approved
ret_001456,ord_036849,prd_00016,defective,2025-01-08 01:11:24,approved
ret_001457,ord_036868,prd_00001,defective,2024-12-27 03:03:29,approved
ret_001458,ord_036872,prd_00045,wrong_item,2024-12-30 03:19:29,approved
ret_001459,ord_036979,prd_00011,unsatisfied,2025-01-10 18:43:58,approved
ret_001460,ord_037004,prd_02419,wrong_item,2024-12-30 22:44:17,approved
ret_001461,ord_037035,prd_00442,defective,2025-01-03 02:41:23,approved
ret_001462,ord_037050,prd_01795,unsatisfied,2024-12-31 04:06:46,approved
ret_001463,ord_037059,prd_00002,unsatisfied,2025-01-02 05:40:10,approved
ret_001464,ord_037063,prd_00134,defective,2025-01-18 05:56:33,approved
ret_001465,ord_037077,prd_00331,defective,2024-12-29 07:20:26,approved
ret_001466,ord_037092,prd_00121,wrong_item,2024-12-25 10:23:22,approved
ret_001467,ord_037113,prd_01648,wrong_item,2025-01-14 12:48:40,approved
ret_001468,ord_037122,prd_00172,wrong_item,2024-12-29 14:37:43,approved
ret_001469,ord_037169,prd_00001,wrong_item,2024-12-25 20:55:12,approved
ret_001470,ord_037179,prd_00007,unsatisfied,2025-01-17 23:10:16,approved
ret_001471,ord_037195,prd_00014,unsatisfied,2025-01-20 01:50:38,pending
ret_001472,ord_037250,prd_00279,defective,2024-12-29 08:28:15,approved
ret_001473,ord_037277,prd_02136,wrong_item,2025-01-14 11:51:15,approved
ret_001474,ord_037282,prd_00567,unsatisfied,2025-01-18 12:43:42,approved
ret_001475,ord_037323,prd_00978,defective,2025-01-20 18:22:06,approved
ret_001476,ord_037335,prd_02041,wrong_item,2025-01-07 20:46:31,approved
ret_001477,ord_037343,prd_00028,wrong_item,2024-12-31 21:11:52,approved
ret_001478,ord_037343,prd_00081,defective,2025-01-06 21:11:52,approved
ret_001479,ord_037363,prd_00001,unsatisfied,2025-01-18 23:12:19,rejected
ret_001480,ord_037384,prd_00001,unsatisfied,2025-01-16 01:35:15,approved
ret_001481,ord_037421,prd_00151,defective,2025-01-04 06:41:02,approved
ret_001482,ord_037423,prd_00295,wrong_item,2025-01-04 06:49:38,approved
ret_001483,ord_037445,prd_00006,wrong_item,2025-01-10 10:26:41,approved
ret_001484,ord_037446,prd_00002,unsatisfied,2025-01-03 10:36:07,approved
ret_001485,ord_037492,prd_00001,defective,2025-01-07 16:29:58,approved
ret_001486,ord_037516,prd_00214,defective,2025-01-05 19:39:49,approved
ret_001487,ord_037521,prd_00036,unsatisfied,2025-01-04 19:56:51,rejected
ret_001488,ord_037571,prd_01411,defective,2025-01-01 02:35:17,approved
ret_001489,ord_037574,prd_00014,wrong_item,2025-01-18 02:48:44,approved
ret_001490,ord_037608,prd_00002,unsatisfied,2024-12-31 05:53:22,approved
ret_001491,ord_037638,prd_02311,defective,2025-01-17 09:55:30,approved
ret_001492,ord_037646,prd_02101,defective,2025-01-22 10:44:30,approved
ret_001493,ord_037682,prd_00001,wrong_item,2024-12-29 14:22:03,approved
ret_001494,ord_037683,prd_00001,unsatisfied,2025-01-05 14:35:19,pending
ret_001495,ord_037696,prd_00003,defective,2025-01-03 15:48:10,pending
ret_001496,ord_037720,prd_00510,unsatisfied,2025-01-04 18:43:20,approved
ret_001497,ord_037742,prd_00011,defective,2025-01-04 20:37:17,approved
ret_001498,ord_037744,prd_00011,wrong_item,2025-01-01 20:48:06,rejected
ret_001499,ord_037753,prd_01209,unsatisfied,2024-12-31 21:46:29,approved
ret_001500,ord_037796,prd_01295,unsatisfied,2025-01-23 01:19:25,approved
ret_001501,ord_037814,prd_00022,unsatisfied,2025-01-03 03:06:27,approved
ret_001502,ord_037817,prd_00672,defective,2025-01-10 03:21:06,approved
ret_001503,ord_037845,prd_00002,wrong_item,2025-01-01 05:59:09,approved
ret_001504,ord_037854,prd_00007,defective,2025-01-10 06:55:41,approved
ret_001505,ord_037883,prd_00089,defective,2025-01-03 09:33:18,approved
ret_001506,ord_037917,prd_01846,unsatisfied,2024-12-31 13:48:21,approved
ret_001507,ord_037936,prd_00454,unsatisfied,2025-01-21 16:52:20,approved
ret_001508,ord_037941,prd_00239,wrong_item,2024-12-29 17:39:30,rejected
ret_001509,ord_037987,prd_01499,delayed_delivery,2025-01-08 22:55:14,approved
ret_001510,ord_038049,prd_00002,defective,2025-01-16 04:20:03,rejected
ret_001511,ord_038055,prd_00003,delayed_delivery,2025-01-24 04:41:19,approved
ret_001512,ord_038089,prd_01755,unsatisfied,2025-01-20 08:42:08,approved
ret_001513,ord_038106,prd_00215,defective,2025-01-03 10:33:10,pending
ret_001514,ord_038113,prd_00280,delayed_delivery,2025-01-03 10:57:56,approved
ret_001515,ord_038118,prd_00001,defective,2025-01-17 11:16:28,approved
ret_001516,ord_038131,prd_00007,unsatisfied,2025-01-23 12:03:07,approved
ret_001517,ord_038167,prd_00377,wrong_item,2025-01-05 14:48:14,approved
ret_001518,ord_038169,prd_00026,unsatisfied,2025-01-21 14:58:36,approved
ret_001519,ord_038170,prd_00001,defective,2025-01-08 14:59:56,rejected
ret_001520,ord_038182,prd_00005,delayed_delivery,2025-01-12 16:21:24,approved
ret_001521,ord_038194,prd_02233,defective,2025-01-19 17:23:46,rejected
ret_001522,ord_038224,prd_00989,defective,2025-01-23 20:28:49,pending
ret_001523,ord_038235,prd_00067,wrong_item,2025-01-13 21:23:18,approved
ret_001524,ord_038268,prd_00033,unsatisfied,2025-01-11 00:46:48,approved
ret_001525,ord_038268,prd_00001,defective,2025-01-01 00:46:48,approved
ret_001526,ord_038297,prd_00001,wrong_item,2025-01-08 04:50:31,approved
ret_001527,ord_038307,prd_00388,defective,2025-01-24 05:55:57,approved
ret_001528,ord_038330,prd_00360,delayed_delivery,2025-01-20 08:37:35,approved
ret_001529,ord_038407,prd_00483,delayed_delivery,2025-01-18 19:05:55,approved
ret_001530,ord_038447,prd_00259,defective,2025-01-05 00:11:00,approved
ret_001531,ord_038459,prd_00002,unsatisfied,2025-01-08 02:38:32,approved
ret_001532,ord_038485,prd_02110,wrong_item,2025-01-01 05:09:31,pending
ret_001533,ord_038501,prd_00187,defective,2025-01-23 08:01:20,approved
ret_001534,ord_038512,prd_00022,unsatisfied,2025-01-08 09:34:08,approved
ret_001535,ord_038519,prd_00018,wrong_item,2025-01-09 10:47:22,rejected
ret_001536,ord_038539,prd_00298,defective,2025-01-08 13:04:26,approved
ret_001537,ord_038544,prd_00239,unsatisfied,2025-01-23 13:42:49,pending
ret_001538,ord_038640,prd_00016,delayed_delivery,2025-01-06 00:40:49,approved
ret_001539,ord_038683,prd_00083,wrong_item,2025-01-13 06:24:27,approved
ret_001540,ord_038691,prd_00029,wrong_item,2025-01-08 06:54:01,approved
ret_001541,ord_038704,prd_00002,defective,2025-01-16 08:59:54,pending
ret_001542,ord_038755,prd_00007,wrong_item,2025-01-16 15:54:27,approved
ret_001543,ord_038782,prd_00020,delayed_delivery,2025-01-17 19:10:55,approved
ret_001544,ord_038844,prd_00046,unsatisfied,2025-01-24 02:37:03,approved
ret_001545,ord_038869,prd_00005,defective,2025-01-12 05:31:45,approved
ret_001546,ord_038893,prd_00179,unsatisfied,2025-01-05 09:32:38,approved
ret_001547,ord_038913,prd_00446,wrong_item,2025-01-27 12:28:13,approved
ret_001548,ord_039007,prd_01731,delayed_delivery,2025-01-21 00:59:19,approved
ret_001549,ord_039007,prd_00095,wrong_item,2025-01-07 00:59:19,approved
ret_001550,ord_039069,prd_00001,defective,2025-01-22 08:07:18,approved
ret_001551,ord_039084,prd_00236,wrong_item,2025-01-12 09:45:42,approved
ret_001552,ord_039122,prd_00267,unsatisfied,2025-01-24 13:24:57,rejected
ret_001553,ord_039147,prd_00397,unsatisfied,2025-01-08 15:47:54,approved
ret_001554,ord_039166,prd_00038,wrong_item,2025-01-29 17:53:50,approved
ret_001555,ord_039222,prd_00520,wrong_item,2025-01-10 23:22:20,approved
ret_001556,ord_039231,prd_00013,wrong_item,2025-01-09 23:54:37,approved
ret_001557,ord_039281,prd_00004,unsatisfied,2025-01-10 04:23:15,approved
ret_001558,ord_039283,prd_01714,unsatisfied,2025-01-23 04:40:07,rejected
ret_001559,ord_039321,prd_00002,wrong_item,2025-01-17 08:03:50,approved
ret_001560,ord_039329,prd_00010,unsatisfied,2025-01-25 08:44:43,pending
ret_001561,ord_039351,prd_00013,defective,2025-01-14 11:07:01,rejected
ret_001562,ord_039430,prd_00002,unsatisfied,2025-01-12 18:53:40,approved
ret_001563,ord_039439,prd_00001,defective,2025-01-06 19:55:02,approved
ret_001564,ord_039440,prd_00077,unsatisfied,2025-01-20 19:56:50,approved
ret_001565,ord_039453,prd_00007,unsatisfied,2025-01-28 21:05:22,rejected
ret_001566,ord_039461,prd_00011,unsatisfied,2025-01-26 22:32:05,approved
ret_001567,ord_039464,prd_00046,defective,2025-01-24 22:51:03,approved
ret_001568,ord_039466,prd_00052,defective,2025-01-11 23:05:45,approved
ret_001569,ord_039471,prd_00035,wrong_item,2025-01-08 23:10:21,approved
ret_001570,ord_039571,prd_00241,unsatisfied,2025-01-08 23:08:24,approved
ret_001571,ord_039573,prd_00186,unsatisfied,2025-01-06 23:30:56,approved
ret_001572,ord_039603,prd_00197,wrong_item,2025-01-16 13:36:35,approved
ret_001573,ord_039638,prd_00201,wrong_item,2025-01-11 03:44:17,rejected
ret_001574,ord_039643,prd_00383,defective,2025-01-29 07:50:08,approved
ret_001575,ord_039646,prd_00033,delayed_delivery,2025-01-25 09:07:17,approved
ret_001576,ord_039657,prd_00007,unsatisfied,2025-01-28 12:00:16,pending
ret_001577,ord_039660,prd_01932,delayed_delivery,2025-01-19 12:40:13,approved
ret_001578,ord_039694,prd_00138,defective,2025-01-30 02:24:35,approved
ret_001579,ord_039762,prd_00039,wrong_item,2025-01-14 03:22:37,approved
ret_001580,ord_039764,prd_00002,defective,2025-01-23 04:15:02,approved
ret_001581,ord_039781,prd_00045,unsatisfied,2025-01-18 12:58:22,approved
ret_001582,ord_039782,prd_00001,unsatisfied,2025-01-25 13:13:17,rejected
ret_001583,ord_039791,prd_00002,defective,2025-02-04 16:17:09,approved
ret_001584,ord_039886,prd_00194,wrong_item,2025-01-21 19:37:41,approved
ret_001585,ord_039900,prd_00114,wrong_item,2025-01-30 22:03:17,approved
ret_001586,ord_039903,prd_00078,delayed_delivery,2025-02-02 23:02:58,approved
ret_001587,ord_039919,prd_00153,wrong_item,2025-02-06 03:18:14,pending
ret_001588,ord_039924,prd_00052,defective,2025-01-23 04:11:34,approved
ret_001589,ord_039933,prd_01077,defective,2025-02-05 06:55:49,approved
ret_001590,ord_039966,prd_01651,defective,2025-01-15 15:58:44,pending
ret_001591,ord_039995,prd_01445,wrong_item,2025-01-29 22:39:06,approved
ret_001592,ord_040033,prd_00001,wrong_item,2025-01-20 07:47:48,rejected
ret_001593,ord_040043,prd_00772,wrong_item,2025-01-16 09:50:56,approved
ret_001594,ord_040056,prd_00406,wrong_item,2025-02-01 12:14:22,approved
ret_001595,ord_040080,prd_01265,unsatisfied,2025-02-06 17:22:55,approved
ret_001596,ord_040090,prd_00271,defective,2025-01-13 20:54:44,approved
ret_001597,ord_040128,prd_00038,defective,2025-01-20 11:18:28,approved
ret_001598,ord_040151,prd_00001,unsatisfied,2025-02-04 19:10:40,pending
ret_001599,ord_040159,prd_00397,unsatisfied,2025-01-28 20:15:09,approved
ret_001600,ord_040164,prd_00003,defective,2025-01-24 23:56:17,rejected
ret_001601,ord_040183,prd_00052,wrong_item,2025-01-27 09:19:08,approved
ret_001602,ord_040194,prd_00015,delayed_delivery,2025-01-18 12:16:29,approved
ret_001603,ord_040196,prd_00009,delayed_delivery,2025-02-05 13:33:42,approved
ret_001604,ord_040224,prd_00054,unsatisfied,2025-01-28 22:59:25,approved
ret_001605,ord_040232,prd_00006,defective,2025-01-29 01:14:13,rejected
ret_001606,ord_040233,prd_00051,defective,2025-01-29 01:41:34,approved
ret_001607,ord_040237,prd_00123,wrong_item,2025-01-21 02:30:42,approved
ret_001608,ord_040257,prd_01215,defective,2025-02-03 11:25:53,approved
ret_001609,ord_040269,prd_00645,wrong_item,2025-02-06 13:29:59,approved
ret_001610,ord_040269,prd_00973,wrong_item,2025-01-28 13:29:59,approved
ret_001611,ord_040276,prd_00029,defective,2025-01-27 17:14:36,approved
ret_001612,ord_040344,prd_00141,wrong_item,2025-01-23 16:18:45,approved
ret_001613,ord_040347,prd_00153,defective,2025-01-22 16:28:55,approved
ret_001614,ord_040444,prd_00022,unsatisfied,2025-02-01 01:16:01,approved
ret_001615,ord_040467,prd_00110,wrong_item,2025-01-30 06:54:52,approved
ret_001616,ord_040473,prd_00001,unsatisfied,2025-01-19 08:33:50,approved
ret_001617,ord_040480,prd_00014,defective,2025-01-19 10:03:18,approved
ret_001618,ord_040486,prd_00495,delayed_delivery,2025-01-19 11:02:31,approved
ret_001619,ord_040489,prd_00001,defective,2025-02-12 11:05:55,approved
ret_001620,ord_040553,prd_00908,defective,2025-02-04 03:13:05,approved
ret_001621,ord_040560,prd_00371,delayed_delivery,2025-02-08 05:36:46,approved
ret_001622,ord_040570,prd_00082,unsatisfied,2025-02-14 07:27:33,rejected
ret_001623,ord_040580,prd_00017,delayed_delivery,2025-02-06 09:49:27,approved
ret_001624,ord_040591,prd_00661,unsatisfied,2025-02-14 11:28:36,approved
ret_001625,ord_040609,prd_00005,defective,2025-01-20 14:33:15,approved
ret_001626,ord_040646,prd_00016,defective,2025-02-08 22:25:02,approved
ret_001627,ord_040646,prd_00001,wrong_item,2025-02-11 22:25:02,approved
ret_001628,ord_040687,prd_00156,unsatisfied,2025-02-04 15:36:30,approved
ret_001629,ord_040762,prd_00548,defective,2025-01-24 16:23:57,approved
ret_001630,ord_040800,prd_00002,unsatisfied,2025-02-05 04:48:12,approved
ret_001631,ord_040844,prd_00204,unsatisfied,2025-01-25 18:52:32,approved
ret_001632,ord_040846,prd_00043,delayed_delivery,2025-02-07 18:59:44,approved
ret_001633,ord_040862,prd_00001,wrong_item,2025-02-12 22:21:13,approved
ret_001634,ord_040864,prd_00005,defective,2025-02-04 23:22:25,approved
ret_001635,ord_040872,prd_00001,defective,2025-01-26 02:20:15,approved
ret_001636,ord_040933,prd_00246,unsatisfied,2025-01-25 03:39:00,pending
ret_001637,ord_040938,prd_00204,defective,2025-02-07 04:50:35,approved
ret_001638,ord_040945,prd_00214,unsatisfied,2025-02-01 05:50:44,approved
ret_001639,ord_041046,prd_01540,wrong_item,2025-02-08 05:51:02,approved
ret_001640,ord_041108,prd_00022,unsatisfied,2025-01-30 21:45:06,approved
ret_001641,ord_041112,prd_00022,defective,2025-02-09 23:27:06,approved
ret_001642,ord_041147,prd_02361,defective,2025-02-17 08:51:02,approved
ret_001643,ord_041167,prd_00003,defective,2025-02-18 15:38:47,approved
ret_001644,ord_041180,prd_00179,wrong_item,2025-01-27 18:19:29,approved
ret_001645,ord_041202,prd_00671,wrong_item,2025-02-04 23:41:37,pending
ret_001646,ord_041225,prd_00002,defective,2025-02-20 12:39:40,approved
ret_001647,ord_041270,prd_00277,defective,2025-02-02 06:29:26,approved
ret_001648,ord_041276,prd_00057,delayed_delivery,2025-02-20 07:41:58,approved
ret_001649,ord_041419,prd_00148,defective,2025-02-22 12:20:57,approved
ret_001650,ord_041434,prd_00006,wrong_item,2025-02-21 16:06:14,approved
ret_001651,ord_041451,prd_00046,defective,2025-02-15 00:29:22,approved
ret_001652,ord_041462,prd_00540,unsatisfied,2025-02-10 03:14:07,approved
ret_001653,ord_041488,prd_00064,unsatisfied,2025-02-08 08:18:57,approved
ret_001654,ord_041533,prd_00002,wrong_item,2025-02-26 17:39:25,approved
ret_001655,ord_041534,prd_01282,wrong_item,2025-02-06 17:41:59,approved
ret_001656,ord_041564,prd_00292,delayed_delivery,2025-02-25 01:14:35,approved
ret_001657,ord_041566,prd_00001,wrong_item,2025-02-12 01:50:37,approved
ret_001658,ord_041668,prd_02388,defective,2025-02-05 03:10:45,approved
ret_001659,ord_041701,prd_01191,defective,2025-02-12 10:31:36,approved
ret_001660,ord_041732,prd_00211,wrong_item,2025-02-03 17:42:24,approved
ret_001661,ord_041732,prd_00003,delayed_delivery,2025-02-18 17:42:24,approved
ret_001662,ord_041801,prd_00071,unsatisfied,2025-02-21 16:03:56,rejected
ret_001663,ord_041807,prd_00002,wrong_item,2025-02-20 17:52:38,rejected
ret_001664,ord_041836,prd_00742,unsatisfied,2025-02-26 11:33:57,rejected
ret_001665,ord_041848,prd_01894,defective,2025-02-06 16:31:34,rejected
ret_001666,ord_041871,prd_00001,wrong_item,2025-02-22 22:37:11,approved
ret_001667,ord_041956,prd_00388,defective,2025-02-13 01:36:24,approved
ret_001668,ord_041990,prd_00193,defective,2025-02-24 16:42:07,approved
ret_001669,ord_042019,prd_02254,defective,2025-02-08 01:02:18,approved
ret_001670,ord_042025,prd_01038,defective,2025-02-19 02:25:54,approved
ret_001671,ord_042062,prd_00343,defective,2025-02-14 12:48:24,approved
ret_001672,ord_042067,prd_00280,defective,2025-02-16 14:40:10,approved
ret_001673,ord_042093,prd_00206,defective,2025-02-18 22:16:38,approved
ret_001674,ord_042164,prd_01126,defective,2025-03-02 15:05:32,approved
ret_001675,ord_042170,prd_00945,defective,2025-02-09 17:39:27,approved
ret_001676,ord_042240,prd_00984,defective,2025-02-25 10:21:33,approved
ret_001677,ord_042251,prd_00001,delayed_delivery,2025-03-03 12:58:55,pending
ret_001678,ord_042254,prd_00111,wrong_item,2025-02-18 13:11:14,approved
ret_001679,ord_042263,prd_00960,wrong_item,2025-02-16 14:45:33,approved
ret_001680,ord_042265,prd_00028,defective,2025-02-16 15:21:22,approved
ret_001681,ord_042266,prd_00950,defective,2025-02-10 15:26:38,approved
ret_001682,ord_042288,prd_00006,delayed_delivery,2025-02-14 19:28:14,pending
ret_001683,ord_042295,prd_00078,unsatisfied,2025-02-23 21:00:28,approved
ret_001684,ord_042347,prd_00001,defective,2025-02-11 11:29:45,rejected
ret_001685,ord_042373,prd_00081,defective,2025-02-27 21:04:47,approved
ret_001686,ord_042400,prd_00057,delayed_delivery,2025-03-06 07:26:49,rejected
ret_001687,ord_042410,prd_00003,unsatisfied,2025-02-21 10:42:52,approved
ret_001688,ord_042416,prd_00950,defective,2025-02-19 14:23:27,approved
ret_001689,ord_042427,prd_00048,delayed_delivery,2025-03-09 18:43:01,rejected
ret_001690,ord_042428,prd_00001,unsatisfied,2025-02-14 19:10:44,approved
ret_001691,ord_042464,prd_00132,wrong_item,2025-02-17 05:22:13,approved
ret_001692,ord_042467,prd_00002,defective,2025-03-02 05:47:56,approved
ret_001693,ord_042534,prd_00031,wrong_item,2025-03-02 05:39:12,approved
ret_001694,ord_042545,prd_01084,defective,2025-02-17 10:40:17,approved
ret_001695,ord_042570,prd_00003,defective,2025-02-14 20:10:20,approved
ret_001696,ord_042602,prd_00011,wrong_item,2025-02-26 05:20:06,approved
ret_001697,ord_042605,prd_01043,defective,2025-03-07 07:03:51,approved
ret_001698,ord_042610,prd_00003,wrong_item,2025-03-09 08:16:15,approved
ret_001699,ord_042622,prd_00018,wrong_item,2025-03-05 12:16:04,rejected
ret_001700,ord_042649,prd_00237,defective,2025-02-26 19:33:03,approved
ret_001701,ord_042671,prd_00837,delayed_delivery,2025-03-09 02:04:00,approved
ret_001702,ord_042676,prd_00003,defective,2025-02-21 03:43:13,approved
ret_001703,ord_042681,prd_00327,unsatisfied,2025-03-09 05:47:45,approved
ret_001704,ord_042737,prd_00880,unsatisfied,2025-02-22 21:32:40,approved
ret_001705,ord_042760,prd_00153,unsatisfied,2025-02-20 01:07:20,approved
ret_001706,ord_042785,prd_00385,wrong_item,2025-02-23 06:07:39,approved
ret_001707,ord_042823,prd_00002,defective,2025-03-04 16:51:06,approved
ret_001708,ord_042876,prd_01583,delayed_delivery,2025-03-04 09:31:42,approved
ret_001709,ord_042894,prd_00022,wrong_item,2025-02-25 21:54:16,approved
ret_001710,ord_042975,prd_00001,defective,2025-03-01 00:27:46,approved
ret_001711,ord_042984,prd_00155,delayed_delivery,2025-03-12 03:47:34,rejected
ret_001712,ord_042986,prd_00002,wrong_item,2025-02-27 03:53:03,rejected
ret_001713,ord_043051,prd_00525,defective,2025-03-14 04:44:31,approved
ret_001714,ord_043103,prd_02444,delayed_delivery,2025-02-28 23:22:43,approved
ret_001715,ord_043118,prd_00313,defective,2025-03-15 03:24:12,approved
ret_001716,ord_043176,prd_00101,delayed_delivery,2025-02-25 18:36:31,approved
ret_001717,ord_043223,prd_00053,defective,2025-02-26 05:49:20,approved
ret_001718,ord_043225,prd_00007,defective,2025-03-08 06:05:48,approved
ret_001719,ord_043234,prd_00948,defective,2025-03-12 08:42:09,rejected
ret_001720,ord_043291,prd_00002,wrong_item,2025-03-11 23:24:32,approved
ret_001721,ord_043309,prd_00002,unsatisfied,2025-03-10 04:36:13,approved
ret_001722,ord_043343,prd_01312,delayed_delivery,2025-03-12 12:23:32,approved
ret_001723,ord_043346,prd_00027,wrong_item,2025-03-20 14:02:23,approved
ret_001724,ord_043472,prd_00013,defective,2025-03-11 04:26:03,approved
ret_001725,ord_043497,prd_00016,wrong_item,2025-03-04 13:14:15,approved
ret_001726,ord_043566,prd_00001,wrong_item,2025-03-21 17:18:16,approved
ret_001727,ord_043585,prd_00013,wrong_item,2025-03-08 00:47:24,approved
ret_001728,ord_043624,prd_00002,wrong_item,2025-03-13 14:44:28,approved
ret_001729,ord_043672,prd_00270,delayed_delivery,2025-03-18 04:09:28,approved
ret_001730,ord_043675,prd_00001,defective,2025-03-19 04:44:32,approved
ret_001731,ord_043713,prd_00001,defective,2025-03-17 12:49:22,approved
ret_001732,ord_043843,prd_00667,unsatisfied,2025-03-17 20:58:26,approved
ret_001733,ord_043852,prd_00002,defective,2025-03-27 23:17:20,approved
ret_001734,ord_043866,prd_00071,delayed_delivery,2025-03-23 01:34:47,approved
ret_001735,ord_043886,prd_00002,unsatisfied,2025-03-17 05:18:37,rejected
ret_001736,ord_043928,prd_00188,wrong_item,2025-03-20 17:56:10,approved
ret_001737,ord_043935,prd_00033,defective,2025-03-20 18:58:17,approved
ret_001738,ord_043962,prd_00062,unsatisfied,2025-03-29 01:43:06,approved
ret_001739,ord_044001,prd_01395,defective,2025-03-17 14:23:36,approved
ret_001740,ord_044188,prd_00792,defective,2025-03-18 03:46:55,approved
ret_001741,ord_044202,prd_00020,wrong_item,2025-03-10 05:48:55,rejected
ret_001742,ord_044203,prd_00007,defective,2025-03-11 06:38:41,approved
ret_001743,ord_044212,prd_00470,wrong_item,2025-03-26 09:01:59,approved
ret_001744,ord_044213,prd_00001,wrong_item,2025-03-31 09:15:54,approved
ret_001745,ord_044219,prd_00051,defective,2025-03-22 10:56:35,approved
ret_001746,ord_044257,prd_00014,unsatisfied,2025-03-14 21:26:34,approved
ret_001747,ord_044275,prd_00417,delayed_delivery,2025-03-22 02:52:04,approved
ret_001748,ord_044278,prd_00117,wrong_item,2025-03-09 03:04:46,approved
ret_001749,ord_044301,prd_00005,defective,2025-03-18 08:00:27,approved
ret_001750,ord_044306,prd_01055,defective,2025-03-20 08:31:02,approved
ret_001751,ord_044313,prd_00151,wrong_item,2025-03-16 09:47:03,approved
ret_001752,ord_044361,prd_00166,unsatisfied,2025-03-21 18:39:50,approved
ret_001753,ord_044404,prd_00566,defective,2025-04-03 00:34:51,approved
ret_001754,ord_044412,prd_00128,defective,2025-03-30 01:58:48,approved
ret_001755,ord_044428,prd_00014,wrong_item,2025-03-10 05:33:52,approved
ret_001756,ord_044441,prd_00033,defective,2025-03-26 07:32:07,rejected
ret_001757,ord_044529,prd_01060,wrong_item,2025-03-09 22:55:59,approved
ret_001758,ord_044554,prd_00002,defective,2025-03-12 03:14:08,approved
ret_001759,ord_044581,prd_00466,unsatisfied,2025-04-01 07:57:40,approved
ret_001760,ord_044600,prd_00136,unsatisfied,2025-04-02 11:40:07,approved
ret_001761,ord_044627,prd_00082,defective,2025-03-22 17:09:41,approved
ret_001762,ord_044639,prd_00006,wrong_item,2025-03-12 20:24:26,approved
ret_001763,ord_044740,prd_00300,defective,2025-03-27 20:44:10,approved
ret_001764,ord_044741,prd_01767,defective,2025-03-21 21:10:35,approved
ret_001765,ord_044806,prd_00006,unsatisfied,2025-03-15 10:42:41,approved
ret_001766,ord_044812,prd_00003,wrong_item,2025-03-15 12:13:50,approved
ret_001767,ord_044833,prd_00076,delayed_delivery,2025-03-21 20:00:35,pending
ret_001768,ord_044855,prd_00023,wrong_item,2025-04-04 03:32:06,approved
ret_001769,ord_044860,prd_00030,unsatisfied,2025-03-23 04:14:02,approved
ret_001770,ord_044893,prd_00447,unsatisfied,2025-03-22 13:42:47,rejected
ret_001771,ord_044968,prd_00001,unsatisfied,2025-04-02 10:45:56,approved
ret_001772,ord_044974,prd_00010,defective,2025-03-14 12:15:05,approved
ret_001773,ord_044975,prd_01201,wrong_item,2025-04-01 12:25:41,approved
ret_001774,ord_045019,prd_00019,defective,2025-03-22 21:56:51,approved
ret_001775,ord_045045,prd_00001,unsatisfied,2025-03-16 03:44:37,pending
ret_001776,ord_045074,prd_00001,defective,2025-03-24 09:39:47,approved
ret_001777,ord_045184,prd_00703,defective,2025-04-05 05:37:09,approved
ret_001778,ord_045196,prd_00106,defective,2025-04-06 06:52:53,approved
ret_001779,ord_045204,prd_00282,defective,2025-04-09 08:11:19,approved
ret_001780,ord_045205,prd_00058,defective,2025-03-18 08:11:20,approved
ret_001781,ord_045238,prd_00023,wrong_item,2025-03-27 14:24:02,approved
ret_001782,ord_045267,prd_02286,defective,2025-04-09 20:09:40,approved
ret_001783,ord_045291,prd_00006,wrong_item,2025-04-10 23:56:12,approved
ret_001784,ord_045340,prd_00002,unsatisfied,2025-03-18 08:14:12,approved
ret_001785,ord_045345,prd_00003,delayed_delivery,2025-03-19 09:17:09,rejected
ret_001786,ord_045350,prd_00002,defective,2025-03-31 10:45:21,rejected
ret_001787,ord_045371,prd_02131,defective,2025-03-18 15:01:31,pending
ret_001788,ord_045388,prd_01177,wrong_item,2025-04-11 17:54:30,approved
ret_001789,ord_045422,prd_00134,wrong_item,2025-03-31 23:47:31,approved
ret_001790,ord_045437,prd_00137,defective,2025-04-03 03:57:47,approved
ret_001791,ord_045451,prd_00007,unsatisfied,2025-03-26 08:25:45,approved
ret_001792,ord_045493,prd_01493,unsatisfied,2025-03-23 18:32:52,approved
ret_001793,ord_045498,prd_00002,defective,2025-04-01 18:57:08,approved
ret_001794,ord_045502,prd_00342,wrong_item,2025-03-18 19:33:11,approved
ret_001795,ord_045507,prd_00182,defective,2025-03-20 20:23:21,approved
ret_001796,ord_045542,prd_00842,defective,2025-03-19 07:21:25,approved
ret_001797,ord_045553,prd_00464,wrong_item,2025-04-09 08:29:33,approved
ret_001798,ord_045671,prd_00006,wrong_item,2025-04-04 13:17:21,approved
ret_001799,ord_045672,prd_00452,unsatisfied,2025-03-31 13:17:39,approved
ret_001800,ord_045728,prd_00374,wrong_item,2025-04-05 02:29:15,approved
ret_001801,ord_045795,prd_00022,defective,2025-03-30 17:22:38,rejected
ret_001802,ord_045808,prd_00021,wrong_item,2025-04-01 19:14:19,pending
ret_001803,ord_045839,prd_00002,unsatisfied,2025-04-05 01:58:35,approved
ret_001804,ord_045861,prd_00308,wrong_item,2025-04-02 05:58:33,approved
ret_001805,ord_045881,prd_00534,unsatisfied,2025-04-11 09:32:19,approved
ret_001806,ord_045939,prd_00020,defective,2025-04-01 19:59:17,approved
ret_001807,ord_045956,prd_00016,wrong_item,2025-04-12 23:22:38,approved
ret_001808,ord_045991,prd_00132,defective,2025-04-15 05:29:07,approved
ret_001809,ord_046021,prd_00005,defective,2025-04-11 09:41:17,approved
ret_001810,ord_046031,prd_00040,wrong_item,2025-04-13 11:03:57,approved
ret_001811,ord_046043,prd_00001,unsatisfied,2025-03-26 12:50:43,approved
ret_001812,ord_046067,prd_00957,defective,2025-04-13 15:38:30,approved
ret_001813,ord_046099,prd_00846,defective,2025-04-02 20:26:46,approved
ret_001814,ord_046114,prd_00010,defective,2025-03-26 22:23:53,approved
ret_001815,ord_046130,prd_00060,defective,2025-04-11 00:46:40,rejected
ret_001816,ord_046164,prd_00011,delayed_delivery,2025-04-01 08:00:20,approved
ret_001817,ord_046180,prd_01255,unsatisfied,2025-04-10 10:44:10,approved
ret_001818,ord_046209,prd_00071,unsatisfied,2025-04-09 14:10:01,approved
ret_001819,ord_046223,prd_00024,unsatisfied,2025-04-14 15:58:32,approved
ret_001820,ord_046227,prd_00002,unsatisfied,2025-04-01 16:18:09,approved
ret_001821,ord_046245,prd_00629,unsatisfied,2025-03-25 19:07:16,approved
ret_001822,ord_046317,prd_00016,delayed_delivery,2025-03-27 11:41:18,approved
ret_001823,ord_046357,prd_00052,unsatisfied,2025-04-03 23:29:13,approved
ret_001824,ord_046367,prd_00369,defective,2025-04-19 03:09:12,approved
ret_001825,ord_046377,prd_00002,defective,2025-04-01 05:18:32,approved
ret_001826,ord_046393,prd_00012,unsatisfied,2025-04-07 08:17:50,approved
ret_001827,ord_046418,prd_00334,unsatisfied,2025-03-29 15:03:45,approved
ret_001828,ord_046423,prd_00368,wrong_item,2025-03-26 16:57:53,approved
ret_001829,ord_046424,prd_00001,defective,2025-04-20 17:01:21,rejected
ret_001830,ord_046441,prd_00040,wrong_item,2025-04-09 19:39:48,approved
ret_001831,ord_046460,prd_00078,delayed_delivery,2025-04-06 00:27:38,rejected
ret_001832,ord_046471,prd_00014,unsatisfied,2025-03-30 04:13:55,approved
ret_001833,ord_046486,prd_00016,delayed_delivery,2025-04-01 08:25:47,approved
ret_001834,ord_046504,prd_00066,unsatisfied,2025-03-29 13:31:13,approved
ret_001835,ord_046512,prd_00001,defective,2025-03-29 16:02:40,approved
ret_001836,ord_046547,prd_00983,delayed_delivery,2025-04-09 23:12:47,approved
ret_001837,ord_046604,prd_01141,wrong_item,2025-04-17 16:34:58,approved
ret_001838,ord_046617,prd_00007,wrong_item,2025-04-06 19:56:42,approved
ret_001839,ord_046624,prd_00002,defective,2025-04-05 22:19:40,approved
ret_001840,ord_046661,prd_00002,unsatisfied,2025-04-03 04:30:31,approved
ret_001841,ord_046667,prd_00660,defective,2025-04-02 05:54:36,pending
ret_001842,ord_046677,prd_00005,unsatisfied,2025-03-30 07:57:26,approved
ret_001843,ord_046693,prd_00003,defective,2025-03-31 10:59:55,pending
ret_001844,ord_046694,prd_00129,unsatisfied,2025-03-31 11:07:32,approved
ret_001845,ord_046712,prd_00758,defective,2025-04-20 13:17:38,approved
ret_001846,ord_046717,prd_00029,wrong_item,2025-04-07 14:04:23,approved
ret_001847,ord_046752,prd_00005,defective,2025-04-09 20:45:56,approved
ret_001848,ord_046791,prd_00931,wrong_item,2025-04-01 02:55:48,approved
ret_001849,ord_046797,prd_00409,unsatisfied,2025-04-22 04:47:46,rejected
ret_001850,ord_046823,prd_00596,wrong_item,2025-04-24 08:43:38,approved
ret_001851,ord_046846,prd_00004,unsatisfied,2025-03-31 12:53:46,approved
ret_001852,ord_046869,prd_00001,unsatisfied,2025-04-12 16:48:19,approved
ret_001853,ord_046869,prd_00038,defective,2025-04-08 16:48:19,approved
ret_001854,ord_046882,prd_00001,wrong_item,2025-04-12 20:07:08,approved
ret_001855,ord_046890,prd_00517,defective,2025-04-06 21:06:27,pending
ret_001856,ord_046903,prd_00281,defective,2025-04-18 00:14:25,approved
ret_001857,ord_046907,prd_00005,unsatisfied,2025-03-31 00:55:41,approved
ret_001858,ord_046915,prd_00025,defective,2025-04-01 02:28:15,approved
ret_001859,ord_046953,prd_00188,unsatisfied,2025-04-08 10:05:05,approved
ret_001860,ord_047027,prd_00005,defective,2025-04-17 22:44:36,approved
ret_001861,ord_047082,prd_01518,delayed_delivery,2025-04-15 11:28:27,approved
ret_001862,ord_047084,prd_00001,unsatisfied,2025-04-25 12:04:02,rejected
ret_001863,ord_047086,prd_00007,wrong_item,2025-04-10 12:34:00,approved
ret_001864,ord_047125,prd_00065,wrong_item,2025-04-22 22:08:24,approved
ret_001865,ord_047131,prd_00873,delayed_delivery,2025-04-23 00:16:25,approved
ret_001866,ord_047150,prd_00164,wrong_item,2025-04-24 06:29:41,approved
ret_001867,ord_047196,prd_01118,wrong_item,2025-04-13 20:42:40,approved
ret_001868,ord_047272,prd_01708,delayed_delivery,2025-04-14 16:28:35,approved
ret_001869,ord_047305,prd_00469,delayed_delivery,2025-04-13 01:22:29,approved
ret_001870,ord_047326,prd_00454,wrong_item,2025-04-27 07:35:25,approved
ret_001871,ord_047334,prd_00277,unsatisfied,2025-04-11 09:33:15,approved
ret_001872,ord_047372,prd_00117,unsatisfied,2025-04-09 21:28:42,approved
ret_001873,ord_047385,prd_00309,unsatisfied,2025-04-23 01:11:57,approved
ret_001874,ord_047399,prd_00779,unsatisfied,2025-04-30 04:29:59,rejected
ret_001875,ord_047442,prd_00001,defective,2025-04-21 10:24:01,approved
ret_001876,ord_047453,prd_00001,defective,2025-04-28 11:46:41,approved
ret_001877,ord_047462,prd_00033,wrong_item,2025-04-05 12:52:28,rejected
ret_001878,ord_047555,prd_00028,wrong_item,2025-04-17 08:06:58,approved
ret_001879,ord_047559,prd_00010,unsatisfied,2025-04-17 08:30:12,rejected
ret_001880,ord_047561,prd_00008,defective,2025-04-18 08:45:18,approved
ret_001881,ord_047562,prd_01801,defective,2025-04-29 08:51:42,rejected
ret_001882,ord_047609,prd_01550,unsatisfied,2025-04-29 19:16:30,approved
ret_001883,ord_047626,prd_00021,unsatisfied,2025-04-06 21:51:23,rejected
ret_001884,ord_047633,prd_00384,unsatisfied,2025-05-01 23:07:24,approved
ret_001885,ord_047646,prd_00002,defective,2025-04-29 01:15:00,approved
ret_001886,ord_047654,prd_00040,wrong_item,2025-04-30 02:10:11,approved
ret_001887,ord_047685,prd_00041,wrong_item,2025-04-29 06:50:24,approved
ret_001888,ord_047691,prd_01957,delayed_delivery,2025-04-18 08:24:41,approved
ret_001889,ord_047698,prd_02413,defective,2025-04-14 09:21:56,approved
ret_001890,ord_047811,prd_00057,defective,2025-04-09 08:35:39,approved
ret_001891,ord_047843,prd_01846,defective,2025-04-23 17:22:14,approved
ret_001892,ord_047913,prd_00006,unsatisfied,2025-04-21 11:36:34,approved
ret_001893,ord_047944,prd_00356,unsatisfied,2025-04-22 20:11:32,rejected
ret_001894,ord_047971,prd_00427,wrong_item,2025-04-20 04:19:07,approved
ret_001895,ord_048016,prd_00127,delayed_delivery,2025-05-01 15:26:11,approved
ret_001896,ord_048033,prd_01254,unsatisfied,2025-05-01 19:49:07,approved
ret_001897,ord_048077,prd_00012,wrong_item,2025-04-11 02:57:05,approved
ret_001898,ord_048158,prd_00132,unsatisfied,2025-04-27 20:23:18,approved
ret_001899,ord_048197,prd_00011,unsatisfied,2025-04-18 04:37:37,pending
ret_001900,ord_048198,prd_02452,defective,2025-04-30 04:52:51,rejected
ret_001901,ord_048210,prd_01582,unsatisfied,2025-04-25 06:20:29,rejected
ret_001902,ord_048298,prd_00082,unsatisfied,2025-04-23 20:43:20,approved
ret_001903,ord_048342,prd_00011,unsatisfied,2025-04-18 03:59:27,pending
ret_001904,ord_048439,prd_00001,unsatisfied,2025-04-19 00:42:23,approved
ret_001905,ord_048487,prd_00059,wrong_item,2025-04-24 09:05:16,approved
ret_001906,ord_048499,prd_00006,delayed_delivery,2025-05-09 11:09:37,rejected
ret_001907,ord_048526,prd_00002,defective,2025-04-25 16:11:50,approved
ret_001908,ord_048527,prd_00126,unsatisfied,2025-05-07 16:19:09,rejected
ret_001909,ord_048654,prd_00011,unsatisfied,2025-05-09 18:53:29,approved
ret_001910,ord_048683,prd_00006,unsatisfied,2025-04-24 01:10:30,approved
ret_001911,ord_048713,prd_00492,unsatisfied,2025-04-23 10:55:43,approved
ret_001912,ord_048732,prd_02268,delayed_delivery,2025-04-16 13:45:00,approved
ret_001913,ord_048747,prd_00065,delayed_delivery,2025-04-22 16:50:52,approved
ret_001914,ord_048749,prd_00561,defective,2025-04-18 17:38:42,approved
ret_001915,ord_048772,prd_00002,unsatisfied,2025-04-26 23:22:15,approved
ret_001916,ord_048774,prd_00002,delayed_delivery,2025-05-10 23:44:21,approved
ret_001917,ord_048797,prd_00158,wrong_item,2025-05-12 04:33:27,approved
ret_001918,ord_048811,prd_00001,defective,2025-04-27 08:11:25,approved
ret_001919,ord_048839,prd_00133,defective,2025-05-08 17:27:49,approved
ret_001920,ord_048841,prd_01019,unsatisfied,2025-04-25 19:00:58,approved
ret_001921,ord_048860,prd_01204,defective,2025-04-23 00:13:54,approved
ret_001922,ord_048883,prd_00001,defective,2025-05-02 06:15:44,approved
ret_001923,ord_048883,prd_00007,unsatisfied,2025-04-20 06:15:44,approved
ret_001924,ord_048900,prd_00150,delayed_delivery,2025-04-24 11:41:20,approved
ret_001925,ord_048954,prd_00140,wrong_item,2025-04-30 23:15:00,pending
ret_001926,ord_049045,prd_00011,wrong_item,2025-04-25 11:16:28,approved
ret_001927,ord_049093,prd_00001,delayed_delivery,2025-05-03 21:00:32,approved
ret_001928,ord_049128,prd_00556,defective,2025-05-08 02:44:38,approved
ret_001929,ord_049134,prd_00001,defective,2025-05-04 03:26:58,approved
ret_001930,ord_049189,prd_00718,defective,2025-04-28 13:37:01,approved
ret_001931,ord_049209,prd_01603,unsatisfied,2025-05-07 16:16:52,approved
ret_001932,ord_049209,prd_00001,defective,2025-04-22 16:16:52,approved
ret_001933,ord_049273,prd_00074,wrong_item,2025-04-27 02:20:27,approved
ret_001934,ord_049348,prd_00050,delayed_delivery,2025-04-30 16:01:54,approved
ret_001935,ord_049355,prd_00500,defective,2025-05-06 17:11:27,pending
ret_001936,ord_049357,prd_00233,unsatisfied,2025-05-15 17:52:24,approved
ret_001937,ord_049393,prd_00898,defective,2025-05-11 01:16:17,approved
ret_001938,ord_049444,prd_00010,unsatisfied,2025-04-29 12:43:20,rejected
ret_001939,ord_049451,prd_00002,unsatisfied,2025-04-29 14:05:26,approved
ret_001940,ord_049455,prd_00382,defective,2025-05-17 16:18:17,approved
ret_001941,ord_049487,prd_00011,wrong_item,2025-05-07 00:52:53,rejected
ret_001942,ord_049490,prd_00854,defective,2025-04-24 01:39:24,pending
ret_001943,ord_049497,prd_00482,unsatisfied,2025-04-25 03:52:27,approved
ret_001944,ord_049553,prd_00022,unsatisfied,2025-04-24 16:16:39,approved
ret_001945,ord_049592,prd_00143,wrong_item,2025-05-11 00:29:50,approved
ret_001946,ord_049635,prd_00001,defective,2025-05-09 10:13:24,approved
ret_001947,ord_049669,prd_00005,unsatisfied,2025-05-06 17:37:37,approved
ret_001948,ord_049675,prd_00304,unsatisfied,2025-04-24 19:50:46,approved
ret_001949,ord_049679,prd_00072,delayed_delivery,2025-04-30 20:46:58,approved
ret_001950,ord_049712,prd_00482,delayed_delivery,2025-04-29 04:47:55,approved
ret_001951,ord_049765,prd_00004,wrong_item,2025-05-19 22:08:40,approved
ret_001952,ord_049810,prd_00180,defective,2025-05-20 04:54:32,approved
ret_001953,ord_049845,prd_02029,defective,2025-04-30 12:03:40,approved
ret_001954,ord_049857,prd_01791,wrong_item,2025-04-29 14:54:31,approved
ret_001955,ord_049865,prd_00632,wrong_item,2025-04-27 16:17:57,approved
ret_001956,ord_049872,prd_00758,wrong_item,2025-05-14 17:14:09,approved
ret_001957,ord_049941,prd_00189,unsatisfied,2025-05-21 01:58:57,approved
ret_001958,ord_050012,prd_00030,delayed_delivery,2025-05-05 12:44:26,pending
ret_001959,ord_050013,prd_01495,defective,2025-05-19 12:50:46,approved
ret_001960,ord_050039,prd_00001,delayed_delivery,2025-05-08 14:50:59,approved
ret_001961,ord_050071,prd_00089,defective,2025-04-29 20:50:27,approved
ret_001962,ord_050123,prd_00086,wrong_item,2025-05-06 07:47:20,approved
ret_001963,ord_050143,prd_01740,defective,2025-05-09 11:44:53,approved
ret_001964,ord_050154,prd_01381,unsatisfied,2025-05-06 13:10:19,approved
ret_001965,ord_050171,prd_01747,defective,2025-05-05 16:32:47,approved
ret_001966,ord_050179,prd_00489,wrong_item,2025-05-19 17:36:25,approved
ret_001967,ord_050203,prd_00251,unsatisfied,2025-05-13 21:19:30,approved
ret_001968,ord_050242,prd_00818,wrong_item,2025-05-05 06:54:13,approved
ret_001969,ord_050269,prd_00005,delayed_delivery,2025-05-14 11:39:12,approved
ret_001970,ord_050278,prd_00005,wrong_item,2025-05-19 13:07:02,approved
ret_001971,ord_050305,prd_00062,delayed_delivery,2025-05-22 18:14:15,approved
ret_001972,ord_050316,prd_00469,defective,2025-05-10 21:08:10,rejected
ret_001973,ord_050323,prd_00147,defective,2025-04-30 22:49:06,approved
ret_001974,ord_050340,prd_00001,wrong_item,2025-05-20 03:11:33,approved
ret_001975,ord_050351,prd_00006,defective,2025-05-16 05:42:39,approved
ret_001976,ord_050438,prd_00002,defective,2025-05-21 01:26:17,approved
ret_001977,ord_050439,prd_00002,unsatisfied,2025-05-24 02:31:42,approved
ret_001978,ord_050521,prd_00001,unsatisfied,2025-05-01 20:48:07,approved
ret_001979,ord_050522,prd_00420,unsatisfied,2025-05-21 20:50:40,pending
ret_001980,ord_050534,prd_00049,defective,2025-05-11 23:12:49,approved
ret_001981,ord_050545,prd_00456,defective,2025-05-16 01:43:32,approved
ret_001982,ord_050608,prd_00017,unsatisfied,2025-05-12 18:53:04,approved
ret_001983,ord_050615,prd_00002,wrong_item,2025-05-21 21:00:52,approved
ret_001984,ord_050628,prd_00001,defective,2025-05-26 23:02:01,approved
ret_001985,ord_050685,prd_00002,delayed_delivery,2025-05-17 07:13:38,approved
ret_001986,ord_050691,prd_01954,defective,2025-05-24 09:13:20,approved
ret_001987,ord_050706,prd_00004,defective,2025-05-27 12:31:24,pending
ret_001988,ord_050744,prd_01147,unsatisfied,2025-05-13 18:57:38,approved
ret_001989,ord_050746,prd_00161,wrong_item,2025-05-27 19:08:34,approved
ret_001990,ord_050815,prd_00343,wrong_item,2025-05-14 08:56:10,approved
ret_001991,ord_050869,prd_00569,defective,2025-05-27 18:55:05,pending
ret_001992,ord_050887,prd_01320,unsatisfied,2025-05-16 22:15:58,approved
ret_001993,ord_050906,prd_00045,wrong_item,2025-05-09 00:44:24,approved
ret_001994,ord_050932,prd_00327,defective,2025-05-11 05:38:11,approved
ret_001995,ord_050954,prd_00253,unsatisfied,2025-05-15 09:04:25,approved
ret_001996,ord_050973,prd_00247,unsatisfied,2025-05-26 11:31:01,approved
ret_001997,ord_050990,prd_00110,defective,2025-05-29 14:56:19,approved
ret_001998,ord_051052,prd_00007,defective,2025-05-29 01:31:34,approved
ret_001999,ord_051083,prd_00396,defective,2025-05-21 07:55:27,approved
ret_002000,ord_051099,prd_00059,defective,2025-05-23 10:51:03,approved
ret_002001,ord_051125,prd_00015,unsatisfied,2025-05-30 17:13:30,rejected
ret_002002,ord_051148,prd_00018,delayed_delivery,2025-05-22 22:00:30,pending
ret_002003,ord_051164,prd_00002,wrong_item,2025-05-13 01:44:28,approved
ret_002004,ord_051175,prd_00150,defective,2025-05-14 03:46:57,approved
ret_002005,ord_051192,prd_01250,delayed_delivery,2025-05-26 07:32:31,approved
ret_002006,ord_051223,prd_00007,unsatisfied,2025-05-30 15:05:18,approved
ret_002007,ord_051245,prd_00002,defective,2025-05-11 20:39:06,approved
ret_002008,ord_051260,prd_00006,wrong_item,2025-05-26 22:44:59,approved
ret_002009,ord_051278,prd_01189,unsatisfied,2025-05-22 03:55:38,approved
ret_002010,ord_051304,prd_00052,unsatisfied,2025-05-19 11:55:55,approved
ret_002011,ord_051310,prd_00738,wrong_item,2025-05-16 13:30:50,approved
ret_002012,ord_051324,prd_02347,unsatisfied,2025-05-27 17:58:49,rejected
ret_002013,ord_051356,prd_00164,defective,2025-05-19 05:04:59,approved
ret_002014,ord_051365,prd_01694,unsatisfied,2025-05-21 07:25:50,approved
ret_002015,ord_051382,prd_00001,wrong_item,2025-05-31 11:26:05,approved
ret_002016,ord_051405,prd_02373,defective,2025-06-02 17:42:06,approved
ret_002017,ord_051421,prd_00002,defective,2025-05-10 22:14:24,approved
ret_002018,ord_051428,prd_01584,wrong_item,2025-05-28 22:54:10,approved
ret_002019,ord_051462,prd_00001,wrong_item,2025-05-30 04:38:25,rejected
ret_002020,ord_051486,prd_00018,defective,2025-05-23 09:04:36,approved
ret_002021,ord_051522,prd_00078,unsatisfied,2025-05-31 14:37:40,approved
ret_002022,ord_051565,prd_00073,defective,2025-06-04 21:28:09,approved
ret_002023,ord_051577,prd_00014,unsatisfied,2025-05-15 00:06:12,approved
ret_002024,ord_051587,prd_00087,wrong_item,2025-05-15 02:16:55,approved
ret_002025,ord_051590,prd_01031,unsatisfied,2025-05-16 03:01:46,pending
ret_002026,ord_051623,prd_02204,defective,2025-05-16 08:47:55,approved
ret_002027,ord_051640,prd_00001,wrong_item,2025-05-14 11:10:43,approved
ret_002028,ord_051648,prd_00453,wrong_item,2025-05-15 12:35:18,approved
ret_002029,ord_051673,prd_00839,unsatisfied,2025-05-28 17:23:37,approved
ret_002030,ord_051690,prd_00210,unsatisfied,2025-05-21 19:41:41,pending
ret_002031,ord_051757,prd_00152,defective,2025-05-18 07:47:51,approved
ret_002032,ord_051767,prd_00010,wrong_item,2025-06-03 12:22:51,approved
ret_002033,ord_051844,prd_00013,defective,2025-06-01 03:09:12,approved
ret_002034,ord_051866,prd_00483,unsatisfied,2025-05-20 09:11:21,approved
ret_002035,ord_051871,prd_00249,unsatisfied,2025-06-06 10:44:25,approved
ret_002036,ord_051897,prd_00064,wrong_item,2025-05-14 17:38:29,rejected
ret_002037,ord_051993,prd_00002,unsatisfied,2025-06-06 21:41:55,approved
ret_002038,ord_052006,prd_00017,defective,2025-05-15 23:55:34,approved
ret_002039,ord_052103,prd_00503,wrong_item,2025-05-26 21:45:16,approved
ret_002040,ord_052134,prd_01573,defective,2025-06-01 06:39:42,pending
ret_002041,ord_052149,prd_00011,unsatisfied,2025-06-02 10:29:16,approved
ret_002042,ord_052150,prd_00001,defective,2025-06-08 10:42:38,approved
ret_002043,ord_052156,prd_00010,defective,2025-05-23 12:49:25,approved
ret_002044,ord_052167,prd_00482,wrong_item,2025-05-16 14:02:25,approved
ret_002045,ord_052174,prd_01778,wrong_item,2025-05-28 15:14:52,pending
ret_002046,ord_052208,prd_00760,unsatisfied,2025-06-07 23:35:49,approved
ret_002047,ord_052254,prd_00024,wrong_item,2025-06-06 07:08:52,pending
ret_002048,ord_052321,prd_00001,unsatisfied,2025-05-20 19:12:31,approved
ret_002049,ord_052377,prd_00055,unsatisfied,2025-06-10 05:17:56,rejected
ret_002050,ord_052416,prd_00007,delayed_delivery,2025-06-09 12:53:36,approved
ret_002051,ord_052416,prd_02198,wrong_item,2025-05-18 12:53:36,approved
ret_002052,ord_052435,prd_01151,defective,2025-06-03 14:50:56,approved
ret_002053,ord_052487,prd_00721,unsatisfied,2025-05-29 00:48:38,approved
ret_002054,ord_052489,prd_00001,delayed_delivery,2025-06-10 01:01:19,approved
ret_002055,ord_052526,prd_00315,defective,2025-06-05 07:17:18,pending
ret_002056,ord_052527,prd_02445,delayed_delivery,2025-06-08 07:32:46,approved
ret_002057,ord_052574,prd_00002,defective,2025-06-01 16:38:16,approved
ret_002058,ord_052617,prd_00003,wrong_item,2025-06-02 00:00:51,approved
ret_002059,ord_052674,prd_00461,unsatisfied,2025-05-29 16:29:08,approved
ret_002060,ord_052719,prd_00008,unsatisfied,2025-06-09 03:16:52,approved
ret_002061,ord_052801,prd_00081,wrong_item,2025-05-31 02:37:13,approved
ret_002062,ord_052822,prd_00001,defective,2025-06-07 07:43:21,approved
ret_002063,ord_052823,prd_01538,defective,2025-05-26 07:44:06,approved
ret_002064,ord_052828,prd_00007,defective,2025-06-07 09:06:08,approved
ret_002065,ord_052829,prd_00959,delayed_delivery,2025-06-09 09:12:50,approved
ret_002066,ord_052842,prd_01225,unsatisfied,2025-06-01 12:26:44,approved
ret_002067,ord_052862,prd_00022,unsatisfied,2025-05-27 17:26:15,approved
ret_002068,ord_052875,prd_00153,unsatisfied,2025-05-25 19:56:51,approved
ret_002069,ord_052881,prd_00416,wrong_item,2025-05-29 21:43:19,approved
ret_002070,ord_052890,prd_01459,defective,2025-06-12 23:17:49,approved
ret_002071,ord_052897,prd_00005,defective,2025-05-29 00:07:31,approved
ret_002072,ord_052899,prd_00383,unsatisfied,2025-06-06 00:39:35,approved
ret_002073,ord_052904,prd_00095,defective,2025-05-28 02:26:31,approved
ret_002074,ord_052922,prd_00042,defective,2025-05-26 06:08:40,approved
ret_002075,ord_052923,prd_00430,wrong_item,2025-06-04 06:30:50,pending
ret_002076,ord_052939,prd_00007,defective,2025-06-14 10:12:51,approved
ret_002077,ord_052958,prd_00004,defective,2025-06-12 17:23:08,approved
ret_002078,ord_053026,prd_00127,wrong_item,2025-05-29 08:51:58,approved
ret_002079,ord_053026,prd_00279,defective,2025-06-08 08:51:58,pending
ret_002080,ord_053050,prd_00002,defective,2025-06-10 13:50:07,rejected
ret_002081,ord_053069,prd_00033,unsatisfied,2025-06-03 17:09:56,approved
ret_002082,ord_053077,prd_01130,unsatisfied,2025-06-13 18:41:05,rejected
ret_002083,ord_053083,prd_00858,defective,2025-06-05 19:22:42,approved
ret_002084,ord_053105,prd_00029,unsatisfied,2025-06-03 23:56:55,approved
ret_002085,ord_053108,prd_00144,defective,2025-05-30 00:19:06,approved
ret_002086,ord_053121,prd_00001,wrong_item,2025-06-11 02:07:56,approved
ret_002087,ord_053132,prd_00037,wrong_item,2025-06-06 03:24:34,approved
ret_002088,ord_053161,prd_00014,wrong_item,2025-06-02 09:49:11,approved
ret_002089,ord_053219,prd_00038,unsatisfied,2025-05-29 20:47:47,approved
ret_002090,ord_053226,prd_00453,defective,2025-06-09 21:58:14,approved
ret_002091,ord_053255,prd_00009,unsatisfied,2025-06-11 04:17:28,approved
ret_002092,ord_053260,prd_00001,defective,2025-05-26 05:27:35,approved
ret_002093,ord_053268,prd_00178,wrong_item,2025-06-19 06:47:40,rejected
ret_002094,ord_053319,prd_00002,defective,2025-06-06 13:08:41,approved
ret_002095,ord_053334,prd_00002,unsatisfied,2025-05-31 17:18:10,approved
ret_002096,ord_053361,prd_00143,defective,2025-06-18 20:58:36,approved
ret_002097,ord_053365,prd_00006,unsatisfied,2025-06-17 21:33:27,approved
ret_002098,ord_053393,prd_01166,wrong_item,2025-05-28 02:48:28,approved
ret_002099,ord_053435,prd_00089,defective,2025-05-30 15:25:11,approved
ret_002100,ord_053446,prd_00006,wrong_item,2025-06-14 18:44:13,approved
ret_002101,ord_053451,prd_00209,defective,2025-05-31 19:26:13,approved
ret_002102,ord_053499,prd_00011,delayed_delivery,2025-06-11 06:23:36,approved
ret_002103,ord_053534,prd_00291,wrong_item,2025-06-02 11:51:52,approved
ret_002104,ord_053562,prd_00480,unsatisfied,2025-05-30 18:50:59,approved
ret_002105,ord_053568,prd_01322,unsatisfied,2025-06-04 21:57:35,approved
ret_002106,ord_053573,prd_00012,defective,2025-06-13 22:27:29,approved
ret_002107,ord_053582,prd_00002,wrong_item,2025-06-12 00:35:30,approved
ret_002108,ord_053606,prd_00021,defective,2025-05-29 05:35:23,approved
ret_002109,ord_053611,prd_00003,defective,2025-06-22 06:35:28,approved
ret_002110,ord_053611,prd_00006,unsatisfied,2025-06-01 06:35:28,approved
ret_002111,ord_053678,prd_01795,unsatisfied,2025-05-31 19:43:02,approved
ret_002112,ord_053689,prd_00002,defective,2025-06-14 21:22:44,approved
ret_002113,ord_053710,prd_00011,unsatisfied,2025-06-12 03:15:50,approved
ret_002114,ord_053751,prd_00287,unsatisfied,2025-06-03 10:49:14,approved
ret_002115,ord_053786,prd_00058,unsatisfied,2025-06-20 21:06:31,approved
ret_002116,ord_053795,prd_00010,defective,2025-06-19 22:10:59,approved
ret_002117,ord_053843,prd_00013,wrong_item,2025-06-14 08:27:30,approved
ret_002118,ord_053854,prd_00760,delayed_delivery,2025-06-12 10:50:02,approved
ret_002119,ord_053864,prd_00001,defective,2025-06-01 12:20:32,approved
ret_002120,ord_053866,prd_01328,wrong_item,2025-06-06 12:38:36,rejected
ret_002121,ord_053868,prd_00101,wrong_item,2025-06-25 12:59:46,approved
ret_002122,ord_053871,prd_02315,delayed_delivery,2025-06-03 13:29:27,rejected
ret_002123,ord_053873,prd_00005,defective,2025-06-07 14:06:45,rejected
ret_002124,ord_053876,prd_01798,defective,2025-06-23 14:21:56,approved
ret_002125,ord_053876,prd_02172,delayed_delivery,2025-06-06 14:21:56,approved
ret_002126,ord_053889,prd_00073,unsatisfied,2025-06-02 16:32:40,approved
ret_002127,ord_053927,prd_00001,defective,2025-06-05 23:30:22,approved
ret_002128,ord_053999,prd_00071,defective,2025-06-02 09:53:49,approved
ret_002129,ord_054035,prd_01506,delayed_delivery,2025-06-18 16:19:17,approved
ret_002130,ord_054072,prd_00388,unsatisfied,2025-06-24 23:28:58,approved
ret_002131,ord_054111,prd_00064,wrong_item,2025-06-22 05:51:03,approved
ret_002132,ord_054120,prd_00018,wrong_item,2025-06-26 06:37:31,approved
ret_002133,ord_054128,prd_00051,defective,2025-06-24 07:36:52,approved
ret_002134,ord_054145,prd_00078,defective,2025-06-09 10:13:38,approved
ret_002135,ord_054150,prd_01246,delayed_delivery,2025-06-06 10:32:50,approved
ret_002136,ord_054166,prd_00006,defective,2025-06-03 12:14:51,approved
ret_002137,ord_054168,prd_00005,wrong_item,2025-06-11 12:27:02,approved
ret_002138,ord_054208,prd_01181,wrong_item,2025-06-12 20:39:07,approved
ret_002139,ord_054227,prd_00180,wrong_item,2025-06-13 00:10:46,approved
ret_002140,ord_054255,prd_00006,wrong_item,2025-06-04 07:08:08,approved
ret_002141,ord_054293,prd_01103,delayed_delivery,2025-06-07 17:03:19,rejected
ret_002142,ord_054299,prd_00194,unsatisfied,2025-06-22 17:25:00,approved
ret_002143,ord_054314,prd_00022,defective,2025-06-03 20:44:22,approved
ret_002144,ord_054337,prd_00006,defective,2025-06-13 01:24:12,approved
ret_002145,ord_054362,prd_00001,defective,2025-06-10 07:57:46,pending
ret_002146,ord_054443,prd_02141,wrong_item,2025-06-15 03:48:44,approved
ret_002147,ord_054444,prd_00011,defective,2025-06-27 04:03:20,approved
ret_002148,ord_054447,prd_01004,defective,2025-06-28 04:43:40,approved
ret_002149,ord_054448,prd_01311,unsatisfied,2025-06-14 05:08:11,approved
ret_002150,ord_054492,prd_00504,unsatisfied,2025-06-30 14:46:01,rejected
ret_002151,ord_054506,prd_00002,unsatisfied,2025-06-25 17:44:50,approved
ret_002152,ord_054512,prd_00293,wrong_item,2025-06-27 18:29:30,approved
ret_002153,ord_054516,prd_01727,wrong_item,2025-06-08 19:05:32,approved
ret_002154,ord_054565,prd_00042,wrong_item,2025-06-18 04:53:30,pending
ret_002155,ord_054593,prd_00002,delayed_delivery,2025-06-17 12:28:12,approved
ret_002156,ord_054609,prd_00177,wrong_item,2025-07-01 15:58:32,approved
ret_002157,ord_054628,prd_00003,wrong_item,2025-06-09 21:22:04,pending
ret_002158,ord_054644,prd_01020,defective,2025-06-27 00:47:09,approved
ret_002159,ord_054647,prd_00041,delayed_delivery,2025-06-16 01:36:50,approved
ret_002160,ord_054668,prd_00396,defective,2025-06-19 05:03:00,approved
ret_002161,ord_054733,prd_01448,defective,2025-06-15 16:27:03,rejected
ret_002162,ord_054733,prd_00027,unsatisfied,2025-06-23 16:27:03,approved
ret_002163,ord_054772,prd_00005,unsatisfied,2025-06-19 23:16:00,rejected
ret_002164,ord_054789,prd_00308,unsatisfied,2025-06-11 03:19:04,approved
ret_002165,ord_054840,prd_02050,wrong_item,2025-06-23 11:16:05,approved
ret_002166,ord_054893,prd_00124,unsatisfied,2025-06-23 19:42:11,approved
ret_002167,ord_054894,prd_00005,defective,2025-06-13 20:03:58,approved
ret_002168,ord_054903,prd_00007,defective,2025-06-10 21:27:01,approved
ret_002169,ord_054948,prd_00016,unsatisfied,2025-06-13 03:26:07,approved
ret_002170,ord_054951,prd_00007,delayed_delivery,2025-06-12 04:17:43,rejected
ret_002171,ord_054963,prd_00378,wrong_item,2025-06-23 05:55:54,approved
ret_002172,ord_054965,prd_00474,unsatisfied,2025-06-16 06:28:06,pending
ret_002173,ord_055012,prd_00029,wrong_item,2025-06-14 12:50:09,approved
ret_002174,ord_055031,prd_00007,defective,2025-06-15 15:53:17,approved
ret_002175,ord_055062,prd_00011,unsatisfied,2025-06-16 20:38:03,approved
ret_002176,ord_055096,prd_00002,unsatisfied,2025-06-10 03:25:04,rejected
ret_002177,ord_055116,prd_00002,defective,2025-07-04 09:00:50,approved
ret_002178,ord_055133,prd_00021,unsatisfied,2025-06-22 13:55:12,approved
ret_002179,ord_055143,prd_00001,wrong_item,2025-06-18 16:48:51,approved
ret_002180,ord_055168,prd_00295,unsatisfied,2025-06-28 22:49:54,rejected
ret_002181,ord_055190,prd_00842,defective,2025-06-13 02:59:44,approved
ret_002182,ord_055213,prd_00002,defective,2025-07-05 09:53:22,pending
ret_002183,ord_055239,prd_00036,defective,2025-07-06 16:11:04,approved
ret_002184,ord_055312,prd_00001,defective,2025-07-06 09:00:21,approved
ret_002185,ord_055375,prd_00067,defective,2025-06-26 02:40:34,approved
ret_002186,ord_055392,prd_00003,unsatisfied,2025-06-24 06:06:14,approved
ret_002187,ord_055450,prd_00002,wrong_item,2025-06-23 18:29:11,approved
ret_002188,ord_055455,prd_00001,wrong_item,2025-06-23 20:13:37,approved
ret_002189,ord_055591,prd_01340,defective,2025-06-25 22:41:52,approved
ret_002190,ord_055618,prd_00071,unsatisfied,2025-07-06 02:22:34,approved
ret_002191,ord_055655,prd_00001,defective,2025-06-21 10:46:17,approved
ret_002192,ord_055680,prd_00067,unsatisfied,2025-06-19 13:55:06,approved
ret_002193,ord_055736,prd_01771,unsatisfied,2025-07-04 00:21:57,approved
ret_002194,ord_055776,prd_00281,wrong_item,2025-06-28 05:32:31,approved
ret_002195,ord_055785,prd_00040,defective,2025-07-07 07:30:56,approved
ret_002196,ord_055794,prd_01733,defective,2025-07-05 08:46:57,approved
ret_002197,ord_055820,prd_01680,delayed_delivery,2025-07-07 14:02:09,approved
ret_002198,ord_055889,prd_02015,unsatisfied,2025-06-30 00:54:05,approved
ret_002199,ord_055892,prd_00015,defective,2025-06-22 01:39:59,approved
ret_002200,ord_055916,prd_00070,defective,2025-07-07 06:31:00,rejected
ret_002201,ord_055954,prd_00007,unsatisfied,2025-06-17 16:22:48,approved
ret_002202,ord_056003,prd_00198,delayed_delivery,2025-06-19 04:04:56,approved
ret_002203,ord_056033,prd_00071,unsatisfied,2025-06-27 13:33:30,approved
ret_002204,ord_056040,prd_00413,delayed_delivery,2025-06-27 15:19:32,approved
ret_002205,ord_056097,prd_00016,wrong_item,2025-06-19 04:03:05,approved
ret_002206,ord_056105,prd_01346,unsatisfied,2025-07-13 06:55:24,approved
ret_002207,ord_056130,prd_01441,defective,2025-07-04 13:51:57,approved
ret_002208,ord_056144,prd_00001,wrong_item,2025-06-28 17:42:01,approved
ret_002209,ord_056147,prd_00001,unsatisfied,2025-07-04 18:27:06,rejected
ret_002210,ord_056150,prd_00001,defective,2025-07-07 20:54:07,approved
ret_002211,ord_056169,prd_00003,wrong_item,2025-07-09 03:00:46,approved
ret_002212,ord_056281,prd_00051,delayed_delivery,2025-07-14 05:41:19,approved
ret_002213,ord_056297,prd_00001,defective,2025-07-04 08:58:10,approved
ret_002214,ord_056329,prd_00001,wrong_item,2025-06-25 15:07:53,approved
ret_002215,ord_056345,prd_00035,wrong_item,2025-07-02 17:32:53,approved
ret_002216,ord_056363,prd_00007,unsatisfied,2025-06-29 20:08:10,approved
ret_002217,ord_056373,prd_01357,wrong_item,2025-06-22 21:32:13,approved
ret_002218,ord_056379,prd_00479,wrong_item,2025-07-12 22:07:58,approved
ret_002219,ord_056383,prd_00068,unsatisfied,2025-07-11 23:23:53,approved
ret_002220,ord_056432,prd_00814,defective,2025-06-25 07:48:42,approved
ret_002221,ord_056432,prd_00010,wrong_item,2025-07-12 07:48:42,approved
ret_002222,ord_056470,prd_01318,wrong_item,2025-07-01 15:23:15,approved
ret_002223,ord_056511,prd_00636,defective,2025-06-23 21:16:39,approved
ret_002224,ord_056539,prd_00414,defective,2025-07-05 01:36:04,approved
ret_002225,ord_056575,prd_00020,delayed_delivery,2025-06-29 06:51:57,approved
ret_002226,ord_056606,prd_00033,defective,2025-06-23 11:38:47,approved
ret_002227,ord_056609,prd_00043,wrong_item,2025-07-10 12:04:50,approved
ret_002228,ord_056623,prd_00010,unsatisfied,2025-07-18 14:34:45,approved
ret_002229,ord_056629,prd_00248,wrong_item,2025-06-27 15:53:34,approved
ret_002230,ord_056639,prd_00008,unsatisfied,2025-07-08 18:00:22,approved
ret_002231,ord_056640,prd_00073,unsatisfied,2025-07-12 18:06:43,rejected
ret_002232,ord_056650,prd_00003,wrong_item,2025-06-24 19:43:22,approved
ret_002233,ord_056674,prd_00010,defective,2025-07-06 00:00:01,approved
ret_002234,ord_056695,prd_01543,delayed_delivery,2025-07-05 03:35:01,approved
ret_002235,ord_056711,prd_00092,unsatisfied,2025-07-09 06:28:35,approved
ret_002236,ord_056761,prd_00067,unsatisfied,2025-07-19 19:38:20,pending
ret_002237,ord_056765,prd_00240,defective,2025-06-27 20:41:45,rejected
ret_002238,ord_056809,prd_00367,wrong_item,2025-06-28 04:05:16,approved
ret_002239,ord_056918,prd_01740,wrong_item,2025-07-13 01:58:41,approved
ret_002240,ord_056933,prd_00118,unsatisfied,2025-07-18 06:18:17,approved
ret_002241,ord_056944,prd_00410,unsatisfied,2025-07-08 09:20:50,approved
ret_002242,ord_056949,prd_00001,wrong_item,2025-07-07 11:38:38,pending
ret_002243,ord_056950,prd_00005,unsatisfied,2025-07-19 11:39:38,approved
ret_002244,ord_056963,prd_01592,defective,2025-07-20 13:42:48,approved
ret_002245,ord_056971,prd_00551,wrong_item,2025-07-02 16:19:57,approved
ret_002246,ord_056979,prd_00073,defective,2025-07-02 18:27:47,approved
ret_002247,ord_056992,prd_00005,unsatisfied,2025-07-14 22:35:21,pending
ret_002248,ord_057019,prd_00002,defective,2025-06-28 03:38:23,approved
ret_002249,ord_057049,prd_01366,unsatisfied,2025-07-12 13:09:31,approved
ret_002250,ord_057056,prd_00259,unsatisfied,2025-07-21 14:47:43,approved
ret_002251,ord_057122,prd_00003,unsatisfied,2025-07-11 04:14:23,approved
ret_002252,ord_057158,prd_00258,unsatisfied,2025-07-15 09:32:41,approved
ret_002253,ord_057180,prd_00014,unsatisfied,2025-07-14 13:21:16,approved
ret_002254,ord_057180,prd_01689,wrong_item,2025-07-11 13:21:16,approved
ret_002255,ord_057187,prd_00007,delayed_delivery,2025-07-14 14:49:14,approved
ret_002256,ord_057208,prd_00006,unsatisfied,2025-07-05 18:29:50,approved
ret_002257,ord_057209,prd_00897,unsatisfied,2025-07-05 18:38:22,approved
ret_002258,ord_057216,prd_00392,wrong_item,2025-07-13 19:44:39,pending
ret_002259,ord_057249,prd_00143,defective,2025-07-03 23:48:45,approved
ret_002260,ord_057305,prd_00001,defective,2025-07-22 10:17:38,approved
ret_002261,ord_057321,prd_02119,wrong_item,2025-07-13 12:20:38,approved
ret_002262,ord_057359,prd_00736,unsatisfied,2025-07-23 16:38:06,approved
ret_002263,ord_057395,prd_00001,delayed_delivery,2025-07-13 22:54:05,approved
ret_002264,ord_057420,prd_00002,defective,2025-07-11 03:11:37,approved
ret_002265,ord_057423,prd_00006,unsatisfied,2025-07-07 03:33:31,approved
ret_002266,ord_057424,prd_00903,wrong_item,2025-07-05 03:38:20,approved
ret_002267,ord_057425,prd_00067,unsatisfied,2025-07-10 03:38:58,approved
ret_002268,ord_057504,prd_01375,defective,2025-07-11 15:13:25,approved
ret_002269,ord_057580,prd_00712,wrong_item,2025-07-01 06:33:19,approved
ret_002270,ord_057606,prd_00006,unsatisfied,2025-07-25 14:01:33,approved
ret_002271,ord_057612,prd_00286,defective,2025-07-13 15:41:05,approved
ret_002272,ord_057676,prd_00164,defective,2025-07-18 06:48:13,approved
ret_002273,ord_057698,prd_00941,wrong_item,2025-07-24 11:13:38,approved
ret_002274,ord_057710,prd_00130,unsatisfied,2025-07-27 14:32:53,approved
ret_002275,ord_057718,prd_00204,delayed_delivery,2025-07-09 16:54:29,approved
ret_002276,ord_057730,prd_00033,unsatisfied,2025-07-17 20:38:47,pending
ret_002277,ord_057730,prd_00136,wrong_item,2025-07-09 20:38:47,approved
ret_002278,ord_057733,prd_00848,wrong_item,2025-07-25 20:58:44,approved
ret_002279,ord_057756,prd_00651,defective,2025-07-06 03:52:20,approved
ret_002280,ord_057820,prd_00001,unsatisfied,2025-07-18 15:16:58,approved
ret_002281,ord_057913,prd_00150,defective,2025-07-11 13:33:04,approved
ret_002282,ord_058003,prd_00327,delayed_delivery,2025-07-30 07:49:50,approved
ret_002283,ord_058014,prd_00014,unsatisfied,2025-07-29 09:29:30,approved
ret_002284,ord_058018,prd_01044,delayed_delivery,2025-07-12 10:04:50,approved
ret_002285,ord_058072,prd_00003,unsatisfied,2025-07-26 19:40:28,approved
ret_002286,ord_058106,prd_00010,delayed_delivery,2025-07-24 02:19:58,approved
ret_002287,ord_058110,prd_00022,unsatisfied,2025-07-25 02:30:57,approved
ret_002288,ord_058143,prd_00596,defective,2025-07-15 06:56:30,approved
ret_002289,ord_058182,prd_00051,wrong_item,2025-07-28 13:20:29,approved
ret_002290,ord_058183,prd_00002,delayed_delivery,2025-07-20 13:38:24,approved
ret_002291,ord_058249,prd_00106,defective,2025-07-08 01:25:49,approved
ret_002292,ord_058294,prd_00006,defective,2025-07-10 09:01:50,approved
ret_002293,ord_058303,prd_01380,defective,2025-07-21 09:43:17,approved
ret_002294,ord_058322,prd_00253,delayed_delivery,2025-07-14 12:57:03,approved
ret_002295,ord_058327,prd_00077,wrong_item,2025-07-20 13:49:55,pending
ret_002296,ord_058337,prd_00222,wrong_item,2025-07-11 15:46:58,approved
ret_002297,ord_058337,prd_00010,wrong_item,2025-07-13 15:46:58,approved
ret_002298,ord_058371,prd_00002,unsatisfied,2025-07-08 19:41:04,approved
ret_002299,ord_058379,prd_00010,defective,2025-07-25 20:53:41,approved
ret_002300,ord_058399,prd_00004,defective,2025-07-18 00:28:38,approved
ret_002301,ord_058437,prd_00043,defective,2025-07-28 08:56:26,approved
ret_002302,ord_058459,prd_00001,unsatisfied,2025-07-29 13:33:27,approved
ret_002303,ord_058473,prd_00005,wrong_item,2025-07-13 15:00:30,approved
ret_002304,ord_058504,prd_00274,defective,2025-07-21 22:23:43,approved
ret_002305,ord_058525,prd_01164,wrong_item,2025-08-01 03:02:47,rejected
ret_002306,ord_058567,prd_01477,wrong_item,2025-07-26 10:30:36,approved
ret_002307,ord_058667,prd_00348,wrong_item,2025-07-11 10:23:39,approved
ret_002308,ord_058674,prd_00011,delayed_delivery,2025-07-11 11:50:29,approved
ret_002309,ord_058679,prd_01464,unsatisfied,2025-07-13 13:42:02,approved
ret_002310,ord_058716,prd_00014,defective,2025-07-28 23:52:07,rejected
ret_002311,ord_058716,prd_01104,unsatisfied,2025-07-25 23:52:07,approved
ret_002312,ord_058750,prd_00515,defective,2025-07-29 08:29:08,approved
ret_002313,ord_058757,prd_02474,wrong_item,2025-07-20 10:09:47,approved
ret_002314,ord_058761,prd_00036,defective,2025-07-18 11:10:34,approved
ret_002315,ord_058809,prd_00001,delayed_delivery,2025-07-16 21:18:32,approved
ret_002316,ord_058824,prd_00572,unsatisfied,2025-07-25 01:22:26,rejected
ret_002317,ord_058865,prd_00001,defective,2025-07-21 08:47:41,approved
ret_002318,ord_058924,prd_00014,defective,2025-07-20 18:43:28,approved
ret_002319,ord_058937,prd_00002,delayed_delivery,2025-07-22 22:39:14,approved
ret_002320,ord_058971,prd_00040,defective,2025-07-24 04:33:42,approved
ret_002321,ord_058974,prd_00829,wrong_item,2025-07-18 05:12:41,approved
ret_002322,ord_058975,prd_00034,wrong_item,2025-07-21 05:27:10,approved
ret_002323,ord_058988,prd_00950,defective,2025-08-01 07:44:38,approved
ret_002324,ord_059005,prd_00270,defective,2025-08-07 10:06:47,rejected
ret_002325,ord_059008,prd_00589,defective,2025-07-18 10:45:51,pending
ret_002326,ord_059026,prd_01682,wrong_item,2025-08-02 13:01:20,approved
ret_002327,ord_059046,prd_00961,delayed_delivery,2025-08-05 17:04:56,pending
ret_002328,ord_059050,prd_00001,unsatisfied,2025-08-03 18:04:34,approved
ret_002329,ord_059055,prd_00398,defective,2025-07-25 18:26:43,pending
ret_002330,ord_059072,prd_00001,defective,2025-07-16 20:49:59,approved
ret_002331,ord_059179,prd_00432,unsatisfied,2025-07-29 14:16:43,approved
ret_002332,ord_059190,prd_00528,defective,2025-07-24 16:16:54,approved
ret_002333,ord_059199,prd_00017,delayed_delivery,2025-07-24 17:31:23,approved
ret_002334,ord_059201,prd_00023,wrong_item,2025-08-03 17:53:20,rejected
ret_002335,ord_059233,prd_00182,delayed_delivery,2025-07-27 23:34:28,approved
ret_002336,ord_059243,prd_00821,unsatisfied,2025-07-19 02:03:54,approved
ret_002337,ord_059272,prd_00004,wrong_item,2025-07-18 08:03:36,approved
ret_002338,ord_059278,prd_00014,defective,2025-07-27 09:49:28,rejected
ret_002339,ord_059284,prd_00001,defective,2025-07-26 11:08:52,approved
ret_002340,ord_059311,prd_01891,defective,2025-07-28 17:03:26,approved
ret_002341,ord_059313,prd_00183,wrong_item,2025-08-03 17:18:51,approved
ret_002342,ord_059325,prd_00073,delayed_delivery,2025-07-22 20:28:15,approved
ret_002343,ord_059379,prd_00583,wrong_item,2025-07-22 08:51:16,approved
ret_002344,ord_059445,prd_02229,unsatisfied,2025-08-01 01:37:56,approved
ret_002345,ord_059484,prd_00406,wrong_item,2025-07-26 09:48:58,approved
ret_002346,ord_059511,prd_01375,defective,2025-07-30 16:58:26,approved
ret_002347,ord_059522,prd_00041,defective,2025-07-21 18:54:43,rejected
ret_002348,ord_059532,prd_00072,defective,2025-07-18 20:37:18,approved
ret_002349,ord_059544,prd_00001,wrong_item,2025-08-03 23:01:52,approved
ret_002350,ord_059593,prd_00042,delayed_delivery,2025-07-24 11:57:42,approved
ret_002351,ord_059603,prd_00001,defective,2025-07-24 13:40:16,approved
ret_002352,ord_059643,prd_01533,wrong_item,2025-08-06 00:00:39,approved
ret_002353,ord_059647,prd_00070,wrong_item,2025-08-01 00:44:10,approved
ret_002354,ord_059675,prd_00847,defective,2025-07-25 05:44:47,approved
ret_002355,ord_059690,prd_00173,wrong_item,2025-07-28 09:09:33,approved
ret_002356,ord_059726,prd_00001,defective,2025-07-23 16:02:53,approved
ret_002357,ord_059728,prd_00076,wrong_item,2025-08-08 16:22:12,approved
ret_002358,ord_059736,prd_00011,delayed_delivery,2025-07-31 17:44:50,approved
ret_002359,ord_059800,prd_00057,defective,2025-08-10 05:03:23,approved
ret_002360,ord_059816,prd_00223,unsatisfied,2025-08-04 07:19:03,approved
ret_002361,ord_059853,prd_01777,wrong_item,2025-08-10 14:43:26,approved
ret_002362,ord_059872,prd_00011,unsatisfied,2025-08-08 17:02:30,approved
ret_002363,ord_059875,prd_00002,wrong_item,2025-07-20 17:15:17,pending
ret_002364,ord_059914,prd_00063,unsatisfied,2025-07-24 23:54:54,rejected
ret_002365,ord_060018,prd_00001,defective,2025-07-27 18:26:21,pending
ret_002366,ord_060072,prd_00046,wrong_item,2025-07-27 03:53:38,approved
ret_002367,ord_060088,prd_00001,unsatisfied,2025-08-07 07:19:20,approved
ret_002368,ord_060228,prd_00002,unsatisfied,2025-08-07 18:12:04,pending
ret_002369,ord_060233,prd_00003,defective,2025-08-10 18:32:58,approved
ret_002370,ord_060303,prd_00001,unsatisfied,2025-08-12 10:35:07,approved
ret_002371,ord_060326,prd_00001,unsatisfied,2025-07-26 16:09:46,approved
ret_002372,ord_060387,prd_00095,unsatisfied,2025-08-16 09:23:42,approved
ret_002373,ord_060406,prd_00002,wrong_item,2025-08-03 13:18:11,approved
ret_002374,ord_060422,prd_00828,unsatisfied,2025-08-04 17:46:18,approved
ret_002375,ord_060436,prd_00006,unsatisfied,2025-08-10 21:16:18,approved
ret_002376,ord_060490,prd_01844,wrong_item,2025-08-07 09:43:36,approved
ret_002377,ord_060547,prd_00585,unsatisfied,2025-08-15 19:24:59,approved
ret_002378,ord_060554,prd_00142,wrong_item,2025-07-30 19:51:01,approved
ret_002379,ord_060585,prd_01026,wrong_item,2025-08-09 00:20:21,approved
ret_002380,ord_060702,prd_00860,wrong_item,2025-08-01 19:39:45,approved
ret_002381,ord_060702,prd_00080,defective,2025-08-07 19:39:45,approved
ret_002382,ord_060737,prd_00020,defective,2025-08-16 00:11:56,approved
ret_002383,ord_060770,prd_00002,defective,2025-08-11 05:23:52,rejected
ret_002384,ord_060800,prd_00001,defective,2025-08-06 10:31:37,approved
ret_002385,ord_060836,prd_00008,wrong_item,2025-08-17 16:35:49,rejected
ret_002386,ord_060860,prd_00005,defective,2025-08-06 22:05:53,approved
ret_002387,ord_060865,prd_00575,defective,2025-08-21 23:16:54,approved
ret_002388,ord_060988,prd_01422,wrong_item,2025-08-22 06:37:40,pending
ret_002389,ord_060992,prd_00101,wrong_item,2025-08-09 08:30:22,approved
ret_002390,ord_060996,prd_00005,unsatisfied,2025-08-03 09:28:29,approved
ret_002391,ord_061016,prd_00029,defective,2025-08-24 14:32:07,approved
ret_002392,ord_061030,prd_00001,delayed_delivery,2025-07-31 17:00:47,approved
ret_002393,ord_061052,prd_00002,wrong_item,2025-08-18 21:20:55,approved
ret_002394,ord_061079,prd_00001,unsatisfied,2025-08-10 03:51:51,rejected
ret_002395,ord_061119,prd_00129,wrong_item,2025-08-24 12:11:06,approved
ret_002396,ord_061135,prd_00022,wrong_item,2025-08-03 14:48:30,approved
ret_002397,ord_061155,prd_00449,defective,2025-08-04 19:13:18,rejected
ret_002398,ord_061187,prd_01302,unsatisfied,2025-08-18 05:44:40,approved
ret_002399,ord_061205,prd_00001,wrong_item,2025-08-07 09:07:55,approved
ret_002400,ord_061232,prd_00010,wrong_item,2025-08-14 16:05:20,approved
ret_002401,ord_061248,prd_00196,defective,2025-08-08 20:06:30,approved
ret_002402,ord_061258,prd_02140,defective,2025-08-22 22:26:05,rejected
ret_002403,ord_061259,prd_00063,unsatisfied,2025-08-12 22:29:06,approved
ret_002404,ord_061287,prd_02435,unsatisfied,2025-08-26 04:29:50,approved
ret_002405,ord_061385,prd_00005,wrong_item,2025-08-12 19:49:21,approved
ret_002406,ord_061403,prd_00511,delayed_delivery,2025-08-10 22:14:08,approved
ret_002407,ord_061460,prd_00498,defective,2025-08-13 08:01:33,approved
ret_002408,ord_061468,prd_00545,wrong_item,2025-08-18 08:35:16,approved
ret_002409,ord_061475,prd_00007,delayed_delivery,2025-08-16 09:54:57,approved
ret_002410,ord_061489,prd_00523,unsatisfied,2025-08-17 11:47:54,approved
ret_002411,ord_061491,prd_00089,wrong_item,2025-08-16 11:58:23,approved
ret_002412,ord_061499,prd_00240,unsatisfied,2025-08-27 13:29:57,approved
ret_002413,ord_061510,prd_02216,wrong_item,2025-08-18 16:28:58,approved
ret_002414,ord_061525,prd_00078,defective,2025-08-19 18:49:25,approved
ret_002415,ord_061534,prd_00006,unsatisfied,2025-08-06 19:51:22,approved
ret_002416,ord_061578,prd_00015,unsatisfied,2025-08-24 02:03:25,approved
ret_002417,ord_061606,prd_01896,unsatisfied,2025-08-08 05:58:30,approved
ret_002418,ord_061621,prd_00020,defective,2025-08-25 10:04:15,approved
ret_002419,ord_061621,prd_01047,unsatisfied,2025-08-23 10:04:15,rejected
ret_002420,ord_061621,prd_00075,delayed_delivery,2025-08-09 10:04:15,rejected
ret_002421,ord_061671,prd_00116,unsatisfied,2025-08-29 19:36:37,approved
ret_002422,ord_061711,prd_00011,unsatisfied,2025-08-22 03:21:26,approved
ret_002423,ord_061780,prd_00345,unsatisfied,2025-08-16 20:20:22,rejected
ret_002424,ord_061800,prd_00383,unsatisfied,2025-08-21 23:47:57,approved
ret_002425,ord_061802,prd_00389,defective,2025-08-15 00:36:01,approved
ret_002426,ord_061811,prd_00052,unsatisfied,2025-08-29 02:10:50,approved
ret_002427,ord_061829,prd_00005,defective,2025-08-15 06:55:15,approved
ret_002428,ord_061836,prd_01613,wrong_item,2025-08-06 08:59:30,approved
ret_002429,ord_061846,prd_00404,unsatisfied,2025-08-12 12:00:01,rejected
ret_002430,ord_061848,prd_00072,unsatisfied,2025-08-27 12:34:56,approved
ret_002431,ord_061856,prd_00966,defective,2025-08-30 14:32:39,approved
ret_002432,ord_061858,prd_00002,unsatisfied,2025-08-20 14:50:27,approved
ret_002433,ord_061882,prd_00002,delayed_delivery,2025-08-14 21:11:19,approved
ret_002434,ord_061984,prd_00298,unsatisfied,2025-08-15 21:14:03,approved
ret_002435,ord_062014,prd_00011,unsatisfied,2025-08-19 05:58:51,approved
ret_002436,ord_062046,prd_00005,delayed_delivery,2025-09-02 13:38:43,approved
ret_002437,ord_062051,prd_00007,defective,2025-08-17 14:36:50,approved
ret_002438,ord_062062,prd_00034,unsatisfied,2025-08-13 16:55:46,approved
ret_002439,ord_062083,prd_00140,defective,2025-08-18 20:50:12,approved
ret_002440,ord_062106,prd_00010,unsatisfied,2025-08-14 00:35:12,approved
ret_002441,ord_062108,prd_00237,delayed_delivery,2025-08-16 00:39:52,approved
ret_002442,ord_062115,prd_00141,delayed_delivery,2025-08-21 01:52:43,approved
ret_002443,ord_062217,prd_01338,unsatisfied,2025-08-30 16:07:24,approved
ret_002444,ord_062258,prd_00002,defective,2025-08-12 22:23:02,approved
ret_002445,ord_062262,prd_00002,delayed_delivery,2025-08-17 23:01:42,approved
ret_002446,ord_062268,prd_00242,delayed_delivery,2025-08-11 23:46:35,approved
ret_002447,ord_062307,prd_01847,wrong_item,2025-08-22 05:56:50,approved
ret_002448,ord_062333,prd_02013,defective,2025-08-11 09:47:39,approved
ret_002449,ord_062354,prd_00051,defective,2025-08-24 12:32:39,approved
ret_002450,ord_062364,prd_02275,defective,2025-09-03 13:47:35,approved
ret_002451,ord_062387,prd_00007,defective,2025-09-03 17:51:56,approved
ret_002452,ord_062421,prd_00001,defective,2025-08-13 23:52:34,rejected
ret_002453,ord_062443,prd_00086,unsatisfied,2025-08-24 02:33:32,approved
ret_002454,ord_062472,prd_00028,unsatisfied,2025-09-05 07:10:44,approved
ret_002455,ord_062483,prd_00307,unsatisfied,2025-09-03 09:36:17,approved
ret_002456,ord_062483,prd_00027,wrong_item,2025-09-03 09:36:17,approved
ret_002457,ord_062488,prd_00274,unsatisfied,2025-08-26 10:10:17,approved
ret_002458,ord_062515,prd_00107,unsatisfied,2025-08-18 15:42:25,approved
ret_002459,ord_062544,prd_00016,defective,2025-08-31 19:53:37,approved
ret_002460,ord_062593,prd_00002,defective,2025-08-22 06:16:56,pending
ret_002461,ord_062617,prd_00019,defective,2025-08-13 11:39:52,approved
ret_002462,ord_062667,prd_00028,delayed_delivery,2025-08-24 00:10:11,rejected
ret_002463,ord_062678,prd_00005,unsatisfied,2025-08-13 02:51:07,approved
ret_002464,ord_062679,prd_00064,wrong_item,2025-08-13 02:52:26,rejected
ret_002465,ord_062709,prd_00036,unsatisfied,2025-09-01 13:13:24,pending
ret_002466,ord_062711,prd_00314,wrong_item,2025-08-27 13:48:07,pending
ret_002467,ord_062766,prd_00002,defective,2025-08-30 01:51:23,rejected
ret_002468,ord_062803,prd_00016,unsatisfied,2025-08-30 09:18:53,approved
ret_002469,ord_062834,prd_00063,unsatisfied,2025-08-23 14:34:35,approved
ret_002470,ord_062941,prd_00574,wrong_item,2025-08-20 16:54:50,approved
ret_002471,ord_062998,prd_00011,unsatisfied,2025-08-16 03:41:05,approved
ret_002472,ord_063058,prd_02013,wrong_item,2025-09-05 13:16:11,approved
ret_002473,ord_063097,prd_00004,unsatisfied,2025-08-23 19:04:45,approved
ret_002474,ord_063165,prd_00377,unsatisfied,2025-08-24 04:37:35,approved
ret_002475,ord_063179,prd_00150,wrong_item,2025-08-29 07:31:35,rejected
ret_002476,ord_063196,prd_01065,delayed_delivery,2025-08-22 10:52:40,approved
ret_002477,ord_063211,prd_00041,defective,2025-08-31 12:51:50,rejected
ret_002478,ord_063263,prd_00007,unsatisfied,2025-09-11 20:42:42,approved
ret_002479,ord_063328,prd_01782,wrong_item,2025-09-10 05:49:55,approved
ret_002480,ord_063346,prd_00002,wrong_item,2025-08-21 10:33:01,approved
ret_002481,ord_063347,prd_00002,defective,2025-09-10 10:36:45,rejected
ret_002482,ord_063398,prd_00003,wrong_item,2025-08-19 19:41:15,approved
ret_002483,ord_063401,prd_00003,defective,2025-09-10 20:04:02,approved
ret_002484,ord_063412,prd_00006,wrong_item,2025-09-04 21:56:25,approved
ret_002485,ord_063415,prd_00523,unsatisfied,2025-09-07 22:35:14,approved
ret_002486,ord_063424,prd_00040,wrong_item,2025-08-30 00:04:06,rejected
ret_002487,ord_063445,prd_00046,unsatisfied,2025-09-05 03:54:49,rejected
ret_002488,ord_063445,prd_00094,defective,2025-08-31 03:54:49,approved
ret_002489,ord_063492,prd_00016,unsatisfied,2025-09-09 17:50:12,approved
ret_002490,ord_063513,prd_00001,unsatisfied,2025-09-05 22:07:53,approved
ret_002491,ord_063535,prd_00001,unsatisfied,2025-09-07 01:42:32,approved
ret_002492,ord_063559,prd_00952,defective,2025-08-31 07:54:36,approved
ret_002493,ord_063562,prd_00690,wrong_item,2025-09-12 08:34:51,approved
ret_002494,ord_063592,prd_00006,defective,2025-08-29 17:55:43,approved
ret_002495,ord_063594,prd_00004,wrong_item,2025-08-21 18:04:11,approved
ret_002496,ord_063595,prd_00005,defective,2025-08-23 18:18:06,approved
ret_002497,ord_063679,prd_00470,delayed_delivery,2025-09-12 18:06:56,approved
ret_002498,ord_063688,prd_02461,wrong_item,2025-09-04 21:22:12,approved
ret_002499,ord_063746,prd_00053,defective,2025-09-15 09:25:12,approved
ret_002500,ord_063763,prd_00002,unsatisfied,2025-08-27 13:56:34,approved
ret_002501,ord_063771,prd_00071,wrong_item,2025-09-12 15:36:26,rejected
ret_002502,ord_063804,prd_00280,defective,2025-09-09 21:48:24,approved
ret_002503,ord_063831,prd_00002,delayed_delivery,2025-09-11 03:15:14,approved
ret_002504,ord_063834,prd_00293,defective,2025-09-04 04:21:14,approved
ret_002505,ord_063840,prd_00239,delayed_delivery,2025-08-27 06:31:26,rejected
ret_002506,ord_063872,prd_00001,wrong_item,2025-08-30 10:14:40,approved
ret_002507,ord_063873,prd_00011,unsatisfied,2025-08-31 10:34:03,rejected
ret_002508,ord_063955,prd_00167,defective,2025-09-06 23:01:30,approved
ret_002509,ord_063989,prd_00001,unsatisfied,2025-08-25 04:50:40,approved
ret_002510,ord_064000,prd_00461,unsatisfied,2025-09-01 06:35:58,pending
ret_002511,ord_064023,prd_00228,unsatisfied,2025-09-05 10:10:50,approved
ret_002512,ord_064114,prd_02397,defective,2025-08-30 23:36:48,approved
ret_002513,ord_064130,prd_01539,unsatisfied,2025-09-17 02:55:27,pending
ret_002514,ord_064133,prd_01558,unsatisfied,2025-09-14 03:14:09,approved
ret_002515,ord_064226,prd_00027,delayed_delivery,2025-09-19 19:27:14,approved
ret_002516,ord_064239,prd_00001,defective,2025-09-14 21:10:00,approved
ret_002517,ord_064262,prd_00001,delayed_delivery,2025-09-10 01:54:05,approved
ret_002518,ord_064280,prd_00001,defective,2025-09-11 06:11:29,rejected
ret_002519,ord_064291,prd_00007,unsatisfied,2025-09-17 09:17:23,approved
ret_002520,ord_064343,prd_01101,defective,2025-09-11 20:04:18,approved
ret_002521,ord_064345,prd_00129,defective,2025-09-12 20:44:40,approved
ret_002522,ord_064349,prd_01418,unsatisfied,2025-09-11 21:35:08,approved
ret_002523,ord_064409,prd_00007,unsatisfied,2025-09-02 11:11:25,approved
ret_002524,ord_064410,prd_00034,unsatisfied,2025-08-31 11:15:04,approved
ret_002525,ord_064441,prd_01043,wrong_item,2025-09-06 16:39:33,approved
ret_002526,ord_064486,prd_00016,wrong_item,2025-09-14 01:21:49,approved
ret_002527,ord_064494,prd_00011,wrong_item,2025-08-28 01:57:38,approved
ret_002528,ord_064542,prd_01826,wrong_item,2025-08-30 14:44:52,rejected
ret_002529,ord_064591,prd_00038,delayed_delivery,2025-08-29 02:12:38,approved
ret_002530,ord_064616,prd_00023,unsatisfied,2025-09-13 07:55:48,rejected
ret_002531,ord_064626,prd_00016,unsatisfied,2025-09-04 09:30:42,approved
ret_002532,ord_064644,prd_00427,defective,2025-09-06 13:05:47,rejected
ret_002533,ord_064717,prd_00016,defective,2025-09-13 03:17:46,approved
ret_002534,ord_064751,prd_00667,unsatisfied,2025-09-14 09:29:11,approved
ret_002535,ord_064755,prd_00007,defective,2025-09-01 10:52:06,approved
ret_002536,ord_064768,prd_00002,delayed_delivery,2025-09-07 14:04:44,rejected
ret_002537,ord_064779,prd_00377,unsatisfied,2025-09-20 14:54:41,approved
ret_002538,ord_064798,prd_00981,defective,2025-09-17 19:41:17,approved
ret_002539,ord_064817,prd_00001,unsatisfied,2025-09-21 22:33:52,approved
ret_002540,ord_064841,prd_00004,wrong_item,2025-09-06 02:46:30,approved
ret_002541,ord_064883,prd_00128,defective,2025-09-21 09:39:54,approved
ret_002542,ord_064888,prd_00802,unsatisfied,2025-09-05 10:13:26,approved
ret_002543,ord_064922,prd_00002,wrong_item,2025-09-15 15:37:01,pending
ret_002544,ord_064940,prd_00006,defective,2025-09-05 18:25:21,approved
ret_002545,ord_064979,prd_00900,unsatisfied,2025-09-08 23:05:15,approved
ret_002546,ord_064986,prd_01515,wrong_item,2025-09-25 23:44:42,approved
ret_002547,ord_064992,prd_01820,wrong_item,2025-09-01 00:27:13,approved
ret_002548,ord_064993,prd_00002,defective,2025-09-15 00:40:21,approved
ret_002549,ord_065020,prd_00045,unsatisfied,2025-09-26 04:08:45,approved
ret_002550,ord_065030,prd_01166,defective,2025-09-04 05:35:32,approved
ret_002551,ord_065030,prd_00011,defective,2025-09-18 05:35:32,approved
ret_002552,ord_065079,prd_00835,delayed_delivery,2025-09-08 13:40:58,approved
ret_002553,ord_065129,prd_00040,delayed_delivery,2025-09-06 22:13:36,approved
ret_002554,ord_065173,prd_02258,defective,2025-09-06 05:21:57,pending
ret_002555,ord_065229,prd_00006,wrong_item,2025-09-02 19:04:24,approved
ret_002556,ord_065231,prd_01332,unsatisfied,2025-09-21 19:28:29,approved
ret_002557,ord_065257,prd_00103,defective,2025-09-24 02:02:09,approved
ret_002558,ord_065299,prd_02037,defective,2025-09-19 10:28:57,approved
ret_002559,ord_065339,prd_00037,delayed_delivery,2025-09-23 17:59:03,approved
ret_002560,ord_065360,prd_00003,unsatisfied,2025-09-14 22:18:58,approved
ret_002561,ord_065368,prd_00596,unsatisfied,2025-09-07 01:08:12,rejected
ret_002562,ord_065384,prd_00353,unsatisfied,2025-09-24 04:03:12,approved
ret_002563,ord_065458,prd_01770,wrong_item,2025-09-20 21:48:57,approved
ret_002564,ord_065461,prd_01108,unsatisfied,2025-09-11 22:56:12,approved
ret_002565,ord_065468,prd_00066,unsatisfied,2025-09-25 02:07:51,approved
ret_002566,ord_065550,prd_00482,delayed_delivery,2025-09-12 22:05:52,rejected
ret_002567,ord_065583,prd_00127,unsatisfied,2025-09-28 05:57:33,approved
ret_002568,ord_065589,prd_00057,defective,2025-09-22 06:56:04,approved
ret_002569,ord_065616,prd_00181,defective,2025-09-10 12:34:41,approved
ret_002570,ord_065639,prd_02175,delayed_delivery,2025-09-29 14:33:27,pending
ret_002571,ord_065645,prd_00681,unsatisfied,2025-09-09 16:00:01,approved
ret_002572,ord_065696,prd_00010,defective,2025-09-15 00:17:03,rejected
ret_002573,ord_065698,prd_00055,unsatisfied,2025-09-28 00:24:06,approved
ret_002574,ord_065717,prd_00010,wrong_item,2025-09-16 02:26:15,approved
ret_002575,ord_065742,prd_00020,wrong_item,2025-09-13 06:53:08,approved
ret_002576,ord_065757,prd_00270,defective,2025-09-27 08:37:26,approved
ret_002577,ord_065767,prd_00414,defective,2025-09-23 11:05:23,approved
ret_002578,ord_065768,prd_00187,delayed_delivery,2025-09-14 11:07:54,approved
ret_002579,ord_065773,prd_00004,unsatisfied,2025-09-09 11:51:46,approved
ret_002580,ord_065777,prd_00154,wrong_item,2025-09-27 12:48:33,approved
ret_002581,ord_065788,prd_00921,delayed_delivery,2025-09-09 14:52:33,approved
ret_002582,ord_065849,prd_00010,unsatisfied,2025-10-03 01:05:58,approved
ret_002583,ord_065869,prd_00033,unsatisfied,2025-10-01 04:45:49,pending
ret_002584,ord_065878,prd_00022,wrong_item,2025-09-23 05:48:19,approved
ret_002585,ord_065884,prd_00477,defective,2025-09-13 06:21:12,approved
ret_002586,ord_065902,prd_00082,wrong_item,2025-09-29 09:28:24,approved
ret_002587,ord_065980,prd_01464,defective,2025-09-29 22:59:39,approved
ret_002588,ord_065996,prd_00471,defective,2025-09-13 01:21:31,approved
ret_002589,ord_066052,prd_00140,wrong_item,2025-09-25 16:54:35,approved
ret_002590,ord_066057,prd_00005,unsatisfied,2025-10-01 18:29:13,approved
ret_002591,ord_066081,prd_00257,unsatisfied,2025-10-05 00:13:19,approved
ret_002592,ord_066102,prd_00001,wrong_item,2025-09-16 06:59:50,approved
ret_002593,ord_066155,prd_01185,unsatisfied,2025-10-05 17:04:55,approved
ret_002594,ord_066190,prd_00005,defective,2025-10-01 01:41:10,approved
ret_002595,ord_066216,prd_00478,unsatisfied,2025-09-15 09:34:58,approved
ret_002596,ord_066304,prd_00410,wrong_item,2025-10-04 07:16:55,pending
ret_002597,ord_066326,prd_00346,defective,2025-09-21 13:11:35,approved
ret_002598,ord_066329,prd_00001,defective,2025-09-26 13:37:24,pending
ret_002599,ord_066342,prd_00108,wrong_item,2025-09-12 15:57:29,approved
ret_002600,ord_066413,prd_00057,unsatisfied,2025-10-08 04:19:23,pending
ret_002601,ord_066414,prd_00848,defective,2025-10-02 04:38:24,approved
ret_002602,ord_066481,prd_00125,wrong_item,2025-10-04 13:49:40,approved
ret_002603,ord_066493,prd_00033,defective,2025-10-03 15:54:15,approved
ret_002604,ord_066509,prd_00184,defective,2025-09-25 18:25:08,approved
ret_002605,ord_066515,prd_00100,wrong_item,2025-09-17 19:49:14,rejected
ret_002606,ord_066542,prd_00010,unsatisfied,2025-09-15 00:44:11,approved
ret_002607,ord_066545,prd_02395,unsatisfied,2025-09-16 00:54:11,approved
ret_002608,ord_066592,prd_01276,wrong_item,2025-09-22 08:29:18,approved
ret_002609,ord_066606,prd_01157,wrong_item,2025-09-23 10:26:22,approved
ret_002610,ord_066622,prd_00043,defective,2025-10-08 13:00:41,approved
ret_002611,ord_066624,prd_00550,defective,2025-09-15 13:24:12,rejected
ret_002612,ord_066643,prd_02319,defective,2025-10-06 15:36:58,approved
ret_002613,ord_066657,prd_00032,defective,2025-10-07 18:23:16,approved
ret_002614,ord_066662,prd_00875,unsatisfied,2025-10-04 19:44:32,approved
ret_002615,ord_066667,prd_01620,unsatisfied,2025-09-22 20:49:14,approved
ret_002616,ord_066727,prd_00091,defective,2025-10-03 08:35:31,approved
ret_002617,ord_066743,prd_01693,unsatisfied,2025-10-05 11:54:45,approved
ret_002618,ord_066763,prd_00002,defective,2025-09-30 15:48:33,approved
ret_002619,ord_066791,prd_00445,defective,2025-10-07 20:17:06,approved
ret_002620,ord_066796,prd_00001,defective,2025-09-29 21:37:17,approved
ret_002621,ord_066844,prd_00083,wrong_item,2025-10-04 04:51:58,approved
ret_002622,ord_066883,prd_00785,defective,2025-09-26 14:09:41,approved
ret_002623,ord_066889,prd_01181,unsatisfied,2025-10-05 15:31:46,approved
ret_002624,ord_066903,prd_00010,wrong_item,2025-09-16 20:20:34,approved
ret_002625,ord_066929,prd_00001,unsatisfied,2025-10-10 02:42:01,approved
ret_002626,ord_066945,prd_00033,unsatisfied,2025-09-22 05:22:32,approved
ret_002627,ord_066983,prd_00346,wrong_item,2025-09-25 13:47:31,approved
ret_002628,ord_067004,prd_00001,unsatisfied,2025-10-05 18:45:35,approved
ret_002629,ord_067018,prd_01841,defective,2025-10-08 23:39:40,approved
ret_002630,ord_067081,prd_00408,unsatisfied,2025-09-20 13:24:38,approved
ret_002631,ord_067104,prd_00052,unsatisfied,2025-09-28 18:18:40,rejected
ret_002632,ord_067131,prd_00007,unsatisfied,2025-09-21 00:21:02,approved
ret_002633,ord_067185,prd_00398,wrong_item,2025-10-12 11:22:42,approved
ret_002634,ord_067196,prd_00037,wrong_item,2025-10-11 13:33:49,approved
ret_002635,ord_067258,prd_00007,delayed_delivery,2025-09-27 01:37:44,approved
ret_002636,ord_067260,prd_01225,defective,2025-10-02 02:27:26,approved
ret_002637,ord_067268,prd_00057,delayed_delivery,2025-10-05 03:58:52,approved
ret_002638,ord_067300,prd_00002,defective,2025-09-30 09:37:12,approved
ret_002639,ord_067305,prd_00256,defective,2025-10-15 10:43:42,approved
ret_002640,ord_067306,prd_00247,wrong_item,2025-09-25 10:46:34,approved
ret_002641,ord_067359,prd_00680,defective,2025-09-29 18:16:06,approved
ret_002642,ord_067395,prd_00050,delayed_delivery,2025-10-08 02:44:17,approved
ret_002643,ord_067424,prd_00003,wrong_item,2025-09-28 07:50:51,approved
ret_002644,ord_067430,prd_00050,unsatisfied,2025-09-21 09:08:09,approved
ret_002645,ord_067453,prd_00075,defective,2025-09-22 12:10:00,pending
ret_002646,ord_067473,prd_00006,delayed_delivery,2025-10-03 16:04:38,approved
ret_002647,ord_067487,prd_00608,delayed_delivery,2025-09-26 17:55:15,pending
ret_002648,ord_067501,prd_00002,wrong_item,2025-10-03 19:38:35,approved
ret_002649,ord_067635,prd_00001,defective,2025-09-30 15:44:59,approved
ret_002650,ord_067644,prd_00017,unsatisfied,2025-10-01 17:26:11,approved
ret_002651,ord_067661,prd_00002,wrong_item,2025-10-09 19:45:42,approved
ret_002652,ord_067690,prd_01864,delayed_delivery,2025-09-25 02:39:08,approved
ret_002653,ord_067701,prd_00410,wrong_item,2025-10-17 05:40:29,approved
ret_002654,ord_067751,prd_01924,defective,2025-10-03 16:11:18,approved
ret_002655,ord_067784,prd_00029,unsatisfied,2025-10-13 21:51:22,approved
ret_002656,ord_067802,prd_00002,wrong_item,2025-10-01 01:00:28,approved
ret_002657,ord_067817,prd_00008,defective,2025-10-19 04:21:40,approved
ret_002658,ord_067831,prd_00042,defective,2025-09-28 06:41:57,approved
ret_002659,ord_067862,prd_00057,unsatisfied,2025-09-28 14:00:55,pending
ret_002660,ord_067889,prd_00062,defective,2025-10-04 21:05:50,approved
ret_002661,ord_067908,prd_00001,defective,2025-10-13 03:52:38,approved
ret_002662,ord_067969,prd_00016,defective,2025-10-17 16:11:16,rejected
ret_002663,ord_067977,prd_00002,delayed_delivery,2025-09-28 18:34:37,approved
ret_002664,ord_067982,prd_00001,defective,2025-10-08 19:14:08,approved
ret_002665,ord_068013,prd_00697,delayed_delivery,2025-10-16 01:53:36,approved
ret_002666,ord_068040,prd_00468,wrong_item,2025-10-10 07:07:56,approved
ret_002667,ord_068043,prd_00016,wrong_item,2025-10-03 08:28:53,rejected
ret_002668,ord_068064,prd_00001,wrong_item,2025-10-09 13:05:09,approved
ret_002669,ord_068098,prd_00085,defective,2025-09-30 23:02:14,approved
ret_002670,ord_068106,prd_00010,unsatisfied,2025-10-02 00:51:24,approved
ret_002671,ord_068146,prd_00055,wrong_item,2025-10-01 08:07:10,approved
ret_002672,ord_068157,prd_00001,defective,2025-10-17 10:55:54,approved
ret_002673,ord_068181,prd_00002,unsatisfied,2025-10-18 15:31:03,approved
ret_002674,ord_068226,prd_00002,unsatisfied,2025-10-22 22:13:18,approved
ret_002675,ord_068259,prd_00344,wrong_item,2025-10-13 04:02:09,rejected
ret_002676,ord_068347,prd_00004,defective,2025-10-06 17:39:50,approved
ret_002677,ord_068352,prd_01159,unsatisfied,2025-09-29 18:44:48,approved
ret_002678,ord_068371,prd_00002,unsatisfied,2025-10-06 20:35:16,approved
ret_002679,ord_068426,prd_00145,unsatisfied,2025-09-30 04:02:41,approved
ret_002680,ord_068531,prd_00001,defective,2025-10-22 19:55:06,approved
ret_002681,ord_068567,prd_00006,wrong_item,2025-10-06 03:37:47,approved
ret_002682,ord_068584,prd_00001,delayed_delivery,2025-10-23 07:45:54,rejected
ret_002683,ord_068616,prd_00128,wrong_item,2025-10-13 14:22:40,approved
ret_002684,ord_068630,prd_00014,delayed_delivery,2025-10-12 19:22:25,approved
ret_002685,ord_068635,prd_00053,wrong_item,2025-10-19 19:59:44,approved
ret_002686,ord_068637,prd_00001,wrong_item,2025-10-12 20:20:43,approved
ret_002687,ord_068656,prd_01204,wrong_item,2025-10-14 01:52:33,approved
ret_002688,ord_068665,prd_00165,defective,2025-10-12 04:08:24,approved
ret_002689,ord_068677,prd_00022,wrong_item,2025-10-11 06:27:45,approved
ret_002690,ord_068678,prd_00075,defective,2025-10-20 06:30:34,rejected
ret_002691,ord_068692,prd_00003,wrong_item,2025-10-04 09:01:17,approved
ret_002692,ord_068695,prd_00851,unsatisfied,2025-10-21 09:38:42,approved
ret_002693,ord_068709,prd_00002,defective,2025-10-10 12:43:01,approved
ret_002694,ord_068757,prd_00249,defective,2025-10-09 21:52:33,approved
ret_002695,ord_068798,prd_00165,wrong_item,2025-10-26 07:02:04,approved
ret_002696,ord_068836,prd_00193,defective,2025-10-18 15:22:50,approved
ret_002697,ord_068838,prd_00001,delayed_delivery,2025-10-03 15:58:17,approved
ret_002698,ord_068858,prd_00002,defective,2025-10-25 18:01:51,approved
ret_002699,ord_068866,prd_00125,defective,2025-10-05 19:55:59,rejected
ret_002700,ord_068882,prd_01068,delayed_delivery,2025-10-25 21:41:45,approved
ret_002701,ord_068901,prd_00452,unsatisfied,2025-10-08 01:46:14,approved
ret_002702,ord_068905,prd_00001,delayed_delivery,2025-10-19 02:30:46,approved
ret_002703,ord_068927,prd_00001,defective,2025-10-26 08:59:46,approved
ret_002704,ord_068993,prd_00248,delayed_delivery,2025-10-16 23:05:07,approved
ret_002705,ord_069002,prd_00010,unsatisfied,2025-10-24 01:44:00,approved
ret_002706,ord_069030,prd_00923,wrong_item,2025-10-26 05:24:37,approved
ret_002707,ord_069056,prd_00005,unsatisfied,2025-10-26 09:02:23,approved
ret_002708,ord_069193,prd_00014,delayed_delivery,2025-10-14 06:35:06,approved
ret_002709,ord_069253,prd_00559,defective,2025-10-05 16:05:22,approved
ret_002710,ord_069255,prd_00011,delayed_delivery,2025-10-27 16:15:42,approved
ret_002711,ord_069265,prd_00001,wrong_item,2025-10-09 17:08:22,approved
ret_002712,ord_069271,prd_00299,delayed_delivery,2025-10-21 17:47:15,approved
ret_002713,ord_069316,prd_00718,wrong_item,2025-10-29 01:42:14,approved
ret_002714,ord_069326,prd_00001,defective,2025-10-26 02:22:10,approved
ret_002715,ord_069392,prd_00930,wrong_item,2025-10-28 11:17:49,approved
ret_002716,ord_069467,prd_00122,wrong_item,2025-10-29 00:37:50,approved
ret_002717,ord_069510,prd_00295,defective,2025-10-31 12:26:54,approved
ret_002718,ord_069514,prd_00035,unsatisfied,2025-10-24 13:07:52,approved
ret_002719,ord_069526,prd_00738,unsatisfied,2025-10-23 16:00:38,approved
ret_002720,ord_069594,prd_00005,defective,2025-10-25 07:28:05,approved
ret_002721,ord_069621,prd_00120,unsatisfied,2025-10-23 12:46:19,rejected
ret_002722,ord_069643,prd_00403,wrong_item,2025-10-12 17:58:21,approved
ret_002723,ord_069657,prd_01603,unsatisfied,2025-11-02 21:13:10,pending
ret_002724,ord_069667,prd_00038,wrong_item,2025-11-02 00:59:07,approved
ret_002725,ord_069677,prd_00005,delayed_delivery,2025-10-18 02:58:13,approved
ret_002726,ord_069732,prd_00075,delayed_delivery,2025-10-19 15:10:42,approved
ret_002727,ord_069763,prd_00001,wrong_item,2025-10-31 20:27:39,approved
ret_002728,ord_069808,prd_00364,defective,2025-11-01 09:43:58,approved
ret_002729,ord_069823,prd_02154,defective,2025-10-29 12:43:02,approved
ret_002730,ord_069839,prd_00015,unsatisfied,2025-10-15 16:38:42,approved
ret_002731,ord_069849,prd_00001,unsatisfied,2025-11-01 19:55:29,approved
ret_002732,ord_069859,prd_00251,unsatisfied,2025-11-04 22:08:38,approved
ret_002733,ord_069870,prd_00442,unsatisfied,2025-10-26 00:51:18,approved
ret_002734,ord_069872,prd_00129,wrong_item,2025-10-26 00:57:21,approved
ret_002735,ord_069894,prd_00013,wrong_item,2025-10-14 04:28:29,approved
ret_002736,ord_069949,prd_00949,defective,2025-10-27 12:35:10,approved
ret_002737,ord_069984,prd_00005,unsatisfied,2025-10-17 19:27:55,approved
ret_002738,ord_069985,prd_00108,unsatisfied,2025-11-01 19:29:25,approved
ret_002739,ord_069989,prd_01835,defective,2025-10-20 20:03:43,approved
ret_002740,ord_069993,prd_00061,defective,2025-10-26 20:46:53,approved
ret_002741,ord_070013,prd_00100,delayed_delivery,2025-10-17 23:38:47,rejected
ret_002742,ord_070014,prd_00128,defective,2025-10-31 23:43:01,approved
ret_002743,ord_070032,prd_00839,unsatisfied,2025-11-03 03:21:39,approved
ret_002744,ord_070047,prd_00110,unsatisfied,2025-11-02 05:33:54,pending
ret_002745,ord_070053,prd_00083,defective,2025-10-16 06:30:31,approved
ret_002746,ord_070081,prd_00094,defective,2025-10-22 11:05:35,approved
ret_002747,ord_070099,prd_01583,delayed_delivery,2025-10-26 12:55:12,approved
ret_002748,ord_070139,prd_00113,unsatisfied,2025-11-06 20:59:59,approved
ret_002749,ord_070184,prd_00001,wrong_item,2025-10-27 05:57:57,approved
ret_002750,ord_070249,prd_01423,defective,2025-10-26 18:39:55,approved
ret_002751,ord_070252,prd_00011,wrong_item,2025-10-18 19:05:53,pending
ret_002752,ord_070258,prd_00013,wrong_item,2025-11-03 19:43:14,approved
ret_002753,ord_070263,prd_00031,defective,2025-10-21 20:40:39,approved
ret_002754,ord_070315,prd_00095,wrong_item,2025-11-03 08:11:57,approved
ret_002755,ord_070315,prd_00001,defective,2025-10-18 08:11:57,approved
ret_002756,ord_070330,prd_00117,unsatisfied,2025-10-28 11:10:55,approved
ret_002757,ord_070354,prd_00471,delayed_delivery,2025-10-18 16:36:28,approved
ret_002758,ord_070368,prd_00251,defective,2025-10-30 21:18:11,approved
ret_002759,ord_070390,prd_02386,wrong_item,2025-11-01 03:27:40,approved
ret_002760,ord_070411,prd_00005,unsatisfied,2025-10-23 09:58:09,approved
ret_002761,ord_070430,prd_00017,defective,2025-11-08 12:48:19,approved
ret_002762,ord_070482,prd_00002,unsatisfied,2025-10-27 00:16:00,approved
ret_002763,ord_070498,prd_00002,defective,2025-10-18 04:15:34,rejected
ret_002764,ord_070501,prd_00009,unsatisfied,2025-10-29 04:40:50,approved
ret_002765,ord_070555,prd_00102,wrong_item,2025-10-21 17:13:39,pending
ret_002766,ord_070568,prd_00434,defective,2025-10-24 19:31:53,approved
ret_002767,ord_070583,prd_00035,delayed_delivery,2025-11-05 23:34:48,approved
ret_002768,ord_070587,prd_00002,wrong_item,2025-11-03 00:31:53,approved
ret_002769,ord_070607,prd_00290,wrong_item,2025-11-03 05:45:17,rejected
ret_002770,ord_070612,prd_00384,defective,2025-10-29 07:23:09,approved
ret_002771,ord_070675,prd_00036,wrong_item,2025-11-07 21:14:07,approved
ret_002772,ord_070697,prd_00006,unsatisfied,2025-10-23 01:39:14,approved
ret_002773,ord_070701,prd_00005,unsatisfied,2025-10-29 02:06:59,approved
ret_002774,ord_070716,prd_01611,wrong_item,2025-10-29 04:56:57,approved
ret_002775,ord_070726,prd_00016,unsatisfied,2025-10-18 05:42:44,approved
ret_002776,ord_070739,prd_00540,delayed_delivery,2025-10-22 07:35:22,approved
ret_002777,ord_070744,prd_00252,wrong_item,2025-11-06 08:02:13,rejected
ret_002778,ord_070833,prd_00002,wrong_item,2025-11-08 23:21:04,approved
ret_002779,ord_070848,prd_00242,unsatisfied,2025-10-28 00:53:48,approved
ret_002780,ord_070851,prd_00001,defective,2025-11-06 01:09:45,rejected
ret_002781,ord_070903,prd_00427,unsatisfied,2025-11-10 07:44:59,rejected
ret_002782,ord_070909,prd_00798,delayed_delivery,2025-10-22 08:17:28,approved
ret_002783,ord_070914,prd_00617,wrong_item,2025-11-03 09:42:06,approved
ret_002784,ord_071008,prd_01382,unsatisfied,2025-11-06 23:40:36,approved
ret_002785,ord_071062,prd_00001,unsatisfied,2025-11-04 06:43:23,pending
ret_002786,ord_071089,prd_00003,wrong_item,2025-11-01 11:03:04,approved
ret_002787,ord_071146,prd_01504,unsatisfied,2025-11-10 18:02:28,approved
ret_002788,ord_071151,prd_00063,unsatisfied,2025-11-11 18:39:32,rejected
ret_002789,ord_071186,prd_00754,wrong_item,2025-10-25 23:22:25,rejected
ret_002790,ord_071225,prd_00070,unsatisfied,2025-11-12 07:19:46,approved
ret_002791,ord_071234,prd_00779,delayed_delivery,2025-10-21 08:53:39,rejected
ret_002792,ord_071247,prd_01533,defective,2025-10-29 11:56:05,approved
ret_002793,ord_071267,prd_00060,defective,2025-11-13 16:59:56,rejected
ret_002794,ord_071277,prd_00451,unsatisfied,2025-10-26 19:08:24,approved
ret_002795,ord_071304,prd_01836,unsatisfied,2025-11-15 02:03:56,approved
ret_002796,ord_071309,prd_01086,defective,2025-11-07 03:07:31,approved
ret_002797,ord_071322,prd_00425,unsatisfied,2025-11-05 06:57:46,approved
ret_002798,ord_071345,prd_00870,wrong_item,2025-11-03 10:28:40,approved
ret_002799,ord_071383,prd_00001,defective,2025-10-27 17:22:45,rejected
ret_002800,ord_071444,prd_00412,wrong_item,2025-11-17 07:06:02,approved
ret_002801,ord_071456,prd_00131,wrong_item,2025-10-25 10:05:09,approved
ret_002802,ord_071484,prd_01408,wrong_item,2025-10-28 16:14:56,approved
ret_002803,ord_071506,prd_00161,defective,2025-10-23 21:10:14,approved
ret_002804,ord_071521,prd_00649,delayed_delivery,2025-10-24 00:46:01,approved
ret_002805,ord_071564,prd_01449,defective,2025-11-02 10:46:04,approved
ret_002806,ord_071623,prd_00003,wrong_item,2025-11-04 00:43:28,approved
ret_002807,ord_071635,prd_00340,defective,2025-11-10 03:05:06,approved
ret_002808,ord_071649,prd_00141,unsatisfied,2025-10-30 05:21:49,approved
ret_002809,ord_071666,prd_00011,defective,2025-11-13 08:02:53,approved
ret_002810,ord_071707,prd_00036,delayed_delivery,2025-11-16 14:35:06,approved
ret_002811,ord_071728,prd_02015,unsatisfied,2025-11-09 17:05:57,rejected
ret_002812,ord_071729,prd_00118,wrong_item,2025-11-02 17:21:11,approved
ret_002813,ord_071757,prd_00001,unsatisfied,2025-11-09 20:36:03,approved
ret_002814,ord_071776,prd_00586,unsatisfied,2025-10-25 23:34:40,approved
ret_002815,ord_071786,prd_00511,defective,2025-10-27 01:15:36,approved
ret_002816,ord_071809,prd_01880,defective,2025-11-04 04:10:21,approved
ret_002817,ord_071825,prd_02354,wrong_item,2025-10-29 06:27:06,approved
ret_002818,ord_071848,prd_00002,defective,2025-11-03 10:29:09,pending
ret_002819,ord_071993,prd_00090,unsatisfied,2025-11-14 08:34:46,approved
ret_002820,ord_072005,prd_01442,unsatisfied,2025-11-10 10:09:33,approved
ret_002821,ord_072046,prd_01536,delayed_delivery,2025-11-12 14:48:48,approved
ret_002822,ord_072114,prd_00707,unsatisfied,2025-11-01 02:53:14,rejected
ret_002823,ord_072123,prd_00002,wrong_item,2025-11-07 05:55:50,approved
ret_002824,ord_072157,prd_00001,defective,2025-11-09 11:30:23,rejected
ret_002825,ord_072188,prd_00276,delayed_delivery,2025-11-06 16:28:11,approved
ret_002826,ord_072201,prd_00828,unsatisfied,2025-11-04 18:32:43,pending
ret_002827,ord_072222,prd_02377,unsatisfied,2025-11-14 23:43:18,approved
ret_002828,ord_072275,prd_00192,wrong_item,2025-11-09 11:49:52,rejected
ret_002829,ord_072300,prd_00041,defective,2025-11-16 16:23:19,approved
ret_002830,ord_072316,prd_01134,unsatisfied,2025-10-31 18:17:57,approved
ret_002831,ord_072328,prd_00251,delayed_delivery,2025-11-17 20:13:42,approved
ret_002832,ord_072353,prd_00006,defective,2025-11-11 00:09:03,approved
ret_002833,ord_072357,prd_00145,defective,2025-11-01 01:15:41,approved
ret_002834,ord_072358,prd_00001,defective,2025-11-10 01:27:42,approved
ret_002835,ord_072407,prd_00471,defective,2025-11-03 12:27:22,approved
ret_002836,ord_072408,prd_00240,unsatisfied,2025-11-19 12:35:35,approved
ret_002837,ord_072414,prd_00058,wrong_item,2025-11-23 14:24:21,approved
ret_002838,ord_072417,prd_00040,delayed_delivery,2025-11-14 15:03:44,approved
ret_002839,ord_072445,prd_00070,defective,2025-11-10 19:25:27,approved
ret_002840,ord_072461,prd_00011,unsatisfied,2025-11-24 23:15:57,approved
ret_002841,ord_072473,prd_00002,defective,2025-11-24 02:26:03,approved
ret_002842,ord_072513,prd_00080,unsatisfied,2025-11-25 11:04:33,approved
ret_002843,ord_072515,prd_00991,wrong_item,2025-11-08 11:22:40,approved
ret_002844,ord_072539,prd_02320,unsatisfied,2025-11-09 18:12:52,approved
ret_002845,ord_072549,prd_00584,defective,2025-11-19 19:30:43,approved
ret_002846,ord_072593,prd_00818,wrong_item,2025-11-05 04:04:39,approved
ret_002847,ord_072672,prd_00740,defective,2025-11-01 17:21:23,rejected
ret_002848,ord_072700,prd_00002,defective,2025-11-12 20:49:08,approved
ret_002849,ord_072771,prd_00022,wrong_item,2025-11-11 09:03:42,approved
ret_002850,ord_072783,prd_00001,unsatisfied,2025-11-12 10:39:07,approved
ret_002851,ord_072866,prd_00483,unsatisfied,2025-11-25 23:43:07,approved
ret_002852,ord_072873,prd_00028,unsatisfied,2025-11-10 00:46:05,pending
ret_002853,ord_072883,prd_00053,wrong_item,2025-11-10 02:21:03,approved
ret_002854,ord_072943,prd_00809,unsatisfied,2025-11-25 11:54:52,approved
ret_002855,ord_072954,prd_00273,unsatisfied,2025-11-08 13:25:50,approved
ret_002856,ord_072965,prd_00248,wrong_item,2025-11-15 15:51:01,approved
ret_002857,ord_072986,prd_00018,unsatisfied,2025-11-08 18:51:16,approved
ret_002858,ord_073023,prd_00004,wrong_item,2025-11-23 02:03:07,approved
ret_002859,ord_073093,prd_00628,defective,2025-11-09 15:41:26,approved
ret_002860,ord_073185,prd_00814,unsatisfied,2025-11-18 10:28:47,approved
ret_002861,ord_073187,prd_00762,delayed_delivery,2025-11-29 11:40:44,approved
ret_002862,ord_073192,prd_00003,defective,2025-11-25 13:22:23,approved
ret_002863,ord_073221,prd_00016,defective,2025-11-22 18:32:55,approved
ret_002864,ord_073235,prd_00113,delayed_delivery,2025-11-09 20:45:59,approved
ret_002865,ord_073245,prd_00011,wrong_item,2025-11-16 22:59:53,rejected
ret_002866,ord_073256,prd_00001,wrong_item,2025-11-07 00:20:29,approved
ret_002867,ord_073273,prd_00001,defective,2025-11-24 02:50:05,approved
ret_002868,ord_073283,prd_00084,wrong_item,2025-11-20 04:42:20,approved
ret_002869,ord_073285,prd_00327,unsatisfied,2025-11-16 04:53:14,pending
ret_002870,ord_073285,prd_00841,unsatisfied,2025-11-09 04:53:14,approved
ret_002871,ord_073298,prd_00583,unsatisfied,2025-11-18 06:29:27,approved
ret_002872,ord_073321,prd_00167,defective,2025-11-27 08:49:31,approved
ret_002873,ord_073347,prd_00140,delayed_delivery,2025-11-06 11:50:23,approved
ret_002874,ord_073369,prd_00001,defective,2025-11-29 13:50:53,approved
ret_002875,ord_073400,prd_01137,unsatisfied,2025-11-27 16:42:21,rejected
ret_002876,ord_073405,prd_00526,defective,2025-11-26 16:57:22,approved
ret_002877,ord_073441,prd_00011,unsatisfied,2025-11-17 20:25:16,approved
ret_002878,ord_073441,prd_00002,wrong_item,2025-11-22 20:25:16,approved
ret_002879,ord_073456,prd_00527,wrong_item,2025-11-09 21:27:59,approved
ret_002880,ord_073474,prd_00835,wrong_item,2025-12-01 23:28:05,approved
ret_002881,ord_073484,prd_02401,defective,2025-11-16 00:04:30,approved
ret_002882,ord_073509,prd_00057,defective,2025-11-22 03:27:32,approved
ret_002883,ord_073639,prd_00928,defective,2025-11-15 14:51:41,approved
ret_002884,ord_073644,prd_00075,unsatisfied,2025-11-08 15:16:16,approved
ret_002885,ord_073658,prd_00006,wrong_item,2025-11-16 16:56:52,approved
ret_002886,ord_073712,prd_00014,wrong_item,2025-11-23 22:35:12,approved
ret_002887,ord_073721,prd_00039,unsatisfied,2025-11-13 23:19:30,approved
ret_002888,ord_073723,prd_00046,wrong_item,2025-11-16 23:24:29,approved
ret_002889,ord_073743,prd_01008,delayed_delivery,2025-12-01 01:04:42,approved
ret_002890,ord_073764,prd_00712,wrong_item,2025-11-18 03:20:08,approved
ret_002891,ord_073806,prd_00458,unsatisfied,2025-11-08 06:54:45,approved
ret_002892,ord_073829,prd_00001,defective,2025-11-11 08:59:02,approved
ret_002893,ord_073862,prd_00384,unsatisfied,2025-11-18 10:58:28,approved
ret_002894,ord_073871,prd_00133,delayed_delivery,2025-11-28 11:37:00,approved
ret_002895,ord_073895,prd_02196,unsatisfied,2025-11-12 12:56:28,rejected
ret_002896,ord_073899,prd_00016,wrong_item,2025-11-10 13:29:13,approved
ret_002897,ord_073915,prd_00072,unsatisfied,2025-11-08 14:20:09,approved
ret_002898,ord_073919,prd_00147,defective,2025-11-14 14:34:47,approved
ret_002899,ord_073920,prd_00008,defective,2025-11-09 14:43:33,approved
ret_002900,ord_073920,prd_01866,wrong_item,2025-12-02 14:43:33,approved
ret_002901,ord_073927,prd_01576,wrong_item,2025-12-01 15:26:47,approved
ret_002902,ord_073932,prd_00214,defective,2025-11-23 16:00:31,approved
ret_002903,ord_073939,prd_00007,delayed_delivery,2025-11-17 16:30:17,approved
ret_002904,ord_073977,prd_00010,wrong_item,2025-11-21 19:29:03,approved
ret_002905,ord_074015,prd_00001,wrong_item,2025-11-14 22:22:41,rejected
ret_002906,ord_074019,prd_00003,wrong_item,2025-12-03 22:52:27,approved
ret_002907,ord_074022,prd_00002,wrong_item,2025-11-08 22:58:55,approved
ret_002908,ord_074030,prd_00530,defective,2025-11-29 23:24:12,approved
ret_002909,ord_074047,prd_01516,unsatisfied,2025-11-14 00:33:28,approved
ret_002910,ord_074059,prd_00269,unsatisfied,2025-11-25 01:25:41,approved
ret_002911,ord_074101,prd_00002,wrong_item,2025-11-24 03:49:32,approved
ret_002912,ord_074119,prd_01119,defective,2025-11-30 05:10:51,approved
ret_002913,ord_074142,prd_01263,defective,2025-11-25 07:08:38,approved
ret_002914,ord_074147,prd_00147,unsatisfied,2025-12-04 07:40:11,approved
ret_002915,ord_074164,prd_00006,defective,2025-11-29 09:06:46,approved
ret_002916,ord_074191,prd_00002,defective,2025-11-11 10:33:01,approved
ret_002917,ord_074202,prd_00054,unsatisfied,2025-11-24 11:40:37,approved
ret_002918,ord_074231,prd_00013,defective,2025-11-22 13:44:13,rejected
ret_002919,ord_074238,prd_02461,defective,2025-11-27 14:37:27,approved
ret_002920,ord_074256,prd_00007,wrong_item,2025-11-12 15:37:30,rejected
ret_002921,ord_074291,prd_00298,wrong_item,2025-11-17 18:04:51,approved
ret_002922,ord_074305,prd_00008,defective,2025-11-30 18:56:08,approved
ret_002923,ord_074313,prd_00004,wrong_item,2025-11-29 19:23:34,rejected
ret_002924,ord_074321,prd_00227,unsatisfied,2025-11-27 20:00:05,pending
ret_002925,ord_074358,prd_00002,wrong_item,2025-11-15 23:31:24,approved
ret_002926,ord_074367,prd_00150,unsatisfied,2025-11-30 00:21:27,pending
ret_002927,ord_074374,prd_01459,defective,2025-11-10 01:13:51,approved
ret_002928,ord_074380,prd_00022,defective,2025-12-05 01:37:45,rejected
ret_002929,ord_074402,prd_01140,defective,2025-11-17 03:38:36,approved
ret_002930,ord_074421,prd_00355,defective,2025-11-11 05:30:32,approved
ret_002931,ord_074424,prd_00003,delayed_delivery,2025-12-01 05:42:01,approved
ret_002932,ord_074480,prd_00076,wrong_item,2025-11-30 09:33:49,rejected
ret_002933,ord_074484,prd_00018,delayed_delivery,2025-11-10 09:59:31,approved
ret_002934,ord_074487,prd_00001,defective,2025-12-04 10:03:21,approved
ret_002935,ord_074492,prd_00628,unsatisfied,2025-11-12 10:17:45,approved
ret_002936,ord_074538,prd_00100,defective,2025-11-26 13:53:04,approved
ret_002937,ord_074546,prd_00041,delayed_delivery,2025-11-22 14:33:04,approved
ret_002938,ord_074571,prd_00051,unsatisfied,2025-11-28 16:51:24,approved
ret_002939,ord_074597,prd_00001,unsatisfied,2025-11-16 18:13:53,approved
ret_002940,ord_074607,prd_00014,defective,2025-12-01 19:03:22,rejected
ret_002941,ord_074660,prd_00182,delayed_delivery,2025-11-11 23:16:00,approved
ret_002942,ord_074664,prd_00029,defective,2025-11-12 23:29:22,approved
ret_002943,ord_074680,prd_00001,delayed_delivery,2025-12-02 00:39:13,rejected
ret_002944,ord_074699,prd_00851,wrong_item,2025-12-05 02:05:38,rejected
ret_002945,ord_074747,prd_00001,wrong_item,2025-11-13 07:32:31,approved
ret_002946,ord_074766,prd_00011,defective,2025-11-16 09:50:52,approved
ret_002947,ord_074822,prd_00042,defective,2025-11-17 15:27:18,approved
ret_002948,ord_074836,prd_00001,unsatisfied,2025-11-13 17:05:01,approved
ret_002949,ord_074859,prd_00654,unsatisfied,2025-12-01 19:47:41,approved
ret_002950,ord_074864,prd_01933,wrong_item,2025-11-26 20:16:54,approved
ret_002951,ord_074908,prd_00005,unsatisfied,2025-11-21 00:21:10,approved
ret_002952,ord_074936,prd_00011,wrong_item,2025-12-03 04:02:18,rejected
ret_002953,ord_074939,prd_00024,unsatisfied,2025-12-04 04:10:28,approved
ret_002954,ord_074957,prd_00154,defective,2025-11-27 05:23:24,rejected
ret_002955,ord_074972,prd_00001,defective,2025-12-02 06:35:11,approved
ret_002956,ord_075004,prd_00001,wrong_item,2025-11-27 09:56:05,approved
ret_002957,ord_075024,prd_00052,unsatisfied,2025-11-27 11:27:53,approved
ret_002958,ord_075046,prd_00444,unsatisfied,2025-11-30 14:21:40,approved
ret_002959,ord_075060,prd_00001,defective,2025-12-03 15:35:21,approved
ret_002960,ord_075087,prd_00062,defective,2025-11-30 18:11:52,approved
ret_002961,ord_075119,prd_02209,defective,2025-11-15 21:11:50,approved
ret_002962,ord_075139,prd_00016,unsatisfied,2025-12-07 23:24:24,approved
ret_002963,ord_075169,prd_00001,defective,2025-12-03 02:02:38,rejected
ret_002964,ord_075196,prd_00005,defective,2025-11-27 04:16:19,approved
ret_002965,ord_075200,prd_00391,wrong_item,2025-11-29 04:37:27,pending
ret_002966,ord_075233,prd_00656,defective,2025-11-22 09:05:49,approved
ret_002967,ord_075277,prd_00002,defective,2025-12-03 13:38:19,approved
ret_002968,ord_075290,prd_00684,defective,2025-12-03 14:33:39,approved
ret_002969,ord_075292,prd_01929,delayed_delivery,2025-11-26 14:41:00,approved
ret_002970,ord_075306,prd_00064,unsatisfied,2025-11-22 15:53:50,approved
ret_002971,ord_075310,prd_00001,delayed_delivery,2025-12-04 16:11:19,approved
ret_002972,ord_075327,prd_00001,wrong_item,2025-11-13 17:19:40,approved
ret_002973,ord_075361,prd_01042,defective,2025-11-26 21:12:32,approved
ret_002974,ord_075429,prd_00250,defective,2025-12-04 03:42:48,approved
ret_002975,ord_075437,prd_00007,defective,2025-11-26 04:14:58,approved
ret_002976,ord_075442,prd_00396,unsatisfied,2025-11-15 04:32:03,approved
ret_002977,ord_075452,prd_00309,defective,2025-12-04 05:26:40,approved
ret_002978,ord_075510,prd_00010,unsatisfied,2025-12-06 11:54:36,approved
ret_002979,ord_075542,prd_00011,unsatisfied,2025-12-08 14:58:42,approved
ret_002980,ord_075555,prd_00001,wrong_item,2025-11-16 16:31:34,approved
ret_002981,ord_075575,prd_01824,wrong_item,2025-12-06 18:10:31,approved
ret_002982,ord_075576,prd_00316,defective,2025-11-30 18:13:13,rejected
ret_002983,ord_075597,prd_00201,defective,2025-11-19 20:35:53,approved
ret_002984,ord_075608,prd_01113,defective,2025-11-29 21:34:07,approved
ret_002985,ord_075645,prd_00288,wrong_item,2025-11-23 00:29:07,approved
ret_002986,ord_075710,prd_01939,unsatisfied,2025-12-01 05:10:37,approved
ret_002987,ord_075728,prd_00001,defective,2025-11-20 05:42:13,approved
ret_002988,ord_075737,prd_00180,defective,2025-11-16 06:25:32,approved
ret_002989,ord_075762,prd_00086,defective,2025-11-17 08:20:48,approved
ret_002990,ord_075769,prd_00024,defective,2025-12-07 08:52:50,approved
ret_002991,ord_075772,prd_00564,defective,2025-12-03 09:16:48,approved
ret_002992,ord_075777,prd_00042,unsatisfied,2025-12-01 09:23:59,approved
ret_002993,ord_075778,prd_00299,defective,2025-11-21 09:24:23,rejected
ret_002994,ord_075783,prd_00001,unsatisfied,2025-12-10 10:00:04,approved
ret_002995,ord_075873,prd_00177,wrong_item,2025-12-07 16:00:53,approved
ret_002996,ord_075880,prd_00052,wrong_item,2025-11-26 16:24:14,approved
ret_002997,ord_075943,prd_00079,unsatisfied,2025-11-19 21:24:41,approved
ret_002998,ord_075947,prd_02110,unsatisfied,2025-11-22 21:38:13,approved
ret_002999,ord_075947,prd_00005,wrong_item,2025-11-24 21:38:13,pending
ret_003000,ord_076051,prd_00005,wrong_item,2025-11-30 04:56:54,approved
ret_003001,ord_076056,prd_00838,wrong_item,2025-11-20 05:19:28,pending
ret_003002,ord_076071,prd_00010,wrong_item,2025-11-29 06:20:45,approved
ret_003003,ord_076084,prd_00105,defective,2025-12-09 07:17:04,approved
ret_003004,ord_076099,prd_00016,unsatisfied,2025-11-22 08:25:23,approved
ret_003005,ord_076113,prd_00876,defective,2025-11-17 09:17:28,approved
ret_003006,ord_076120,prd_00002,defective,2025-12-02 09:45:36,pending
ret_003007,ord_076143,prd_00381,defective,2025-11-26 11:25:43,approved
ret_003008,ord_076165,prd_00033,unsatisfied,2025-11-16 13:14:23,approved
ret_003009,ord_076217,prd_00045,defective,2025-11-22 16:24:02,approved
ret_003010,ord_076223,prd_00009,defective,2025-11-22 16:41:22,approved
ret_003011,ord_076227,prd_00482,unsatisfied,2025-11-21 16:57:30,approved
ret_003012,ord_076277,prd_00095,defective,2025-11-28 20:11:28,approved
ret_003013,ord_076297,prd_01035,unsatisfied,2025-12-05 21:38:41,approved
ret_003014,ord_076303,prd_00001,delayed_delivery,2025-12-02 22:13:39,approved
ret_003015,ord_076403,prd_00240,wrong_item,2025-11-20 05:53:56,approved
ret_003016,ord_076470,prd_00001,wrong_item,2025-12-03 10:20:53,approved
ret_003017,ord_076470,prd_00003,wrong_item,2025-12-03 10:20:53,approved
ret_003018,ord_076470,prd_00016,delayed_delivery,2025-11-24 10:20:53,pending
ret_003019,ord_076472,prd_01391,defective,2025-11-22 10:24:53,approved
ret_003020,ord_076479,prd_00051,defective,2025-12-05 11:02:06,approved
ret_003021,ord_076481,prd_00007,unsatisfied,2025-11-17 11:12:52,approved
ret_003022,ord_076491,prd_00016,wrong_item,2025-12-04 11:40:27,approved
ret_003023,ord_076514,prd_00002,unsatisfied,2025-12-03 13:39:26,approved
ret_003024,ord_076529,prd_00431,defective,2025-11-26 14:39:16,approved
ret_003025,ord_076541,prd_00001,defective,2025-11-23 15:08:37,approved
ret_003026,ord_076595,prd_01170,defective,2025-11-21 18:38:54,approved
ret_003027,ord_076639,prd_00232,unsatisfied,2025-11-29 23:34:30,approved
ret_003028,ord_076640,prd_00028,unsatisfied,2025-11-30 23:39:20,approved
ret_003029,ord_076645,prd_00002,unsatisfied,2025-11-20 23:54:02,approved
ret_003030,ord_076674,prd_00019,wrong_item,2025-11-28 03:36:36,approved
ret_003031,ord_076703,prd_00410,wrong_item,2025-11-25 06:26:13,rejected
ret_003032,ord_076723,prd_00014,defective,2025-12-06 08:51:23,approved
ret_003033,ord_076798,prd_00002,wrong_item,2025-11-21 16:27:14,approved
ret_003034,ord_076808,prd_01821,unsatisfied,2025-11-28 17:01:07,approved
ret_003035,ord_076808,prd_00022,unsatisfied,2025-11-21 17:01:07,approved
ret_003036,ord_076822,prd_00007,defective,2025-11-30 17:38:49,pending
ret_003037,ord_076833,prd_02385,delayed_delivery,2025-11-25 18:19:57,approved
ret_003038,ord_076863,prd_00089,unsatisfied,2025-12-10 21:16:41,approved
ret_003039,ord_076867,prd_00002,wrong_item,2025-11-24 21:48:44,approved
ret_003040,ord_076901,prd_00001,defective,2025-12-03 00:39:35,pending
ret_003041,ord_076923,prd_00001,unsatisfied,2025-12-14 03:16:14,approved
ret_003042,ord_076923,prd_00001,delayed_delivery,2025-12-10 03:16:14,approved
ret_003043,ord_076971,prd_00006,defective,2025-11-29 07:53:45,approved
ret_003044,ord_076986,prd_00037,delayed_delivery,2025-11-24 09:42:11,approved
ret_003045,ord_077033,prd_00029,unsatisfied,2025-12-14 14:16:16,approved
ret_003046,ord_077045,prd_00005,unsatisfied,2025-12-12 15:41:08,approved
ret_003047,ord_077066,prd_00001,wrong_item,2025-11-24 17:19:52,approved
ret_003048,ord_077067,prd_01693,unsatisfied,2025-12-01 17:21:27,approved
ret_003049,ord_077072,prd_00001,unsatisfied,2025-12-05 18:03:17,approved
ret_003050,ord_077094,prd_00010,defective,2025-12-12 20:12:28,approved
ret_003051,ord_077145,prd_00001,defective,2025-12-10 00:08:08,approved
ret_003052,ord_077166,prd_00713,wrong_item,2025-12-05 02:16:19,approved
ret_003053,ord_077201,prd_00002,defective,2025-12-01 05:05:42,approved
ret_003054,ord_077229,prd_00007,defective,2025-12-11 08:01:51,approved
ret_003055,ord_077295,prd_00098,unsatisfied,2025-12-15 13:23:54,approved
ret_003056,ord_077322,prd_00008,unsatisfied,2025-11-28 15:57:25,approved
ret_003057,ord_077347,prd_00001,unsatisfied,2025-12-09 17:53:35,pending
ret_003058,ord_077373,prd_00002,defective,2025-11-24 20:47:25,approved
ret_003059,ord_077377,prd_00006,delayed_delivery,2025-12-05 21:23:30,rejected
ret_003060,ord_077382,prd_00890,defective,2025-11-23 21:45:47,approved
ret_003061,ord_077415,prd_00086,wrong_item,2025-11-21 01:01:07,pending
ret_003062,ord_077417,prd_01134,unsatisfied,2025-12-06 01:06:02,approved
ret_003063,ord_077434,prd_00203,defective,2025-12-03 02:56:01,approved
ret_003064,ord_077459,prd_00005,wrong_item,2025-11-25 05:31:51,pending
ret_003065,ord_077499,prd_00024,unsatisfied,2025-12-14 09:38:32,approved
ret_003066,ord_077532,prd_00827,unsatisfied,2025-12-10 12:55:15,approved
ret_003067,ord_077548,prd_00007,defective,2025-12-07 14:59:14,approved
ret_003068,ord_077576,prd_00001,unsatisfied,2025-12-14 17:08:24,approved
ret_003069,ord_077587,prd_00482,defective,2025-12-06 18:21:13,approved
ret_003070,ord_077605,prd_00151,defective,2025-12-05 20:01:27,approved
ret_003071,ord_077627,prd_00155,defective,2025-12-12 21:33:09,approved
ret_003072,ord_077723,prd_00117,defective,2025-12-07 05:00:01,approved
ret_003073,ord_077739,prd_00004,defective,2025-12-16 05:47:38,rejected
ret_003074,ord_077775,prd_01043,wrong_item,2025-12-07 07:54:08,rejected
ret_003075,ord_077778,prd_00202,unsatisfied,2025-11-28 08:00:32,rejected
ret_003076,ord_077779,prd_00002,defective,2025-11-24 08:02:30,approved
ret_003077,ord_077783,prd_00048,unsatisfied,2025-12-10 08:28:33,approved
ret_003078,ord_077784,prd_00040,delayed_delivery,2025-12-01 08:29:20,approved
ret_003079,ord_077817,prd_00103,wrong_item,2025-12-08 10:41:24,approved
ret_003080,ord_077819,prd_00004,wrong_item,2025-11-25 10:48:44,rejected
ret_003081,ord_077846,prd_00089,wrong_item,2025-12-14 12:45:07,approved
ret_003082,ord_077849,prd_01741,unsatisfied,2025-12-13 12:57:42,approved
ret_003083,ord_077851,prd_02356,unsatisfied,2025-11-29 13:12:44,approved
ret_003084,ord_077864,prd_00001,unsatisfied,2025-12-16 14:13:18,approved
ret_003085,ord_077868,prd_01980,defective,2025-11-26 14:19:38,rejected
ret_003086,ord_077903,prd_00924,defective,2025-11-25 16:27:26,approved
ret_003087,ord_077927,prd_00001,unsatisfied,2025-12-15 18:28:09,approved
ret_003088,ord_077948,prd_00721,defective,2025-12-14 19:59:48,approved
ret_003089,ord_077981,prd_00006,unsatisfied,2025-12-01 22:26:13,approved
ret_003090,ord_077983,prd_00002,delayed_delivery,2025-11-25 22:36:36,approved
ret_003091,ord_077984,prd_01357,defective,2025-12-07 22:37:02,approved
ret_003092,ord_077984,prd_01407,defective,2025-11-25 22:37:02,approved
ret_003093,ord_078005,prd_00288,delayed_delivery,2025-12-13 23:40:41,pending
ret_003094,ord_078014,prd_00323,wrong_item,2025-11-24 00:16:24,approved
ret_003095,ord_078087,prd_00438,defective,2025-12-06 05:03:51,approved
ret_003096,ord_078103,prd_00726,defective,2025-11-25 06:10:17,approved
ret_003097,ord_078120,prd_00848,unsatisfied,2025-11-23 07:13:04,approved
ret_003098,ord_078149,prd_00700,wrong_item,2025-12-18 09:36:02,rejected
ret_003099,ord_078194,prd_00006,unsatisfied,2025-12-05 12:38:14,approved
ret_003100,ord_078205,prd_00518,defective,2025-11-23 13:12:20,rejected
ret_003101,ord_078234,prd_00197,unsatisfied,2025-12-17 15:25:40,approved
ret_003102,ord_078236,prd_00022,wrong_item,2025-12-05 15:31:02,rejected
ret_003103,ord_078279,prd_00314,wrong_item,2025-12-14 18:27:22,approved
ret_003104,ord_078284,prd_00330,defective,2025-11-28 18:48:44,approved
ret_003105,ord_078301,prd_00016,defective,2025-11-26 20:01:24,approved
ret_003106,ord_078347,prd_00012,wrong_item,2025-12-12 22:10:18,approved
ret_003107,ord_078347,prd_00684,unsatisfied,2025-11-28 22:10:18,approved
ret_003108,ord_078409,prd_00247,defective,2025-12-18 02:29:34,approved
ret_003109,ord_078428,prd_00001,wrong_item,2025-12-13 04:06:07,approved
ret_003110,ord_078472,prd_00007,wrong_item,2025-11-29 07:11:17,approved
ret_003111,ord_078494,prd_02069,defective,2025-11-27 08:27:02,approved
ret_003112,ord_078535,prd_00001,wrong_item,2025-12-19 10:48:31,approved
ret_003113,ord_078613,prd_00073,defective,2025-12-05 15:35:16,approved
ret_003114,ord_078649,prd_00301,delayed_delivery,2025-12-05 18:02:39,rejected
ret_003115,ord_078670,prd_00001,delayed_delivery,2025-12-18 19:24:03,approved
ret_003116,ord_078672,prd_00001,delayed_delivery,2025-11-29 19:30:16,approved
ret_003117,ord_078699,prd_01033,defective,2025-12-11 21:15:38,approved
ret_003118,ord_078738,prd_00008,wrong_item,2025-12-05 23:11:03,approved
ret_003119,ord_078812,prd_00305,wrong_item,2025-11-29 06:37:20,approved
ret_003120,ord_078814,prd_01263,defective,2025-12-19 06:46:30,rejected
ret_003121,ord_078829,prd_01046,defective,2025-11-29 07:51:30,approved
ret_003122,ord_078834,prd_00007,unsatisfied,2025-12-13 08:15:56,approved
ret_003123,ord_078850,prd_00558,delayed_delivery,2025-12-07 09:49:52,approved
ret_003124,ord_078888,prd_00391,defective,2025-12-13 12:52:03,approved
ret_003125,ord_078890,prd_00021,delayed_delivery,2025-12-19 13:08:12,approved
ret_003126,ord_078893,prd_00006,unsatisfied,2025-12-19 13:15:31,approved
ret_003127,ord_078970,prd_00017,defective,2025-11-27 20:02:11,pending
ret_003128,ord_078981,prd_00007,wrong_item,2025-11-25 20:59:31,approved
ret_003129,ord_078999,prd_00001,defective,2025-12-09 22:43:06,rejected
ret_003130,ord_079014,prd_00343,delayed_delivery,2025-12-21 00:27:21,approved
ret_003131,ord_079027,prd_00117,defective,2025-11-26 02:00:29,approved
ret_003132,ord_079043,prd_00003,unsatisfied,2025-12-19 04:26:07,rejected
ret_003133,ord_079055,prd_00904,defective,2025-12-12 05:29:22,approved
ret_003134,ord_079104,prd_00141,wrong_item,2025-12-12 10:27:43,approved
ret_003135,ord_079147,prd_00005,defective,2025-12-05 16:03:37,approved
ret_003136,ord_079172,prd_00007,wrong_item,2025-12-20 18:30:51,approved
ret_003137,ord_079221,prd_00064,delayed_delivery,2025-12-18 23:34:02,rejected
ret_003138,ord_079254,prd_00280,delayed_delivery,2025-12-04 03:16:43,approved
ret_003139,ord_079278,prd_00022,wrong_item,2025-12-21 05:56:15,approved
ret_003140,ord_079359,prd_00001,defective,2025-12-08 14:29:11,approved
ret_003141,ord_079394,prd_00057,wrong_item,2025-12-08 18:04:01,approved
ret_003142,ord_079407,prd_00770,unsatisfied,2025-12-21 19:34:48,approved
ret_003143,ord_079455,prd_00001,defective,2025-12-02 00:03:00,approved
ret_003144,ord_079474,prd_00086,delayed_delivery,2025-12-18 01:26:17,rejected
ret_003145,ord_079490,prd_00001,wrong_item,2025-12-05 03:12:44,approved
ret_003146,ord_079520,prd_00706,unsatisfied,2025-12-19 05:41:16,approved
ret_003147,ord_079534,prd_00033,wrong_item,2025-12-11 07:00:19,approved
ret_003148,ord_079536,prd_00138,defective,2025-12-15 07:09:32,approved
ret_003149,ord_079569,prd_00412,defective,2025-12-19 11:56:50,pending
ret_003150,ord_079584,prd_00004,wrong_item,2025-12-03 13:39:59,approved
ret_003151,ord_079589,prd_00020,wrong_item,2025-12-07 14:01:36,rejected
ret_003152,ord_079599,prd_00006,defective,2025-11-30 14:57:40,approved
ret_003153,ord_079619,prd_00029,delayed_delivery,2025-11-30 16:07:14,rejected
ret_003154,ord_079629,prd_00011,defective,2025-12-05 17:34:44,approved
ret_003155,ord_079640,prd_02183,defective,2025-11-29 19:16:46,approved
ret_003156,ord_079667,prd_00317,wrong_item,2025-12-19 21:32:26,approved
ret_003157,ord_079667,prd_00002,defective,2025-12-05 21:32:26,rejected
ret_003158,ord_079675,prd_02084,unsatisfied,2025-12-02 22:08:28,approved
ret_003159,ord_079801,prd_00002,delayed_delivery,2025-12-24 07:12:11,approved
ret_003160,ord_079825,prd_00019,defective,2025-12-15 08:21:38,approved
ret_003161,ord_079853,prd_00385,defective,2025-12-14 10:27:32,approved
ret_003162,ord_079905,prd_00013,unsatisfied,2025-12-03 14:01:05,approved
ret_003163,ord_079910,prd_00001,defective,2025-12-05 14:41:12,approved
ret_003164,ord_079922,prd_00367,unsatisfied,2025-12-24 15:55:25,approved
ret_003165,ord_079944,prd_00004,defective,2025-12-18 18:11:33,approved
ret_003166,ord_079957,prd_00038,unsatisfied,2025-12-17 18:52:36,rejected
ret_003167,ord_079977,prd_00784,wrong_item,2025-12-12 19:56:21,approved
ret_003168,ord_079977,prd_00139,wrong_item,2025-12-12 19:56:21,approved
ret_003169,ord_079996,prd_00001,wrong_item,2025-12-12 20:52:29,rejected
ret_003170,ord_080007,prd_00088,wrong_item,2025-12-07 21:53:55,approved
ret_003171,ord_080010,prd_00881,unsatisfied,2025-12-05 22:13:43,approved
ret_003172,ord_080064,prd_01205,wrong_item,2025-12-12 01:19:55,pending
ret_003173,ord_080083,prd_00053,defective,2025-12-16 01:54:14,approved
ret_003174,ord_080100,prd_00011,defective,2025-12-24 03:21:41,approved
ret_003175,ord_080109,prd_00766,unsatisfied,2025-12-19 03:45:11,approved
ret_003176,ord_080150,prd_00015,wrong_item,2025-12-09 05:57:25,pending
ret_003177,ord_080159,prd_00169,defective,2025-12-03 06:46:50,approved
ret_003178,ord_080171,prd_00806,delayed_delivery,2025-12-20 07:52:58,rejected
ret_003179,ord_080176,prd_00002,wrong_item,2025-12-13 08:03:56,approved
ret_003180,ord_080190,prd_00011,unsatisfied,2025-12-06 08:57:44,approved
ret_003181,ord_080250,prd_00053,unsatisfied,2025-12-12 13:57:49,pending
ret_003182,ord_080254,prd_01720,wrong_item,2025-12-16 14:00:44,approved
ret_003183,ord_080347,prd_00004,defective,2025-12-07 20:55:51,approved
ret_003184,ord_080355,prd_00050,unsatisfied,2025-12-21 21:25:03,rejected
ret_003185,ord_080357,prd_00001,wrong_item,2025-12-20 21:27:37,pending
ret_003186,ord_080431,prd_00001,unsatisfied,2025-12-10 02:32:30,approved
ret_003187,ord_080449,prd_00002,unsatisfied,2025-12-19 04:07:36,pending
ret_003188,ord_080495,prd_00024,defective,2025-12-02 06:53:39,approved
ret_003189,ord_080539,prd_00876,unsatisfied,2025-12-09 10:24:07,approved
ret_003190,ord_080549,prd_00040,unsatisfied,2025-12-06 10:55:32,approved
ret_003191,ord_080605,prd_01434,defective,2025-12-15 15:18:57,rejected
ret_003192,ord_080638,prd_00360,wrong_item,2025-12-03 17:41:52,approved
ret_003193,ord_080646,prd_01430,defective,2025-12-21 17:49:50,approved
ret_003194,ord_080649,prd_00037,defective,2025-12-07 18:01:58,approved
ret_003195,ord_080664,prd_00003,wrong_item,2025-12-23 18:52:53,approved
ret_003196,ord_080672,prd_00002,wrong_item,2025-12-07 19:41:13,approved
ret_003197,ord_080731,prd_00064,defective,2025-12-24 23:56:07,rejected
ret_003198,ord_080736,prd_00133,defective,2025-12-04 00:41:14,approved
ret_003199,ord_080746,prd_00001,defective,2025-12-24 01:27:51,approved
ret_003200,ord_080765,prd_00695,defective,2025-12-12 03:35:14,approved
ret_003201,ord_080800,prd_00002,delayed_delivery,2025-12-15 07:19:32,approved
ret_003202,ord_080817,prd_00010,delayed_delivery,2025-12-09 09:09:16,approved
ret_003203,ord_080830,prd_00001,unsatisfied,2025-12-16 10:52:56,approved
ret_003204,ord_080973,prd_00002,defective,2025-12-06 02:06:18,approved
ret_003205,ord_081015,prd_00025,wrong_item,2025-12-06 05:59:10,rejected
ret_003206,ord_081018,prd_00002,unsatisfied,2025-12-14 06:08:03,approved
ret_003207,ord_081024,prd_00072,delayed_delivery,2025-12-07 06:35:23,approved
ret_003208,ord_081025,prd_00051,unsatisfied,2025-12-18 06:39:41,approved
ret_003209,ord_081025,prd_01129,unsatisfied,2025-12-22 06:39:41,approved
ret_003210,ord_081035,prd_00005,unsatisfied,2025-12-03 07:54:16,approved
ret_003211,ord_081044,prd_00197,delayed_delivery,2025-12-28 08:45:00,approved
ret_003212,ord_081061,prd_00117,unsatisfied,2025-12-09 10:34:27,approved
ret_003213,ord_081155,prd_00577,delayed_delivery,2025-12-21 20:29:34,approved
ret_003214,ord_081178,prd_00215,wrong_item,2025-12-25 22:51:24,approved
ret_003215,ord_081211,prd_00002,wrong_item,2025-12-16 02:46:46,approved
ret_003216,ord_081296,prd_01845,defective,2025-12-27 11:57:32,approved
ret_003217,ord_081298,prd_00170,defective,2025-12-24 12:23:02,approved
ret_003218,ord_081314,prd_00268,defective,2025-12-23 14:06:29,rejected
ret_003219,ord_081335,prd_00002,defective,2025-12-21 16:52:52,approved
ret_003220,ord_081351,prd_00007,unsatisfied,2025-12-05 18:00:43,approved
ret_003221,ord_081355,prd_02283,defective,2025-12-29 18:08:17,approved
ret_003222,ord_081392,prd_00012,unsatisfied,2025-12-04 22:49:20,approved
ret_003223,ord_081415,prd_00016,delayed_delivery,2025-12-12 01:21:48,approved
ret_003224,ord_081432,prd_00383,delayed_delivery,2025-12-13 02:52:02,approved
ret_003225,ord_081475,prd_00142,unsatisfied,2025-12-20 06:58:47,approved
ret_003226,ord_081496,prd_00045,wrong_item,2025-12-12 09:06:13,approved
ret_003227,ord_081496,prd_01446,unsatisfied,2025-12-23 09:06:13,approved
ret_003228,ord_081516,prd_00001,defective,2025-12-30 10:43:43,approved
ret_003229,ord_081540,prd_00342,delayed_delivery,2025-12-06 12:32:14,approved
ret_003230,ord_081540,prd_00062,delayed_delivery,2025-12-15 12:32:14,approved
ret_003231,ord_081543,prd_00041,defective,2025-12-12 12:42:20,approved
ret_003232,ord_081545,prd_00057,defective,2025-12-06 12:48:26,approved
ret_003233,ord_081570,prd_00261,wrong_item,2025-12-21 14:59:13,approved
ret_003234,ord_081692,prd_00477,defective,2025-12-23 02:40:48,rejected
ret_003235,ord_081734,prd_00015,delayed_delivery,2025-12-24 06:14:17,approved
ret_003236,ord_081746,prd_00288,wrong_item,2025-12-06 07:23:21,approved
ret_003237,ord_081747,prd_00002,delayed_delivery,2025-12-25 07:34:43,rejected
ret_003238,ord_081791,prd_00002,unsatisfied,2025-12-26 11:56:59,approved
ret_003239,ord_081835,prd_00001,unsatisfied,2025-12-18 15:40:38,approved
ret_003240,ord_081835,prd_00078,unsatisfied,2025-12-29 15:40:38,approved
ret_003241,ord_081837,prd_00001,unsatisfied,2025-12-24 15:45:22,approved
ret_003242,ord_081838,prd_00018,delayed_delivery,2025-12-11 16:14:22,approved
ret_003243,ord_081843,prd_00441,wrong_item,2025-12-09 16:27:46,approved
ret_003244,ord_081861,prd_00565,delayed_delivery,2025-12-12 17:50:33,approved
ret_003245,ord_081874,prd_00280,defective,2025-12-06 18:52:44,approved
ret_003246,ord_081877,prd_00011,wrong_item,2025-12-27 19:04:57,approved
ret_003247,ord_081878,prd_00008,unsatisfied,2025-12-12 19:11:46,approved
ret_003248,ord_081884,prd_00168,unsatisfied,2025-12-21 19:30:06,approved
ret_003249,ord_081886,prd_00014,unsatisfied,2025-12-07 19:39:31,approved
ret_003250,ord_081890,prd_00042,unsatisfied,2025-12-26 20:17:25,rejected
ret_003251,ord_081896,prd_00592,defective,2025-12-12 20:40:52,approved
ret_003252,ord_081923,prd_00152,wrong_item,2025-12-23 23:16:57,approved
ret_003253,ord_081924,prd_00001,defective,2025-12-26 23:18:02,approved
ret_003254,ord_081945,prd_02304,unsatisfied,2025-12-24 00:36:46,pending
ret_003255,ord_081976,prd_00005,wrong_item,2025-12-28 03:25:06,approved
ret_003256,ord_081989,prd_00591,unsatisfied,2025-12-16 04:50:02,approved
ret_003257,ord_082021,prd_00078,unsatisfied,2025-12-10 07:30:21,approved
ret_003258,ord_082031,prd_00534,unsatisfied,2025-12-08 07:49:54,approved
ret_003259,ord_082040,prd_00011,defective,2025-12-10 08:34:29,approved
ret_003260,ord_082082,prd_00002,wrong_item,2025-12-21 13:04:56,approved
ret_003261,ord_082096,prd_02043,defective,2025-12-21 14:06:55,approved
ret_003262,ord_082144,prd_00065,wrong_item,2025-12-24 17:07:23,approved
ret_003263,ord_082249,prd_00192,defective,2025-12-15 00:45:01,approved
ret_003264,ord_082270,prd_00002,unsatisfied,2025-12-24 02:05:48,approved
ret_003265,ord_082289,prd_00002,unsatisfied,2025-12-09 04:13:10,approved
ret_003266,ord_082309,prd_00196,wrong_item,2025-12-27 06:27:10,approved
ret_003267,ord_082310,prd_00001,delayed_delivery,2025-12-18 06:30:31,rejected
ret_003268,ord_082322,prd_00004,delayed_delivery,2025-12-27 07:03:04,approved
ret_003269,ord_082324,prd_00860,unsatisfied,2025-12-11 07:08:18,approved
ret_003270,ord_082348,prd_01510,defective,2025-12-30 09:19:06,approved
ret_003271,ord_082365,prd_00011,defective,2025-12-14 10:43:33,rejected
ret_003272,ord_082442,prd_00341,defective,2025-12-21 17:00:30,approved
ret_003273,ord_082453,prd_00028,unsatisfied,2025-12-30 17:50:14,rejected
ret_003274,ord_082482,prd_00002,wrong_item,2025-12-23 19:50:07,approved
ret_003275,ord_082516,prd_00001,defective,2025-12-26 22:31:11,approved
ret_003276,ord_082529,prd_00056,unsatisfied,2025-12-22 22:59:54,approved
ret_003277,ord_082564,prd_00053,unsatisfied,2025-12-17 03:12:29,approved
ret_003278,ord_082628,prd_00326,defective,2025-12-28 10:33:02,approved
ret_003279,ord_082653,prd_00180,defective,2025-12-24 12:29:41,approved
ret_003280,ord_082668,prd_01392,wrong_item,2025-12-24 13:45:20,approved
ret_003281,ord_082741,prd_00079,unsatisfied,2026-01-01 22:19:33,approved
ret_003282,ord_082747,prd_00010,unsatisfied,2025-12-17 23:04:53,approved
ret_003283,ord_082753,prd_00864,delayed_delivery,2025-12-29 00:04:32,approved
ret_003284,ord_082788,prd_00002,unsatisfied,2025-12-10 04:38:53,approved
ret_003285,ord_082818,prd_00046,defective,2025-12-29 07:41:46,approved
ret_003286,ord_082837,prd_00006,unsatisfied,2025-12-31 09:44:48,approved
ret_003287,ord_082876,prd_01385,defective,2025-12-24 14:05:21,approved
ret_003288,ord_082899,prd_00011,wrong_item,2025-12-27 17:40:20,approved
ret_003289,ord_083043,prd_00005,defective,2025-12-29 06:17:58,approved
ret_003290,ord_083053,prd_00026,defective,2025-12-14 06:58:59,approved
ret_003291,ord_083116,prd_00239,defective,2025-12-12 14:09:15,approved
ret_003292,ord_083117,prd_00072,defective,2026-01-01 14:10:24,approved
ret_003293,ord_083121,prd_00189,defective,2025-12-22 14:24:55,rejected
ret_003294,ord_083137,prd_00782,delayed_delivery,2025-12-29 16:39:19,approved
ret_003295,ord_083145,prd_00266,wrong_item,2025-12-13 17:14:23,approved
ret_003296,ord_083151,prd_00045,wrong_item,2026-01-02 18:32:01,approved
ret_003297,ord_083180,prd_00001,unsatisfied,2025-12-30 21:59:56,approved
ret_003298,ord_083263,prd_00067,unsatisfied,2025-12-29 08:40:49,pending
ret_003299,ord_083308,prd_00117,defective,2026-01-01 12:52:11,pending
ret_003300,ord_083321,prd_00012,defective,2025-12-27 14:01:36,approved
ret_003301,ord_083327,prd_00001,unsatisfied,2025-12-27 14:48:06,approved
ret_003302,ord_083350,prd_00311,unsatisfied,2026-01-01 17:11:06,approved
ret_003303,ord_083382,prd_01839,defective,2026-01-01 19:40:59,approved
ret_003304,ord_083389,prd_00006,defective,2025-12-12 20:23:50,approved
ret_003305,ord_083399,prd_00025,unsatisfied,2026-01-02 21:48:15,approved
ret_003306,ord_083419,prd_00264,defective,2026-01-04 00:03:05,approved
ret_003307,ord_083449,prd_00002,delayed_delivery,2025-12-30 02:04:52,approved
ret_003308,ord_083473,prd_00042,unsatisfied,2025-12-24 04:29:49,rejected
ret_003309,ord_083506,prd_00046,unsatisfied,2025-12-16 07:19:33,approved
ret_003310,ord_083520,prd_00011,unsatisfied,2025-12-14 08:17:45,approved
ret_003311,ord_083557,prd_00001,defective,2025-12-18 11:11:33,rejected
ret_003312,ord_083566,prd_00007,defective,2025-12-26 11:38:56,approved
ret_003313,ord_083583,prd_00002,unsatisfied,2025-12-30 13:27:15,approved
ret_003314,ord_083595,prd_00195,unsatisfied,2026-01-05 14:23:15,approved
ret_003315,ord_083662,prd_00037,unsatisfied,2026-01-05 19:29:00,approved
ret_003316,ord_083679,prd_00577,unsatisfied,2025-12-16 20:52:19,rejected
ret_003317,ord_083679,prd_00001,delayed_delivery,2025-12-14 20:52:19,rejected
ret_003318,ord_083692,prd_00026,wrong_item,2026-01-05 21:54:23,approved
ret_003319,ord_083707,prd_00001,unsatisfied,2026-01-03 23:03:07,rejected
ret_003320,ord_083756,prd_00040,wrong_item,2025-12-15 02:43:01,approved
ret_003321,ord_083760,prd_01896,defective,2025-12-16 03:06:45,approved
ret_003322,ord_083777,prd_00002,wrong_item,2025-12-22 04:23:45,approved
ret_003323,ord_083811,prd_00089,unsatisfied,2025-12-30 07:00:57,approved
ret_003324,ord_083813,prd_00073,wrong_item,2025-12-16 07:10:43,approved
ret_003325,ord_083830,prd_00010,delayed_delivery,2025-12-26 08:07:22,approved
ret_003326,ord_083833,prd_00145,defective,2025-12-30 08:32:08,approved
ret_003327,ord_083869,prd_00002,defective,2025-12-28 12:15:07,approved
ret_003328,ord_083877,prd_00004,delayed_delivery,2026-01-07 12:52:49,rejected
ret_003329,ord_083885,prd_02323,defective,2026-01-04 13:14:38,approved
ret_003330,ord_083974,prd_00004,wrong_item,2025-12-22 19:59:59,approved
ret_003331,ord_083982,prd_00001,wrong_item,2025-12-22 20:41:44,approved
ret_003332,ord_084027,prd_00001,unsatisfied,2025-12-22 00:02:27,approved
ret_003333,ord_084102,prd_00660,unsatisfied,2026-01-05 06:14:25,approved
ret_003334,ord_084110,prd_00004,unsatisfied,2025-12-20 07:20:46,approved
ret_003335,ord_084131,prd_00770,wrong_item,2026-01-05 09:01:31,approved
ret_003336,ord_084230,prd_00919,delayed_delivery,2025-12-26 16:14:23,pending
ret_003337,ord_084251,prd_00645,defective,2026-01-02 17:39:45,approved
ret_003338,ord_084278,prd_01096,defective,2026-01-09 19:38:26,approved
ret_003339,ord_084280,prd_00040,defective,2025-12-18 19:48:36,rejected
ret_003340,ord_084297,prd_00137,defective,2026-01-06 21:45:23,approved
ret_003341,ord_084307,prd_00066,defective,2026-01-03 22:27:15,approved
ret_003342,ord_084333,prd_01350,unsatisfied,2025-12-16 23:47:49,rejected
ret_003343,ord_084340,prd_01877,wrong_item,2026-01-08 00:47:30,approved
ret_003344,ord_084359,prd_00174,unsatisfied,2025-12-27 02:20:03,rejected
ret_003345,ord_084385,prd_00129,delayed_delivery,2025-12-19 04:56:58,approved
ret_003346,ord_084401,prd_00592,defective,2026-01-02 06:33:30,approved
ret_003347,ord_084427,prd_00023,defective,2026-01-05 09:28:51,approved
ret_003348,ord_084440,prd_00007,wrong_item,2025-12-19 11:24:11,approved
ret_003349,ord_084486,prd_00192,delayed_delivery,2026-01-09 16:12:31,approved
ret_003350,ord_084487,prd_01543,wrong_item,2025-12-17 16:20:42,approved
ret_003351,ord_084538,prd_00137,defective,2026-01-02 21:00:21,pending
ret_003352,ord_084541,prd_00164,unsatisfied,2026-01-04 21:15:32,approved
ret_003353,ord_084590,prd_00002,defective,2026-01-06 03:18:50,approved
ret_003354,ord_084638,prd_00002,delayed_delivery,2026-01-07 08:08:17,approved
ret_003355,ord_084652,prd_00014,delayed_delivery,2026-01-06 09:13:06,approved
ret_003356,ord_084750,prd_00005,defective,2026-01-11 20:14:45,approved
ret_003357,ord_084751,prd_02006,wrong_item,2025-12-25 20:14:50,pending
ret_003358,ord_084766,prd_01361,defective,2025-12-25 21:28:50,approved
ret_003359,ord_084785,prd_00001,wrong_item,2025-12-27 22:41:59,approved
ret_003360,ord_084786,prd_00001,delayed_delivery,2025-12-29 22:56:27,approved
ret_003361,ord_084819,prd_00540,wrong_item,2025-12-20 02:39:08,approved
ret_003362,ord_084825,prd_00203,delayed_delivery,2026-01-10 03:41:06,approved
ret_003363,ord_084888,prd_00374,defective,2025-12-19 09:45:01,approved
ret_003364,ord_084890,prd_00002,defective,2025-12-29 10:18:29,approved
ret_003365,ord_084899,prd_00007,delayed_delivery,2025-12-27 11:22:24,approved
ret_003366,ord_084966,prd_00001,wrong_item,2025-12-25 20:21:08,approved
